price,region_of_moscow,total_area,floor,number_of_floors,is_new,number_of_rooms,link,price_per_sqm,floor_category,is_new_label
50000000.0,ЮЗАО,162.0,6.0,15.0,0.0,4.0,https://www.cian.ru/sale/flat/168785643/,308641.98,Средний,Вторичка
8700000.0,ВАО,42.0,5.0,16.0,0.0,1.0,https://www.cian.ru/sale/flat/183733799/,207142.86,Средний,Вторичка
108206030.0,ЦАО,110.0,4.0,4.0,0.0,3.0,https://www.cian.ru/sale/flat/198782509/,983691.18,Последний,Вторичка
103501420.0,ЦАО,111.3,4.0,10.0,0.0,3.0,https://www.cian.ru/sale/flat/211521310/,929931.9,Средний,Вторичка
139000000.0,ЦАО,149.0,3.0,4.0,0.0,4.0,https://www.cian.ru/sale/flat/220126243/,932885.91,Средний,Вторичка
170000000.0,ЦАО,182.0,6.0,10.0,0.0,4.0,https://www.cian.ru/sale/flat/229252131/,934065.93,Средний,Вторичка
200000000.0,ЦАО,210.9,3.0,6.0,0.0,3.0,https://www.cian.ru/sale/flat/234469964/,948316.74,Средний,Вторичка
442233340.0,ЦАО,152.0,2.0,6.0,0.0,3.0,https://www.cian.ru/sale/flat/234479051/,2909429.87,Средний,Вторичка
46100000.0,САО,140.0,16.0,30.0,0.0,4.0,https://www.cian.ru/sale/flat/236086724/,329285.71,Средний,Вторичка
186881800.0,ЦАО,170.0,3.0,3.0,0.0,4.0,https://www.cian.ru/sale/flat/236960194/,1099304.71,Последний,Вторичка
7000000.0,ЗАО,83.7,1.0,26.0,0.0,4.0,https://www.cian.ru/sale/flat/237399267/,83632.02,Первый,Вторичка
111000000.0,ЦАО,110.0,2.0,5.0,0.0,3.0,https://www.cian.ru/sale/flat/237857545/,1009090.91,Средний,Вторичка
280322700.0,ЦАО,340.0,6.0,7.0,0.0,4.0,https://www.cian.ru/sale/flat/239000665/,824478.53,Средний,Вторичка
210000000.0,ЗАО,324.0,1.0,7.0,0.0,3.0,https://www.cian.ru/sale/flat/239000729/,648148.15,Первый,Вторичка
96914966.0,ЦАО,103.5,3.0,7.0,0.0,3.0,https://www.cian.ru/sale/flat/239124088/,936376.48,Средний,Вторичка
32000000.0,ЦАО,68.0,9.0,9.0,0.0,3.0,https://www.cian.ru/sale/flat/240713517/,470588.24,Последний,Вторичка
169783560.0,ЗАО,123.0,2.0,6.0,0.0,2.0,https://www.cian.ru/sale/flat/243609636/,1380354.15,Средний,Вторичка
150000000.0,ЗАО,194.0,11.0,22.0,0.0,4.0,https://www.cian.ru/sale/flat/245218694/,773195.88,Средний,Вторичка
199900000.0,ЗАО,186.0,2.0,19.0,0.0,3.0,https://www.cian.ru/sale/flat/245277094/,1074731.18,Средний,Вторичка
47000000.0,СВАО,128.0,14.0,58.0,0.0,3.0,https://www.cian.ru/sale/flat/246930837/,367187.5,Средний,Вторичка
135000000.0,ЗАО,150.0,8.0,53.0,0.0,3.0,https://www.cian.ru/sale/flat/247174958/,900000.0,Средний,Вторичка
12850000.0,ЮВАО,61.0,2.0,25.0,0.0,2.0,https://www.cian.ru/sale/flat/248190016/,210655.74,Средний,Вторичка
49950000.0,ЗАО,236.0,2.0,26.0,0.0,4.0,https://www.cian.ru/sale/flat/251638114/,211652.54,Средний,Вторичка
32000000.0,ЗАО,100.0,9.0,12.0,0.0,4.0,https://www.cian.ru/sale/flat/252511852/,320000.0,Средний,Вторичка
186881800.0,ЦАО,182.5,1.0,4.0,0.0,4.0,https://www.cian.ru/sale/flat/252671392/,1024009.86,Первый,Вторичка
127000000.0,ЦАО,120.1,4.0,7.0,0.0,4.0,https://www.cian.ru/sale/flat/253208123/,1057452.12,Средний,Вторичка
170000000.0,ЦАО,182.1,6.0,9.0,0.0,4.0,https://www.cian.ru/sale/flat/253645417/,933552.99,Средний,Вторичка
22500000.0,ЮВАО,108.2,3.0,7.0,0.0,4.0,https://www.cian.ru/sale/flat/253869063/,207948.24,Средний,Вторичка
24000000.0,ЮЗАО,91.0,17.0,25.0,0.0,4.0,https://www.cian.ru/sale/flat/255981916/,263736.26,Средний,Вторичка
17000000.0,ЗАО,37.5,5.0,39.0,1.0,1.0,https://www.cian.ru/sale/flat/255985339/,453333.33,Средний,Новостройка
79000000.0,ЦАО,90.7,3.0,8.0,0.0,3.0,https://www.cian.ru/sale/flat/256680882/,871003.31,Средний,Вторичка
46731480.0,ЮАО,97.8,3.0,19.0,1.0,4.0,https://www.cian.ru/sale/flat/258097986/,477826.99,Средний,Новостройка
45976295.0,ЮАО,95.0,4.0,19.0,1.0,4.0,https://www.cian.ru/sale/flat/258098112/,483961.0,Средний,Новостройка
231523500.0,ЗАО,149.37,8.0,9.0,1.0,4.0,https://www.cian.ru/sale/flat/258945661/,1550000.0,Средний,Новостройка
20500000.0,САО,61.0,11.0,17.0,1.0,2.0,https://www.cian.ru/sale/flat/259968915/,336065.57,Средний,Новостройка
30000000.0,ЮВАО,99.3,5.0,5.0,0.0,4.0,https://www.cian.ru/sale/flat/261266017/,302114.8,Последний,Вторичка
209988449.0,ЦАО,168.2,3.0,21.0,1.0,4.0,https://www.cian.ru/sale/flat/262519423/,1248445.0,Средний,Новостройка
103787040.0,ЦАО,110.6,5.0,21.0,1.0,2.0,https://www.cian.ru/sale/flat/262519758/,938400.0,Средний,Новостройка
67500000.0,ЮЗАО,113.4,14.0,18.0,0.0,4.0,https://www.cian.ru/sale/flat/263171085/,595238.1,Средний,Вторичка
9450000.0,ЮАО,37.7,1.0,16.0,0.0,1.0,https://www.cian.ru/sale/flat/263316279/,250663.13,Первый,Вторичка
57380000.0,ЗАО,190.5,7.0,14.0,0.0,4.0,https://www.cian.ru/sale/flat/263705047/,301207.35,Средний,Вторичка
98000000.0,ЗАО,136.0,4.0,24.0,0.0,3.0,https://www.cian.ru/sale/flat/263883005/,720588.24,Средний,Вторичка
37000000.0,ЮЗАО,122.4,1.0,18.0,0.0,4.0,https://www.cian.ru/sale/flat/264085166/,302287.58,Первый,Вторичка
38951100.0,ЮЗАО,76.6,2.0,32.0,1.0,2.0,https://www.cian.ru/sale/flat/264099911/,508500.0,Средний,Новостройка
55413954.0,ЮЗАО,127.9,4.0,32.0,1.0,3.0,https://www.cian.ru/sale/flat/264099928/,433260.0,Средний,Новостройка
67149075.0,ЮЗАО,172.5,23.0,32.0,1.0,3.0,https://www.cian.ru/sale/flat/264100194/,389270.0,Средний,Новостройка
67982727.0,ЮЗАО,173.9,24.0,32.0,1.0,3.0,https://www.cian.ru/sale/flat/264100201/,390930.0,Средний,Новостройка
68334564.0,ЮЗАО,174.8,26.0,32.0,1.0,3.0,https://www.cian.ru/sale/flat/264100210/,390930.0,Средний,Новостройка
51420600.0,ЮЗАО,117.6,27.0,32.0,1.0,3.0,https://www.cian.ru/sale/flat/264100213/,437250.0,Средний,Новостройка
33359634.0,ЮЗАО,78.1,28.0,32.0,1.0,2.0,https://www.cian.ru/sale/flat/264100219/,427140.0,Средний,Новостройка
68265288.0,ЮЗАО,163.8,3.0,32.0,1.0,4.0,https://www.cian.ru/sale/flat/264100269/,416760.0,Средний,Новостройка
47676600.0,ЮЗАО,121.5,3.0,32.0,1.0,3.0,https://www.cian.ru/sale/flat/264100277/,392400.0,Средний,Новостройка
69999990.0,ЮЗАО,162.3,4.0,32.0,1.0,4.0,https://www.cian.ru/sale/flat/264100282/,431300.0,Средний,Новостройка
48549600.0,ЮЗАО,122.6,5.0,32.0,1.0,3.0,https://www.cian.ru/sale/flat/264100295/,396000.0,Средний,Новостройка
30064650.0,ЮЗАО,62.7,24.0,32.0,1.0,2.0,https://www.cian.ru/sale/flat/264100619/,479500.0,Средний,Новостройка
41215500.0,ЮЗАО,64.5,23.0,32.0,1.0,2.0,https://www.cian.ru/sale/flat/264100710/,639000.0,Средний,Новостройка
51132480.0,ЮЗАО,108.7,27.0,32.0,1.0,3.0,https://www.cian.ru/sale/flat/264144805/,470400.0,Средний,Новостройка
196537110.0,ЦАО,150.8,3.0,6.0,0.0,2.0,https://www.cian.ru/sale/flat/265207233/,1303296.49,Средний,Вторичка
275650655.0,ЦАО,162.0,2.0,7.0,0.0,4.0,https://www.cian.ru/sale/flat/265312351/,1701547.25,Средний,Вторичка
9850000.0,ВАО,29.6,4.0,9.0,0.0,1.0,https://www.cian.ru/sale/flat/265719814/,332770.27,Средний,Вторичка
150000000.0,ЦАО,236.0,9.0,10.0,0.0,4.0,https://www.cian.ru/sale/flat/266228776/,635593.22,Средний,Вторичка
138315534.0,ЗАО,109.8,7.0,15.0,0.0,3.0,https://www.cian.ru/sale/flat/266266409/,1259704.32,Средний,Вторичка
46000000.0,ЦАО,63.0,5.0,14.0,0.0,1.0,https://www.cian.ru/sale/flat/266304398/,730158.73,Средний,Вторичка
161000000.0,ЦАО,169.5,14.0,17.0,0.0,3.0,https://www.cian.ru/sale/flat/266856911/,949852.51,Средний,Вторичка
175000000.0,ЗАО,190.5,2.0,12.0,0.0,4.0,https://www.cian.ru/sale/flat/266931411/,918635.17,Средний,Вторичка
110000000.0,ЦАО,163.0,2.0,7.0,0.0,4.0,https://www.cian.ru/sale/flat/266931748/,674846.63,Средний,Вторичка
458234336.0,ЦАО,306.7,19.0,21.0,1.0,4.0,https://www.cian.ru/sale/flat/267125571/,1494080.0,Средний,Новостройка
299010880.0,ЦАО,250.0,3.0,14.0,0.0,4.0,https://www.cian.ru/sale/flat/267233008/,1196043.52,Средний,Вторичка
132000000.0,ЦАО,112.7,6.0,21.0,0.0,3.0,https://www.cian.ru/sale/flat/267420074/,1171251.11,Средний,Вторичка
44500000.0,ЦАО,69.0,43.0,44.0,0.0,2.0,https://www.cian.ru/sale/flat/267439381/,644927.54,Средний,Вторичка
17800000.0,ЮВАО,85.4,2.0,14.0,0.0,4.0,https://www.cian.ru/sale/flat/267664241/,208430.91,Средний,Вторичка
289120000.0,ЗАО,222.4,3.0,6.0,1.0,3.0,https://www.cian.ru/sale/flat/267963958/,1300000.0,Средний,Новостройка
186000000.0,ЦАО,186.0,2.0,7.0,0.0,3.0,https://www.cian.ru/sale/flat/268525423/,1000000.0,Средний,Вторичка
452732374.0,ЦАО,235.3,2.0,8.0,0.0,4.0,https://www.cian.ru/sale/flat/268525437/,1924064.49,Средний,Вторичка
8150000.0,ЮАО,34.7,2.0,12.0,0.0,1.0,https://www.cian.ru/sale/flat/268804300/,234870.32,Средний,Вторичка
167500000.0,ЗАО,167.5,6.0,8.0,1.0,2.0,https://www.cian.ru/sale/flat/268870129/,1000000.0,Средний,Новостройка
216819225.0,ЦАО,181.8,14.0,21.0,1.0,3.0,https://www.cian.ru/sale/flat/269051087/,1192625.0,Средний,Новостройка
46000000.0,ЮЗАО,113.4,6.0,18.0,0.0,3.0,https://www.cian.ru/sale/flat/269129840/,405643.74,Средний,Вторичка
41194092.0,ЮАО,97.1,3.0,19.0,1.0,4.0,https://www.cian.ru/sale/flat/269373168/,424244.0,Средний,Новостройка
196225890.0,ЦАО,196.0,4.0,10.0,0.0,4.0,https://www.cian.ru/sale/flat/269485967/,1001152.5,Средний,Вторичка
67000000.0,ЗАО,180.1,28.0,30.0,0.0,4.0,https://www.cian.ru/sale/flat/269500879/,372015.55,Средний,Вторичка
329322700.0,ЦАО,204.0,8.0,22.0,0.0,3.0,https://www.cian.ru/sale/flat/269984902/,1614326.96,Средний,Вторичка
481220635.0,ЦАО,247.2,2.0,7.0,0.0,4.0,https://www.cian.ru/sale/flat/270038741/,1946685.42,Средний,Вторичка
328184010.0,ЦАО,234.3,18.0,21.0,1.0,4.0,https://www.cian.ru/sale/flat/270042550/,1400700.0,Средний,Новостройка
38593441.0,САО,86.0,43.0,43.0,1.0,3.0,https://www.cian.ru/sale/flat/270240488/,448760.94,Последний,Новостройка
38500000.0,ЮЗАО,120.3,2.0,18.0,0.0,2.0,https://www.cian.ru/sale/flat/270457452/,320033.25,Средний,Вторичка
47021400.0,СВАО,103.8,11.0,32.0,1.0,3.0,https://www.cian.ru/sale/flat/270707497/,453000.0,Средний,Новостройка
46545000.0,СВАО,107.0,2.0,32.0,1.0,3.0,https://www.cian.ru/sale/flat/270707517/,435000.0,Средний,Новостройка
45370600.0,СВАО,90.2,8.0,37.0,1.0,3.0,https://www.cian.ru/sale/flat/270707641/,503000.0,Средний,Новостройка
280322700.0,ЦАО,251.5,3.0,12.0,0.0,4.0,https://www.cian.ru/sale/flat/270772381/,1114603.18,Средний,Вторичка
25846250.0,ВАО,77.5,29.0,33.0,1.0,3.0,https://www.cian.ru/sale/flat/270786655/,333500.0,Средний,Новостройка
16328840.0,ВАО,37.4,33.0,33.0,1.0,1.0,https://www.cian.ru/sale/flat/270786818/,436600.0,Последний,Новостройка
16674020.0,ВАО,41.8,33.0,33.0,1.0,1.0,https://www.cian.ru/sale/flat/270787135/,398900.0,Последний,Новостройка
16416254.0,САО,36.4,19.0,21.0,1.0,1.0,https://www.cian.ru/sale/flat/270793531/,450995.99,Средний,Новостройка
16575818.0,САО,36.5,21.0,21.0,1.0,1.0,https://www.cian.ru/sale/flat/270793589/,454132.0,Последний,Новостройка
17881217.0,САО,42.1,32.0,32.0,1.0,1.0,https://www.cian.ru/sale/flat/270793740/,424732.0,Последний,Новостройка
14798340.0,ЗАО,34.2,33.0,33.0,1.0,1.0,https://www.cian.ru/sale/flat/270796934/,432700.0,Последний,Новостройка
21225600.0,ЗАО,53.6,21.0,21.0,1.0,2.0,https://www.cian.ru/sale/flat/270797354/,396000.0,Последний,Новостройка
30057960.0,СЗАО,46.3,21.0,24.0,1.0,2.0,https://www.cian.ru/sale/flat/270815678/,649200.0,Средний,Новостройка
440510000.0,ЦАО,248.0,20.0,21.0,1.0,4.0,https://www.cian.ru/sale/flat/270887982/,1776250.0,Средний,Новостройка
14500000.0,ЮЗАО,64.0,3.0,9.0,0.0,4.0,https://www.cian.ru/sale/flat/271286209/,226562.5,Средний,Вторичка
28335216.0,САО,53.5,23.0,27.0,1.0,2.0,https://www.cian.ru/sale/flat/271319286/,529630.21,Средний,Новостройка
135000000.0,ЦАО,160.0,4.0,8.0,0.0,4.0,https://www.cian.ru/sale/flat/271629143/,843750.0,Средний,Вторичка
15727500.0,ВАО,37.5,29.0,33.0,1.0,1.0,https://www.cian.ru/sale/flat/271786256/,419400.0,Средний,Новостройка
31520784.0,САО,74.1,33.0,43.0,1.0,2.0,https://www.cian.ru/sale/flat/272090911/,425381.7,Средний,Новостройка
569100000.0,ЦАО,227.64,11.0,15.0,0.0,4.0,https://www.cian.ru/sale/flat/272126679/,2500000.0,Средний,Вторичка
38945280.0,СЗАО,70.4,22.0,29.0,1.0,2.0,https://www.cian.ru/sale/flat/272153501/,553200.0,Средний,Новостройка
21900000.0,САО,46.5,11.0,24.0,0.0,2.0,https://www.cian.ru/sale/flat/272186797/,470967.74,Средний,Вторичка
903406350.0,ЦАО,460.1,21.0,21.0,1.0,4.0,https://www.cian.ru/sale/flat/272290927/,1963500.0,Последний,Новостройка
46939600.0,СВАО,95.6,33.0,37.0,1.0,3.0,https://www.cian.ru/sale/flat/272494182/,491000.0,Средний,Новостройка
24613169.0,ЗАО,42.23,6.0,57.0,1.0,1.0,https://www.cian.ru/sale/flat/272591258/,582836.11,Средний,Новостройка
32747909.0,ЗАО,61.15,6.0,57.0,1.0,2.0,https://www.cian.ru/sale/flat/272591263/,535534.08,Средний,Новостройка
357500000.0,ЦАО,116.8,5.0,7.0,0.0,3.0,https://www.cian.ru/sale/flat/272629978/,3060787.67,Средний,Вторичка
90000000.0,ЗАО,280.0,1.0,7.0,0.0,4.0,https://www.cian.ru/sale/flat/272816556/,321428.57,Первый,Вторичка
329423325.0,ЦАО,231.0,20.0,21.0,1.0,4.0,https://www.cian.ru/sale/flat/272819951/,1426075.0,Средний,Новостройка
173610717.0,ЦАО,126.3,9.0,15.0,1.0,2.0,https://www.cian.ru/sale/flat/272819965/,1374590.0,Средний,Новостройка
59000000.0,ЮЗАО,174.0,7.0,16.0,0.0,4.0,https://www.cian.ru/sale/flat/273384095/,339080.46,Средний,Вторичка
125000000.0,САО,135.3,37.0,41.0,0.0,4.0,https://www.cian.ru/sale/flat/273469240/,923872.88,Средний,Вторичка
31500000.0,САО,40.0,2.0,21.0,0.0,1.0,https://www.cian.ru/sale/flat/273670298/,787500.0,Средний,Вторичка
65000000.0,ЗАО,136.0,9.0,40.0,0.0,4.0,https://www.cian.ru/sale/flat/274016706/,477941.18,Средний,Вторичка
13767600.0,ЗАО,33.0,32.0,33.0,1.0,1.0,https://www.cian.ru/sale/flat/274414161/,417200.0,Средний,Новостройка
20115950.0,ЗАО,54.5,15.0,21.0,1.0,2.0,https://www.cian.ru/sale/flat/274414262/,369100.0,Средний,Новостройка
16200000.0,ЮАО,76.0,2.0,12.0,0.0,4.0,https://www.cian.ru/sale/flat/274438786/,213157.89,Средний,Вторичка
27000000.0,ЗАО,100.4,11.0,22.0,0.0,4.0,https://www.cian.ru/sale/flat/274529546/,268924.3,Средний,Вторичка
20500000.0,ЮАО,70.4,6.0,16.0,0.0,4.0,https://www.cian.ru/sale/flat/274704893/,291193.18,Средний,Вторичка
180468421.0,ЦАО,201.7,3.0,5.0,1.0,2.0,https://www.cian.ru/sale/flat/274788002/,894736.84,Средний,Новостройка
410936842.0,ЦАО,200.2,5.0,5.0,1.0,3.0,https://www.cian.ru/sale/flat/274788020/,2052631.58,Последний,Новостройка
209231579.0,ЦАО,180.7,8.0,8.0,1.0,4.0,https://www.cian.ru/sale/flat/274788985/,1157894.74,Последний,Новостройка
88184211.0,ЦАО,111.7,8.0,8.0,1.0,1.0,https://www.cian.ru/sale/flat/274788987/,789473.69,Последний,Новостройка
159263158.0,ЦАО,222.5,5.0,8.0,1.0,4.0,https://www.cian.ru/sale/flat/274789013/,715789.47,Средний,Новостройка
146084211.0,ЦАО,154.2,4.0,8.0,1.0,3.0,https://www.cian.ru/sale/flat/274789015/,947368.42,Средний,Новостройка
450000000.0,ЦАО,207.0,6.0,8.0,0.0,4.0,https://www.cian.ru/sale/flat/274970246/,2173913.04,Средний,Вторичка
28000000.0,ЗАО,68.8,4.0,5.0,0.0,4.0,https://www.cian.ru/sale/flat/274996970/,406976.74,Средний,Вторичка
46860800.0,СВАО,104.6,2.0,32.0,1.0,3.0,https://www.cian.ru/sale/flat/275155902/,448000.0,Средний,Новостройка
48553400.0,СВАО,110.6,9.0,32.0,1.0,3.0,https://www.cian.ru/sale/flat/275155915/,439000.0,Средний,Новостройка
55485000.0,СВАО,135.0,2.0,32.0,1.0,3.0,https://www.cian.ru/sale/flat/275156015/,411000.0,Средний,Новостройка
48168000.0,СВАО,111.5,11.0,32.0,1.0,3.0,https://www.cian.ru/sale/flat/275156027/,432000.0,Средний,Новостройка
180000000.0,ЗАО,220.0,16.0,18.0,0.0,4.0,https://www.cian.ru/sale/flat/275234253/,818181.82,Средний,Вторичка
297832500.0,ЗАО,192.15,9.0,14.0,1.0,4.0,https://www.cian.ru/sale/flat/275277392/,1550000.0,Средний,Новостройка
259808000.0,ЗАО,162.38,11.0,14.0,1.0,3.0,https://www.cian.ru/sale/flat/275277401/,1600000.0,Средний,Новостройка
230448000.0,ЗАО,192.04,9.0,18.0,1.0,4.0,https://www.cian.ru/sale/flat/275277425/,1200000.0,Средний,Новостройка
194856000.0,ЗАО,162.38,12.0,18.0,1.0,3.0,https://www.cian.ru/sale/flat/275277433/,1200000.0,Средний,Новостройка
299010880.0,ЦАО,155.0,3.0,6.0,0.0,4.0,https://www.cian.ru/sale/flat/275594512/,1929102.45,Средний,Вторичка
24500000.0,ЮЗАО,84.0,2.0,14.0,0.0,4.0,https://www.cian.ru/sale/flat/275763531/,291666.67,Средний,Вторичка
300000000.0,ЦАО,201.6,4.0,12.0,0.0,4.0,https://www.cian.ru/sale/flat/275789938/,1488095.24,Средний,Вторичка
940922000.0,ЦАО,303.9,12.0,12.0,0.0,3.0,https://www.cian.ru/sale/flat/275848068/,3096156.63,Последний,Вторичка
8000000.0,ЮАО,39.1,1.0,12.0,0.0,1.0,https://www.cian.ru/sale/flat/275891629/,204603.58,Первый,Вторичка
16572446.0,САО,38.6,31.0,32.0,1.0,1.0,https://www.cian.ru/sale/flat/275900440/,429337.98,Средний,Новостройка
78900000.0,ЮЗАО,212.0,3.0,23.0,0.0,4.0,https://www.cian.ru/sale/flat/275990802/,372169.81,Средний,Вторичка
69900000.0,ЦАО,74.0,3.0,6.0,0.0,3.0,https://www.cian.ru/sale/flat/276058207/,944594.59,Средний,Вторичка
52294482.0,ЮЗАО,127.8,2.0,32.0,1.0,3.0,https://www.cian.ru/sale/flat/276222596/,409190.0,Средний,Новостройка
22236690.0,ЗАО,52.5,9.0,21.0,1.0,2.0,https://www.cian.ru/sale/flat/276331298/,423556.0,Средний,Новостройка
22800000.0,СВАО,91.0,2.0,14.0,0.0,4.0,https://www.cian.ru/sale/flat/276376366/,250549.45,Средний,Вторичка
334723593.0,ЦАО,254.1,11.0,12.0,0.0,3.0,https://www.cian.ru/sale/flat/276394501/,1317290.8,Средний,Вторичка
79500000.0,ЗАО,151.0,7.0,8.0,0.0,4.0,https://www.cian.ru/sale/flat/276577049/,526490.07,Средний,Вторичка
265500000.0,ЦАО,161.6,2.0,8.0,0.0,3.0,https://www.cian.ru/sale/flat/276681309/,1642945.54,Средний,Вторичка
26566750.0,ЗАО,89.3,2.0,21.0,1.0,3.0,https://www.cian.ru/sale/flat/276703807/,297500.0,Средний,Новостройка
67593955.0,ЗАО,148.07,24.0,24.0,1.0,4.0,https://www.cian.ru/sale/flat/276788269/,456500.0,Последний,Новостройка
57558600.0,ЗАО,129.2,24.0,24.0,1.0,4.0,https://www.cian.ru/sale/flat/276788271/,445500.0,Последний,Новостройка
457135000.0,ЦАО,247.1,21.0,21.0,1.0,4.0,https://www.cian.ru/sale/flat/276810420/,1850000.0,Последний,Новостройка
79000000.0,ЗАО,145.8,36.0,48.0,0.0,4.0,https://www.cian.ru/sale/flat/277152529/,541838.13,Средний,Вторичка
50894634.0,ЦАО,60.4,2.0,7.0,0.0,2.0,https://www.cian.ru/sale/flat/277370296/,842626.39,Средний,Вторичка
230000000.0,ЦАО,170.0,4.0,5.0,0.0,4.0,https://www.cian.ru/sale/flat/277466643/,1352941.18,Средний,Вторичка
34200000.0,ЗАО,96.0,31.0,37.0,0.0,4.0,https://www.cian.ru/sale/flat/277629088/,356250.0,Средний,Вторичка
23700000.0,ЮАО,88.7,6.0,6.0,0.0,4.0,https://www.cian.ru/sale/flat/277714089/,267192.78,Последний,Вторичка
30990000.0,СЗАО,116.7,5.0,7.0,0.0,4.0,https://www.cian.ru/sale/flat/277909011/,265552.7,Средний,Вторичка
29533860.0,ВАО,84.6,19.0,33.0,1.0,3.0,https://www.cian.ru/sale/flat/277929670/,349100.0,Средний,Новостройка
15000000.0,ЮВАО,40.0,2.0,7.0,0.0,1.0,https://www.cian.ru/sale/flat/277942686/,375000.0,Средний,Вторичка
120000000.0,ЦАО,162.3,5.0,12.0,0.0,4.0,https://www.cian.ru/sale/flat/278190873/,739371.53,Средний,Вторичка
16614000.0,ЗАО,42.6,21.0,21.0,1.0,1.0,https://www.cian.ru/sale/flat/278497284/,390000.0,Последний,Новостройка
53500000.0,ЗАО,104.0,27.0,50.0,0.0,4.0,https://www.cian.ru/sale/flat/278682454/,514423.08,Средний,Вторичка
205000000.0,ЦАО,158.0,6.0,16.0,0.0,3.0,https://www.cian.ru/sale/flat/278751260/,1297468.35,Средний,Вторичка
148000000.0,ЦАО,150.0,8.0,10.0,0.0,3.0,https://www.cian.ru/sale/flat/278927183/,986666.67,Средний,Вторичка
21300000.0,ЮАО,42.0,2.0,7.0,0.0,1.0,https://www.cian.ru/sale/flat/279019946/,507142.86,Средний,Вторичка
175000000.0,ЗАО,178.7,6.0,8.0,0.0,4.0,https://www.cian.ru/sale/flat/279149346/,979294.91,Средний,Вторичка
129000000.0,ЮЗАО,175.6,24.0,48.0,0.0,4.0,https://www.cian.ru/sale/flat/279152182/,734624.15,Средний,Вторичка
26500000.0,ЦАО,65.0,2.0,12.0,0.0,2.0,https://www.cian.ru/sale/flat/279246223/,407692.31,Средний,Вторичка
11500000.0,СВАО,38.1,16.0,22.0,0.0,1.0,https://www.cian.ru/sale/flat/279367183/,301837.27,Средний,Вторичка
18865980.0,САО,46.0,32.0,32.0,1.0,1.0,https://www.cian.ru/sale/flat/279400254/,410130.0,Последний,Новостройка
205569980.0,ЦАО,163.8,2.0,10.0,0.0,4.0,https://www.cian.ru/sale/flat/279405634/,1255005.98,Средний,Вторичка
33500000.0,ЮЗАО,75.0,9.0,17.0,0.0,3.0,https://www.cian.ru/sale/flat/279440853/,446666.67,Средний,Вторичка
53006200.0,СВАО,107.3,34.0,37.0,1.0,4.0,https://www.cian.ru/sale/flat/279448978/,494000.0,Средний,Новостройка
17294726.0,ЗАО,37.2,2.0,21.0,1.0,1.0,https://www.cian.ru/sale/flat/279588141/,464911.99,Средний,Новостройка
20560106.0,ЗАО,41.0,21.0,21.0,1.0,1.0,https://www.cian.ru/sale/flat/279591937/,501466.0,Последний,Новостройка
18090016.0,ЗАО,41.5,5.0,21.0,1.0,1.0,https://www.cian.ru/sale/flat/279592032/,435904.0,Средний,Новостройка
15974666.0,ЗАО,31.8,18.0,21.0,1.0,1.0,https://www.cian.ru/sale/flat/279592040/,502347.99,Средний,Новостройка
30179923.0,ЗАО,81.6,9.0,21.0,1.0,3.0,https://www.cian.ru/sale/flat/279592142/,369852.0,Средний,Новостройка
29092985.0,ЗАО,81.2,3.0,21.0,1.0,3.0,https://www.cian.ru/sale/flat/279592143/,358287.99,Средний,Новостройка
35000000.0,ЗАО,72.5,18.0,25.0,0.0,2.0,https://www.cian.ru/sale/flat/279618463/,482758.62,Средний,Вторичка
26100000.0,ЮВАО,64.0,20.0,22.0,1.0,2.0,https://www.cian.ru/sale/flat/279714404/,407812.5,Средний,Новостройка
22106448.0,ЗАО,48.2,1.0,9.0,1.0,1.0,https://www.cian.ru/sale/flat/279900937/,458640.0,Первый,Новостройка
160000000.0,ЦАО,112.6,3.0,5.0,0.0,4.0,https://www.cian.ru/sale/flat/280068241/,1420959.15,Средний,Вторичка
27500000.0,ЮАО,89.3,2.0,16.0,0.0,4.0,https://www.cian.ru/sale/flat/280196078/,307950.73,Средний,Вторичка
235230500.0,ЗАО,191.5,29.0,53.0,0.0,3.0,https://www.cian.ru/sale/flat/280279506/,1228357.7,Средний,Вторичка
12500000.0,ЮАО,45.5,7.0,9.0,0.0,2.0,https://www.cian.ru/sale/flat/280344676/,274725.27,Средний,Вторичка
186881800.0,САО,193.7,4.0,25.0,0.0,4.0,https://www.cian.ru/sale/flat/280406607/,964800.21,Средний,Вторичка
110000000.0,ЮЗАО,132.5,14.0,20.0,0.0,3.0,https://www.cian.ru/sale/flat/280420033/,830188.68,Средний,Вторичка
150400000.0,ЦАО,178.6,3.0,5.0,1.0,2.0,https://www.cian.ru/sale/flat/280427150/,842105.26,Средний,Новостройка
172557849.0,ЦАО,148.8,12.0,17.0,1.0,3.0,https://www.cian.ru/sale/flat/280543689/,1159662.96,Средний,Новостройка
195587632.0,ЦАО,157.6,14.0,17.0,1.0,3.0,https://www.cian.ru/sale/flat/280543692/,1241038.27,Средний,Новостройка
276144397.0,ЦАО,204.1,16.0,17.0,1.0,4.0,https://www.cian.ru/sale/flat/280543693/,1352985.78,Средний,Новостройка
478932289.0,ЦАО,278.0,17.0,17.0,1.0,4.0,https://www.cian.ru/sale/flat/280543695/,1722778.02,Последний,Новостройка
201595003.0,ЦАО,157.3,15.0,17.0,1.0,3.0,https://www.cian.ru/sale/flat/280543713/,1281595.7,Средний,Новостройка
175059786.0,ЦАО,134.3,15.0,17.0,1.0,3.0,https://www.cian.ru/sale/flat/280543714/,1303498.03,Средний,Новостройка
470000000.0,ЦАО,200.0,4.0,7.0,0.0,4.0,https://www.cian.ru/sale/flat/280568651/,2350000.0,Средний,Вторичка
28800000.0,СЗАО,56.4,6.0,19.0,0.0,2.0,https://www.cian.ru/sale/flat/280701152/,510638.3,Средний,Вторичка
278500000.0,ЦАО,167.0,3.0,6.0,0.0,4.0,https://www.cian.ru/sale/flat/280742090/,1667664.67,Средний,Вторичка
205569980.0,ЦАО,168.3,2.0,11.0,0.0,4.0,https://www.cian.ru/sale/flat/280782889/,1221449.67,Средний,Вторичка
10600000.0,ВАО,40.0,6.0,9.0,0.0,2.0,https://www.cian.ru/sale/flat/280933806/,265000.0,Средний,Вторичка
30000000.0,ЮЗАО,78.0,6.0,40.0,0.0,2.0,https://www.cian.ru/sale/flat/281049996/,384615.38,Средний,Вторичка
13500000.0,ЗАО,42.0,7.0,13.0,0.0,2.0,https://www.cian.ru/sale/flat/281157343/,321428.57,Средний,Вторичка
26323740.0,ЗАО,81.7,26.0,33.0,1.0,3.0,https://www.cian.ru/sale/flat/281170272/,322200.0,Средний,Новостройка
14766700.0,ЗАО,37.0,33.0,33.0,1.0,1.0,https://www.cian.ru/sale/flat/281170310/,399100.0,Последний,Новостройка
65000000.0,ЗАО,135.0,9.0,40.0,0.0,4.0,https://www.cian.ru/sale/flat/281239665/,481481.48,Средний,Вторичка
29500000.0,СВАО,62.0,7.0,21.0,0.0,2.0,https://www.cian.ru/sale/flat/281250233/,475806.45,Средний,Вторичка
31000000.0,ЮЗАО,43.0,3.0,22.0,0.0,2.0,https://www.cian.ru/sale/flat/281277308/,720930.23,Средний,Вторичка
34000000.0,САО,95.8,6.0,7.0,0.0,4.0,https://www.cian.ru/sale/flat/281289715/,354906.05,Средний,Вторичка
400000000.0,ЦАО,270.0,11.0,13.0,0.0,4.0,https://www.cian.ru/sale/flat/281376540/,1481481.48,Средний,Вторичка
29900000.0,ЗАО,70.0,20.0,31.0,0.0,3.0,https://www.cian.ru/sale/flat/281433717/,427142.86,Средний,Вторичка
148000000.0,ЦАО,149.9,8.0,11.0,0.0,3.0,https://www.cian.ru/sale/flat/281492779/,987324.88,Средний,Вторичка
430000000.0,ЦАО,200.0,3.0,14.0,0.0,4.0,https://www.cian.ru/sale/flat/281590820/,2150000.0,Средний,Вторичка
36565705.0,САО,73.3,6.0,27.0,1.0,3.0,https://www.cian.ru/sale/flat/281670118/,498850.0,Средний,Новостройка
104900000.0,ЦАО,77.2,7.0,12.0,0.0,2.0,https://www.cian.ru/sale/flat/281705865/,1358808.29,Средний,Вторичка
21000000.0,ВАО,80.0,5.0,5.0,0.0,4.0,https://www.cian.ru/sale/flat/281861374/,262500.0,Последний,Вторичка
290000000.0,ЦАО,330.0,5.0,8.0,0.0,4.0,https://www.cian.ru/sale/flat/281889962/,878787.88,Средний,Вторичка
27780000.0,ЗАО,68.8,4.0,5.0,0.0,4.0,https://www.cian.ru/sale/flat/281954502/,403779.07,Средний,Вторичка
17450000.0,СЗАО,63.0,3.0,9.0,0.0,4.0,https://www.cian.ru/sale/flat/282065037/,276984.13,Средний,Вторичка
31448757.0,ЗАО,56.77,35.0,57.0,1.0,1.0,https://www.cian.ru/sale/flat/282209266/,553967.89,Средний,Новостройка
36318342.0,ЗАО,61.6,12.0,57.0,1.0,2.0,https://www.cian.ru/sale/flat/282209287/,589583.47,Средний,Новостройка
55172107.0,ЗАО,87.76,16.0,57.0,1.0,3.0,https://www.cian.ru/sale/flat/282209293/,628670.32,Средний,Новостройка
53361734.0,ЗАО,85.06,10.0,57.0,1.0,3.0,https://www.cian.ru/sale/flat/282209319/,627342.28,Средний,Новостройка
23298643.0,ЗАО,42.52,2.0,57.0,1.0,1.0,https://www.cian.ru/sale/flat/282209329/,547945.51,Средний,Новостройка
32253218.0,ЗАО,58.58,2.0,57.0,1.0,2.0,https://www.cian.ru/sale/flat/282209330/,550584.12,Средний,Новостройка
31935265.0,ЗАО,57.97,2.0,57.0,1.0,2.0,https://www.cian.ru/sale/flat/282209334/,550892.96,Средний,Новостройка
103501420.0,ЦАО,130.0,4.0,13.0,0.0,3.0,https://www.cian.ru/sale/flat/282406814/,796164.77,Средний,Вторичка
133200000.0,ЗАО,111.0,6.0,8.0,0.0,3.0,https://www.cian.ru/sale/flat/282550381/,1200000.0,Средний,Вторичка
70800000.0,ЗАО,59.0,6.0,8.0,0.0,2.0,https://www.cian.ru/sale/flat/282550588/,1200000.0,Средний,Вторичка
195500000.0,ЗАО,170.0,6.0,8.0,0.0,4.0,https://www.cian.ru/sale/flat/282551748/,1150000.0,Средний,Вторичка
348141140.0,ЦАО,150.0,2.0,6.0,0.0,3.0,https://www.cian.ru/sale/flat/282559741/,2320940.93,Средний,Вторичка
18500000.0,ЮАО,74.0,2.0,9.0,0.0,4.0,https://www.cian.ru/sale/flat/282638614/,250000.0,Средний,Вторичка
31800000.0,ЗАО,46.0,3.0,26.0,0.0,2.0,https://www.cian.ru/sale/flat/282641368/,691304.35,Средний,Вторичка
290000000.0,ЦАО,261.79,7.0,7.0,0.0,4.0,https://www.cian.ru/sale/flat/282977876/,1107758.13,Последний,Вторичка
85000000.0,ЦАО,153.3,3.0,8.0,0.0,4.0,https://www.cian.ru/sale/flat/283107913/,554468.36,Средний,Вторичка
468024590.0,ЦАО,305.0,5.0,6.0,0.0,4.0,https://www.cian.ru/sale/flat/283112027/,1534506.85,Средний,Вторичка
36202562.0,ЗАО,65.19,24.0,57.0,1.0,2.0,https://www.cian.ru/sale/flat/283161400/,555339.19,Средний,Новостройка
38190000.0,ЗАО,114.0,3.0,14.0,1.0,4.0,https://www.cian.ru/sale/flat/283162218/,335000.0,Средний,Новостройка
8000000.0,ВАО,32.0,4.0,9.0,0.0,1.0,https://www.cian.ru/sale/flat/283252548/,250000.0,Средний,Вторичка
462745440.0,ЦАО,245.9,2.0,8.0,0.0,3.0,https://www.cian.ru/sale/flat/283353046/,1881844.0,Средний,Вторичка
186881800.0,ЦАО,187.0,3.0,8.0,0.0,4.0,https://www.cian.ru/sale/flat/283440889/,999367.91,Средний,Вторичка
599445000.0,ЦАО,363.3,21.0,21.0,1.0,4.0,https://www.cian.ru/sale/flat/283545627/,1650000.0,Последний,Новостройка
11500000.0,ЗАО,32.0,4.0,5.0,0.0,1.0,https://www.cian.ru/sale/flat/283607568/,359375.0,Средний,Вторичка
16800000.0,САО,62.3,8.0,9.0,0.0,4.0,https://www.cian.ru/sale/flat/283635366/,269662.92,Средний,Вторичка
26000000.0,ЮВАО,103.6,4.0,8.0,0.0,4.0,https://www.cian.ru/sale/flat/283685882/,250965.25,Средний,Вторичка
8750000.0,ЮАО,39.0,1.0,17.0,0.0,1.0,https://www.cian.ru/sale/flat/283705645/,224358.97,Первый,Вторичка
34085000.0,ЮЗАО,85.0,10.0,23.0,1.0,2.0,https://www.cian.ru/sale/flat/283749013/,401000.0,Средний,Новостройка
51504000.0,ЮЗАО,139.2,19.0,23.0,1.0,4.0,https://www.cian.ru/sale/flat/283750191/,370000.0,Средний,Новостройка
55777000.0,ЮЗАО,134.7,17.0,23.0,1.0,4.0,https://www.cian.ru/sale/flat/283750509/,414083.15,Средний,Новостройка
33748162.0,ЗАО,79.9,21.0,21.0,1.0,3.0,https://www.cian.ru/sale/flat/283829227/,422380.0,Последний,Новостройка
54122479.0,ЗАО,102.15,44.0,57.0,1.0,3.0,https://www.cian.ru/sale/flat/283864398/,529833.37,Средний,Новостройка
25902163.0,ЗАО,47.07,13.0,57.0,1.0,1.0,https://www.cian.ru/sale/flat/283864415/,550290.27,Средний,Новостройка
35124125.0,ЗАО,63.52,13.0,57.0,1.0,2.0,https://www.cian.ru/sale/flat/283864418/,552961.67,Средний,Новостройка
61276548.0,ЗАО,111.28,48.0,57.0,1.0,3.0,https://www.cian.ru/sale/flat/283864447/,550651.94,Средний,Новостройка
290000000.0,ЦАО,162.0,3.0,6.0,0.0,3.0,https://www.cian.ru/sale/flat/284017557/,1790123.46,Средний,Вторичка
215000000.0,ЦАО,126.0,2.0,6.0,0.0,3.0,https://www.cian.ru/sale/flat/284047364/,1706349.21,Средний,Вторичка
82000000.0,ЗАО,66.0,3.0,12.0,0.0,2.0,https://www.cian.ru/sale/flat/284054915/,1242424.24,Средний,Вторичка
24520932.0,ЗАО,63.7,3.0,21.0,1.0,2.0,https://www.cian.ru/sale/flat/284074576/,384943.99,Средний,Новостройка
38150000.0,ЮАО,66.3,12.0,12.0,1.0,2.0,https://www.cian.ru/sale/flat/284150755/,575414.78,Последний,Новостройка
74752720.0,ЦАО,73.5,4.0,5.0,0.0,4.0,https://www.cian.ru/sale/flat/284201268/,1017043.81,Средний,Вторичка
334591864.0,ЦАО,254.0,11.0,12.0,0.0,3.0,https://www.cian.ru/sale/flat/284256512/,1317290.8,Средний,Вторичка
27400000.0,СВАО,83.3,1.0,4.0,0.0,3.0,https://www.cian.ru/sale/flat/284287955/,328931.57,Первый,Вторичка
75273760.0,ЦАО,73.7,4.0,5.0,0.0,3.0,https://www.cian.ru/sale/flat/284310333/,1021353.6,Средний,Вторичка
151200000.0,ЦАО,151.2,14.0,14.0,0.0,4.0,https://www.cian.ru/sale/flat/284342291/,1000000.0,Последний,Вторичка
146715789.0,ЦАО,121.2,8.0,8.0,1.0,2.0,https://www.cian.ru/sale/flat/284404561/,1210526.31,Последний,Новостройка
36000000.0,ВАО,85.0,2.0,12.0,0.0,4.0,https://www.cian.ru/sale/flat/284492252/,423529.41,Средний,Вторичка
128250760.0,ЦАО,116.0,66.0,67.0,1.0,3.0,https://www.cian.ru/sale/flat/284503826/,1105610.0,Средний,Новостройка
141739202.0,ЦАО,128.2,66.0,67.0,1.0,4.0,https://www.cian.ru/sale/flat/284503827/,1105610.0,Средний,Новостройка
160645133.0,ЦАО,145.3,66.0,67.0,1.0,4.0,https://www.cian.ru/sale/flat/284503829/,1105610.0,Средний,Новостройка
233164800.0,ЦАО,153.6,65.0,67.0,1.0,4.0,https://www.cian.ru/sale/flat/284503885/,1518000.0,Средний,Новостройка
236105925.0,ЦАО,162.3,65.0,67.0,1.0,4.0,https://www.cian.ru/sale/flat/284503887/,1454750.0,Средний,Новостройка
283821725.0,ЦАО,195.1,65.0,67.0,1.0,4.0,https://www.cian.ru/sale/flat/284503892/,1454750.0,Средний,Новостройка
256542000.0,ЦАО,169.0,65.0,67.0,1.0,4.0,https://www.cian.ru/sale/flat/284503899/,1518000.0,Средний,Новостройка
18300000.0,ЮАО,59.0,2.0,19.0,0.0,2.0,https://www.cian.ru/sale/flat/284528253/,310169.49,Средний,Вторичка
38000000.0,ЗАО,70.2,3.0,14.0,0.0,2.0,https://www.cian.ru/sale/flat/284538862/,541310.54,Средний,Вторичка
17041514.0,САО,38.6,32.0,32.0,1.0,1.0,https://www.cian.ru/sale/flat/284563081/,441490.0,Последний,Новостройка
16000000.0,ЮВАО,76.1,2.0,5.0,0.0,4.0,https://www.cian.ru/sale/flat/284604248/,210249.67,Средний,Вторичка
21950000.0,ВАО,97.4,5.0,5.0,0.0,4.0,https://www.cian.ru/sale/flat/284683762/,225359.34,Последний,Вторичка
20900000.0,ЮАО,39.2,2.0,29.0,0.0,1.0,https://www.cian.ru/sale/flat/284708774/,533163.27,Средний,Вторичка
180000000.0,ЦАО,329.0,16.0,18.0,0.0,4.0,https://www.cian.ru/sale/flat/284800710/,547112.46,Средний,Вторичка
35000000.0,ЗАО,45.0,5.0,14.0,0.0,2.0,https://www.cian.ru/sale/flat/284806741/,777777.78,Средний,Вторичка
41120100.0,ЮЗАО,85.4,32.0,32.0,1.0,3.0,https://www.cian.ru/sale/flat/284846985/,481500.0,Последний,Новостройка
34430052.0,ЮАО,88.63,4.0,27.0,1.0,3.0,https://www.cian.ru/sale/flat/284858630/,388469.5,Средний,Новостройка
29500415.0,ЮАО,67.61,25.0,27.0,1.0,3.0,https://www.cian.ru/sale/flat/284858639/,436332.13,Средний,Новостройка
25983419.0,ЮАО,62.97,27.0,27.0,1.0,2.0,https://www.cian.ru/sale/flat/284858665/,412631.71,Последний,Новостройка
31513160.0,ЮАО,76.67,24.0,26.0,1.0,3.0,https://www.cian.ru/sale/flat/284858721/,411023.35,Средний,Новостройка
19654093.0,ЮАО,40.66,26.0,26.0,1.0,2.0,https://www.cian.ru/sale/flat/284858726/,483376.61,Последний,Новостройка
44568912.0,ЮАО,104.99,25.0,26.0,1.0,3.0,https://www.cian.ru/sale/flat/284858743/,424506.26,Средний,Новостройка
32699793.0,ЮАО,73.87,24.0,26.0,1.0,3.0,https://www.cian.ru/sale/flat/284858753/,442666.75,Средний,Новостройка
38248472.0,ЮАО,53.57,26.0,29.0,1.0,2.0,https://www.cian.ru/sale/flat/284859215/,713990.52,Средний,Новостройка
52648461.0,ЮАО,97.43,14.0,14.0,1.0,3.0,https://www.cian.ru/sale/flat/284859237/,540372.17,Последний,Новостройка
33404761.0,СЗАО,65.6,20.0,20.0,1.0,2.0,https://www.cian.ru/sale/flat/285040949/,509218.92,Последний,Новостройка
31243224.0,СЗАО,73.8,18.0,19.0,1.0,3.0,https://www.cian.ru/sale/flat/285041180/,423349.92,Средний,Новостройка
29925769.0,СЗАО,64.7,3.0,20.0,1.0,2.0,https://www.cian.ru/sale/flat/285041283/,462531.21,Средний,Новостройка
34569705.0,СЗАО,88.7,2.0,19.0,1.0,3.0,https://www.cian.ru/sale/flat/285041395/,389737.37,Средний,Новостройка
28302558.0,СЗАО,58.39,52.0,52.0,1.0,2.0,https://www.cian.ru/sale/flat/285041610/,484715.84,Последний,Новостройка
27813044.0,СЗАО,62.09,51.0,52.0,1.0,2.0,https://www.cian.ru/sale/flat/285042234/,447947.24,Средний,Новостройка
26760111.0,СЗАО,64.08,47.0,52.0,1.0,2.0,https://www.cian.ru/sale/flat/285042238/,417604.73,Средний,Новостройка
22567636.0,ЗАО,52.1,13.0,21.0,1.0,2.0,https://www.cian.ru/sale/flat/285060532/,433160.0,Средний,Новостройка
206000000.0,ЦАО,210.0,8.0,14.0,0.0,3.0,https://www.cian.ru/sale/flat/285074040/,980952.38,Средний,Вторичка
26500000.0,СВАО,100.4,11.0,18.0,0.0,4.0,https://www.cian.ru/sale/flat/285076882/,263944.22,Средний,Вторичка
137000000.0,САО,138.2,26.0,41.0,0.0,4.0,https://www.cian.ru/sale/flat/285243200/,991316.93,Средний,Вторичка
180855975.0,ЦАО,162.8,14.0,17.0,1.0,4.0,https://www.cian.ru/sale/flat/285243986/,1110908.94,Средний,Новостройка
68144365.0,ЦАО,68.7,3.0,17.0,1.0,2.0,https://www.cian.ru/sale/flat/285243989/,991912.15,Средний,Новостройка
198555773.0,ЦАО,177.0,15.0,17.0,1.0,4.0,https://www.cian.ru/sale/flat/285243993/,1121784.03,Средний,Новостройка
186192428.0,ЦАО,162.3,15.0,17.0,1.0,4.0,https://www.cian.ru/sale/flat/285243994/,1147211.51,Средний,Новостройка
193467552.0,ЦАО,178.1,14.0,17.0,1.0,4.0,https://www.cian.ru/sale/flat/285243997/,1086286.09,Средний,Новостройка
226800000.0,ЗАО,165.0,50.0,53.0,0.0,2.0,https://www.cian.ru/sale/flat/285245614/,1374545.45,Средний,Вторичка
27500000.0,ЗАО,74.4,1.0,8.0,0.0,3.0,https://www.cian.ru/sale/flat/285287486/,369623.66,Первый,Вторичка
40799069.0,ЮАО,84.51,8.0,12.0,1.0,2.0,https://www.cian.ru/sale/flat/285359326/,482772.09,Средний,Новостройка
186880866.0,ЦАО,170.2,3.0,3.0,0.0,4.0,https://www.cian.ru/sale/flat/285498334/,1098007.44,Последний,Вторичка
182240000.0,ЦАО,113.9,6.0,12.0,0.0,3.0,https://www.cian.ru/sale/flat/285557020/,1600000.0,Средний,Вторичка
182560000.0,ЦАО,114.1,6.0,12.0,0.0,3.0,https://www.cian.ru/sale/flat/285557021/,1600000.0,Средний,Вторичка
125000000.0,ЦАО,95.5,5.0,32.0,0.0,3.0,https://www.cian.ru/sale/flat/285581103/,1308900.52,Средний,Вторичка
27450000.0,ЦАО,54.8,2.0,8.0,0.0,2.0,https://www.cian.ru/sale/flat/285582701/,500912.41,Средний,Вторичка
86000000.0,ЦАО,160.0,12.0,22.0,0.0,4.0,https://www.cian.ru/sale/flat/285604501/,537500.0,Средний,Вторичка
15800000.0,САО,43.0,4.0,8.0,0.0,2.0,https://www.cian.ru/sale/flat/285616997/,367441.86,Средний,Вторичка
155000000.0,ЗАО,227.2,18.0,18.0,0.0,4.0,https://www.cian.ru/sale/flat/285696427/,682218.31,Последний,Вторичка
100000000.0,ЗАО,152.5,6.0,18.0,0.0,3.0,https://www.cian.ru/sale/flat/285740105/,655737.7,Средний,Вторичка
60000000.0,ЗАО,200.0,9.0,21.0,0.0,4.0,https://www.cian.ru/sale/flat/285823542/,300000.0,Средний,Вторичка
69950000.0,ЦАО,101.7,7.0,9.0,0.0,3.0,https://www.cian.ru/sale/flat/285861700/,687807.28,Средний,Вторичка
299000000.0,ЦАО,210.0,5.0,14.0,0.0,4.0,https://www.cian.ru/sale/flat/285874806/,1423809.52,Средний,Вторичка
140000000.0,ЦАО,150.0,6.0,9.0,0.0,4.0,https://www.cian.ru/sale/flat/285891913/,933333.33,Средний,Вторичка
158220000.0,ЦАО,87.9,4.0,9.0,0.0,2.0,https://www.cian.ru/sale/flat/285924533/,1800000.0,Средний,Вторичка
195840000.0,ЦАО,108.8,4.0,9.0,0.0,3.0,https://www.cian.ru/sale/flat/285924764/,1800000.0,Средний,Вторичка
135540000.0,ЦАО,75.3,4.0,9.0,0.0,2.0,https://www.cian.ru/sale/flat/285925205/,1800000.0,Средний,Вторичка
25000000.0,СЗАО,43.2,4.0,20.0,0.0,1.0,https://www.cian.ru/sale/flat/285973385/,578703.7,Средний,Вторичка
190000000.0,ЦАО,169.0,4.0,18.0,0.0,3.0,https://www.cian.ru/sale/flat/286007029/,1124260.36,Средний,Вторичка
28990000.0,ЦАО,50.0,6.0,22.0,0.0,1.0,https://www.cian.ru/sale/flat/286010224/,579800.0,Средний,Вторичка
26400000.0,ЗАО,50.0,11.0,20.0,0.0,2.0,https://www.cian.ru/sale/flat/286012661/,528000.0,Средний,Вторичка
17003450.0,ЗАО,44.5,32.0,33.0,1.0,1.0,https://www.cian.ru/sale/flat/286094340/,382100.0,Средний,Новостройка
17622420.0,ЗАО,41.7,20.0,21.0,1.0,1.0,https://www.cian.ru/sale/flat/286094379/,422600.0,Средний,Новостройка
15136800.0,ВАО,35.7,33.0,33.0,1.0,1.0,https://www.cian.ru/sale/flat/286097747/,424000.0,Последний,Новостройка
13500000.0,ЗАО,37.5,2.0,12.0,0.0,2.0,https://www.cian.ru/sale/flat/286114857/,360000.0,Средний,Вторичка
75000000.0,СЗАО,140.4,17.0,19.0,0.0,4.0,https://www.cian.ru/sale/flat/286139771/,534188.03,Средний,Вторичка
18437040.0,ЗАО,52.2,22.0,33.0,1.0,2.0,https://www.cian.ru/sale/flat/286155220/,353200.0,Средний,Новостройка
45000000.0,ЗАО,101.1,6.0,27.0,0.0,3.0,https://www.cian.ru/sale/flat/286172939/,445103.86,Средний,Вторичка
232387519.0,ЦАО,165.8,7.0,11.0,0.0,4.0,https://www.cian.ru/sale/flat/286200127/,1401613.5,Средний,Вторичка
34000000.0,ЗАО,103.0,2.0,27.0,0.0,4.0,https://www.cian.ru/sale/flat/286233532/,330097.09,Средний,Вторичка
23300000.0,ЮВАО,56.1,8.0,27.0,0.0,2.0,https://www.cian.ru/sale/flat/286258865/,415329.77,Средний,Вторичка
15915910.0,ВАО,37.3,29.0,33.0,1.0,1.0,https://www.cian.ru/sale/flat/286291553/,426700.0,Средний,Новостройка
235230500.0,ЦАО,138.0,8.0,10.0,0.0,3.0,https://www.cian.ru/sale/flat/286337916/,1704568.84,Средний,Вторичка
32995000.0,ЦАО,100.7,2.0,5.0,0.0,4.0,https://www.cian.ru/sale/flat/286386336/,327656.41,Средний,Вторичка
188184400.0,ЗАО,120.0,11.0,15.0,0.0,3.0,https://www.cian.ru/sale/flat/286396664/,1568203.33,Средний,Вторичка
152000000.0,ЦАО,170.0,9.0,10.0,0.0,4.0,https://www.cian.ru/sale/flat/286439279/,894117.65,Средний,Вторичка
498688660.0,ЦАО,202.4,2.0,8.0,0.0,3.0,https://www.cian.ru/sale/flat/286463729/,2463876.78,Средний,Вторичка
176120000.0,ЦАО,125.8,2.0,8.0,0.0,4.0,https://www.cian.ru/sale/flat/286484906/,1400000.0,Средний,Вторичка
70555650.0,ЦАО,78.1,5.0,6.0,0.0,2.0,https://www.cian.ru/sale/flat/286514413/,903401.41,Средний,Вторичка
15650000.0,ЗАО,35.6,30.0,32.0,0.0,2.0,https://www.cian.ru/sale/flat/286524902/,439606.74,Средний,Вторичка
31296766.0,ЮВАО,93.8,2.0,30.0,0.0,4.0,https://www.cian.ru/sale/flat/286542382/,333654.22,Средний,Вторичка
49263500.0,ЗАО,75.79,6.0,11.0,1.0,3.0,https://www.cian.ru/sale/flat/286545629/,650000.0,Средний,Новостройка
44000000.0,ЗАО,70.0,2.0,14.0,0.0,3.0,https://www.cian.ru/sale/flat/286552260/,628571.43,Средний,Вторичка
12500000.0,ЮАО,42.0,8.0,18.0,1.0,1.0,https://www.cian.ru/sale/flat/286587452/,297619.05,Средний,Новостройка
70569150.0,ЦАО,78.1,5.0,6.0,0.0,3.0,https://www.cian.ru/sale/flat/286620185/,903574.26,Средний,Вторичка
64108534.0,ЦАО,69.8,4.0,8.0,0.0,2.0,https://www.cian.ru/sale/flat/286620187/,918460.37,Средний,Вторичка
29000000.0,ЮВАО,73.2,11.0,20.0,1.0,2.0,https://www.cian.ru/sale/flat/286679691/,396174.86,Средний,Новостройка
29000000.0,ЮВАО,73.2,11.0,20.0,1.0,3.0,https://www.cian.ru/sale/flat/286679694/,396174.86,Средний,Новостройка
237112344.0,ЦАО,138.6,8.0,11.0,0.0,3.0,https://www.cian.ru/sale/flat/286714948/,1710767.27,Средний,Вторичка
15550000.0,ЮВАО,54.5,10.0,16.0,0.0,2.0,https://www.cian.ru/sale/flat/286749798/,285321.1,Средний,Вторичка
32000000.0,ЦАО,50.0,1.0,13.0,0.0,2.0,https://www.cian.ru/sale/flat/286767663/,640000.0,Первый,Вторичка
140000000.0,ЦАО,162.4,2.0,6.0,0.0,4.0,https://www.cian.ru/sale/flat/286796837/,862068.97,Средний,Вторичка
175000000.0,ЦАО,146.0,10.0,14.0,0.0,3.0,https://www.cian.ru/sale/flat/286815643/,1198630.14,Средний,Вторичка
25482646.0,ЗАО,67.0,8.0,21.0,1.0,2.0,https://www.cian.ru/sale/flat/286829755/,380338.0,Средний,Новостройка
18200089.0,ЗАО,35.2,21.0,21.0,1.0,1.0,https://www.cian.ru/sale/flat/286829765/,517047.98,Последний,Новостройка
130000000.0,ЦАО,94.0,6.0,8.0,0.0,2.0,https://www.cian.ru/sale/flat/286943716/,1382978.72,Средний,Вторичка
29900000.0,СЗАО,128.0,13.0,25.0,0.0,4.0,https://www.cian.ru/sale/flat/286984938/,233593.75,Средний,Вторичка
188184400.0,ЦАО,180.0,2.0,15.0,0.0,3.0,https://www.cian.ru/sale/flat/287044518/,1045468.89,Средний,Вторичка
7000000.0,ЮВАО,41.5,11.0,12.0,0.0,1.0,https://www.cian.ru/sale/flat/287073904/,168674.7,Средний,Вторичка
150000000.0,ЦАО,150.0,2.0,14.0,0.0,4.0,https://www.cian.ru/sale/flat/287106219/,1000000.0,Средний,Вторичка
145748818.0,ЗАО,105.1,10.0,11.0,0.0,3.0,https://www.cian.ru/sale/flat/287168354/,1386763.25,Средний,Вторичка
30000000.0,ЮВАО,79.7,6.0,11.0,0.0,3.0,https://www.cian.ru/sale/flat/287296776/,376411.54,Средний,Вторичка
78259545.0,ЦАО,65.9,5.0,21.0,1.0,1.0,https://www.cian.ru/sale/flat/287317369/,1187550.0,Средний,Новостройка
40338000.0,ЗАО,97.2,2.0,41.0,1.0,3.0,https://www.cian.ru/sale/flat/287405283/,415000.0,Средний,Новостройка
22300000.0,ЦАО,79.8,1.0,4.0,0.0,4.0,https://www.cian.ru/sale/flat/287406394/,279448.62,Первый,Вторичка
26900000.0,ЗАО,91.1,5.0,17.0,0.0,4.0,https://www.cian.ru/sale/flat/287415733/,295279.91,Средний,Вторичка
20605421.0,ЗАО,44.2,4.0,9.0,1.0,1.0,https://www.cian.ru/sale/flat/287417996/,466186.0,Средний,Новостройка
40900000.0,ЗАО,119.8,14.0,32.0,1.0,3.0,https://www.cian.ru/sale/flat/287440558/,341402.34,Средний,Новостройка
9300000.0,СВАО,33.0,4.0,9.0,0.0,1.0,https://www.cian.ru/sale/flat/287487167/,281818.18,Средний,Вторичка
130817260.0,ЗАО,165.0,40.0,54.0,0.0,4.0,https://www.cian.ru/sale/flat/287506166/,792831.88,Средний,Вторичка
26864572.0,СЗАО,64.52,45.0,52.0,1.0,2.0,https://www.cian.ru/sale/flat/287511278/,416375.88,Средний,Новостройка
29142119.0,СЗАО,66.4,2.0,20.0,1.0,2.0,https://www.cian.ru/sale/flat/287511286/,438887.33,Средний,Новостройка
184792300.0,ЦАО,163.1,7.0,7.0,0.0,4.0,https://www.cian.ru/sale/flat/287545085/,1133000.0,Последний,Вторичка
45000000.0,СЗАО,105.6,11.0,53.0,0.0,4.0,https://www.cian.ru/sale/flat/287551063/,426136.36,Средний,Вторичка
69000000.0,ЗАО,60.0,6.0,12.0,0.0,2.0,https://www.cian.ru/sale/flat/287583404/,1150000.0,Средний,Вторичка
98796810.0,ЗАО,117.8,25.0,44.0,0.0,3.0,https://www.cian.ru/sale/flat/287625698/,838682.6,Средний,Вторичка
75000000.0,САО,180.0,9.0,19.0,0.0,4.0,https://www.cian.ru/sale/flat/287648831/,416666.67,Средний,Вторичка
90000000.0,ЗАО,132.8,4.0,14.0,0.0,4.0,https://www.cian.ru/sale/flat/287663543/,677710.84,Средний,Вторичка
68080000.0,ЗАО,59.2,6.0,12.0,0.0,2.0,https://www.cian.ru/sale/flat/287686259/,1150000.0,Средний,Вторичка
44500000.0,СЗАО,106.8,11.0,53.0,0.0,4.0,https://www.cian.ru/sale/flat/287728087/,416666.67,Средний,Вторичка
43906720.0,САО,104.0,33.0,43.0,1.0,3.0,https://www.cian.ru/sale/flat/287735663/,422180.0,Средний,Новостройка
11700000.0,ВАО,45.2,5.0,5.0,0.0,2.0,https://www.cian.ru/sale/flat/287768560/,258849.56,Последний,Вторичка
105000000.0,ЗАО,191.0,10.0,23.0,0.0,4.0,https://www.cian.ru/sale/flat/287774980/,549738.22,Средний,Вторичка
143849475.0,ЦАО,126.7,67.0,67.0,1.0,3.0,https://www.cian.ru/sale/flat/287868736/,1135354.97,Последний,Новостройка
132661182.0,ЦАО,116.2,67.0,67.0,1.0,2.0,https://www.cian.ru/sale/flat/287868739/,1141662.5,Последний,Новостройка
146361132.0,ЦАО,128.2,67.0,67.0,1.0,3.0,https://www.cian.ru/sale/flat/287868741/,1141662.5,Последний,Новостройка
22800000.0,ВАО,60.16,6.0,20.0,1.0,2.0,https://www.cian.ru/sale/flat/287925540/,378989.36,Средний,Новостройка
26600000.0,ВАО,70.26,6.0,20.0,1.0,2.0,https://www.cian.ru/sale/flat/287925648/,378593.79,Средний,Новостройка
40000000.0,ЗАО,75.0,7.0,22.0,0.0,2.0,https://www.cian.ru/sale/flat/287929947/,533333.33,Средний,Вторичка
22700000.0,ЮАО,63.4,5.0,9.0,0.0,2.0,https://www.cian.ru/sale/flat/287930198/,358044.16,Средний,Вторичка
327043150.0,ЦАО,261.0,5.0,8.0,0.0,4.0,https://www.cian.ru/sale/flat/287967334/,1253038.89,Средний,Вторичка
75000000.0,ЦАО,75.0,2.0,4.0,0.0,2.0,https://www.cian.ru/sale/flat/288080141/,1000000.0,Средний,Вторичка
17350804.0,ЮАО,48.0,2.0,23.0,1.0,1.0,https://www.cian.ru/sale/flat/288140144/,361475.08,Средний,Новостройка
15451876.0,ЮАО,42.3,2.0,11.0,1.0,1.0,https://www.cian.ru/sale/flat/288140316/,365292.58,Средний,Новостройка
33786748.0,ЮАО,72.2,23.0,24.0,1.0,2.0,https://www.cian.ru/sale/flat/288141331/,467960.5,Средний,Новостройка
22368254.0,ЮАО,46.0,3.0,12.0,1.0,1.0,https://www.cian.ru/sale/flat/288141380/,486266.39,Средний,Новостройка
48014477.0,ЮАО,105.0,6.0,11.0,1.0,3.0,https://www.cian.ru/sale/flat/288141395/,457280.73,Средний,Новостройка
35500000.0,СЗАО,66.0,22.0,24.0,0.0,2.0,https://www.cian.ru/sale/flat/288162001/,537878.79,Средний,Вторичка
23000000.0,СВАО,50.0,6.0,22.0,0.0,1.0,https://www.cian.ru/sale/flat/288174193/,460000.0,Средний,Вторичка
31200000.0,СЗАО,97.0,3.0,5.0,0.0,4.0,https://www.cian.ru/sale/flat/288176588/,321649.48,Средний,Вторичка
38304730.0,ЗАО,93.8,6.0,9.0,1.0,3.0,https://www.cian.ru/sale/flat/288241593/,408365.99,Средний,Новостройка
24765188.0,ЗАО,58.0,5.0,9.0,1.0,2.0,https://www.cian.ru/sale/flat/288241596/,426986.0,Средний,Новостройка
19789000.0,ЮЗАО,56.5,9.0,17.0,0.0,2.0,https://www.cian.ru/sale/flat/288255306/,350247.79,Средний,Вторичка
75000000.0,ЗАО,163.0,11.0,22.0,0.0,4.0,https://www.cian.ru/sale/flat/288273358/,460122.7,Средний,Вторичка
442233340.0,ЦАО,156.0,2.0,6.0,0.0,3.0,https://www.cian.ru/sale/flat/288318449/,2834829.1,Средний,Вторичка
38220240.0,СЗАО,65.2,23.0,24.0,1.0,2.0,https://www.cian.ru/sale/flat/288331709/,586200.0,Средний,Новостройка
35857780.0,СЗАО,57.4,20.0,24.0,1.0,2.0,https://www.cian.ru/sale/flat/288376245/,624700.0,Средний,Новостройка
12000000.0,ЮВАО,52.0,6.0,18.0,0.0,2.0,https://www.cian.ru/sale/flat/288377596/,230769.23,Средний,Вторичка
54407937.0,ЮАО,127.99,1.0,12.0,1.0,3.0,https://www.cian.ru/sale/flat/288391324/,425095.22,Первый,Новостройка
13000000.0,СЗАО,39.6,2.0,28.0,0.0,2.0,https://www.cian.ru/sale/flat/288417350/,328282.83,Средний,Вторичка
45000000.0,ЗАО,140.0,21.0,26.0,0.0,4.0,https://www.cian.ru/sale/flat/288434405/,321428.57,Средний,Вторичка
178878353.0,ЦАО,156.4,11.0,17.0,1.0,3.0,https://www.cian.ru/sale/flat/288560131/,1143723.48,Средний,Новостройка
20069280.0,ЗАО,54.3,20.0,21.0,1.0,2.0,https://www.cian.ru/sale/flat/288566013/,369600.0,Средний,Новостройка
15328800.0,ВАО,36.0,33.0,33.0,1.0,1.0,https://www.cian.ru/sale/flat/288566684/,425800.0,Последний,Новостройка
22200000.0,САО,86.0,14.0,17.0,0.0,4.0,https://www.cian.ru/sale/flat/288573453/,258139.53,Средний,Вторичка
53673733.0,СЗАО,109.22,5.0,16.0,0.0,4.0,https://www.cian.ru/sale/flat/288597258/,491427.7,Средний,Вторичка
63400000.0,ЦАО,126.8,20.0,29.0,0.0,3.0,https://www.cian.ru/sale/flat/288640297/,500000.0,Средний,Вторичка
18200000.0,ЮАО,77.3,3.0,14.0,0.0,4.0,https://www.cian.ru/sale/flat/288645420/,235446.31,Средний,Вторичка
25950000.0,ВАО,103.4,4.0,5.0,0.0,4.0,https://www.cian.ru/sale/flat/288648912/,250967.12,Средний,Вторичка
20700000.0,ЮВАО,68.0,5.0,14.0,0.0,2.0,https://www.cian.ru/sale/flat/288702404/,304411.76,Средний,Вторичка
231523500.0,ЗАО,150.0,8.0,9.0,0.0,4.0,https://www.cian.ru/sale/flat/288716778/,1543490.0,Средний,Вторичка
57500000.0,СЗАО,119.0,11.0,16.0,0.0,4.0,https://www.cian.ru/sale/flat/288720122/,483193.28,Средний,Вторичка
96288928.0,ЮАО,136.39,1.0,1.0,1.0,4.0,https://www.cian.ru/sale/flat/288867469/,705982.32,Первый,Новостройка
50157494.0,ЮАО,95.33,14.0,26.0,1.0,3.0,https://www.cian.ru/sale/flat/288867475/,526145.96,Средний,Новостройка
53552811.0,ЮАО,99.73,12.0,12.0,1.0,3.0,https://www.cian.ru/sale/flat/288867477/,536977.95,Последний,Новостройка
57000000.0,СЗАО,99.0,2.0,19.0,0.0,3.0,https://www.cian.ru/sale/flat/288895889/,575757.58,Средний,Вторичка
24000000.0,ЮАО,96.0,1.0,5.0,0.0,4.0,https://www.cian.ru/sale/flat/288928749/,250000.0,Первый,Вторичка
167000000.0,ЦАО,143.7,4.0,6.0,0.0,3.0,https://www.cian.ru/sale/flat/288962979/,1162143.35,Средний,Вторичка
95000000.0,ЦАО,143.0,6.0,8.0,0.0,4.0,https://www.cian.ru/sale/flat/288970638/,664335.66,Средний,Вторичка
34561246.0,ЮАО,70.59,21.0,21.0,1.0,2.0,https://www.cian.ru/sale/flat/289000790/,489605.41,Последний,Новостройка
56000000.0,ЗАО,106.4,16.0,28.0,0.0,4.0,https://www.cian.ru/sale/flat/289021840/,526315.79,Средний,Вторичка
82350000.0,ЗАО,115.0,19.0,22.0,0.0,3.0,https://www.cian.ru/sale/flat/289032731/,716086.96,Средний,Вторичка
24300000.0,ЗАО,47.8,5.0,41.0,1.0,2.0,https://www.cian.ru/sale/flat/289060145/,508368.2,Средний,Новостройка
59549326.0,ЮАО,131.01,27.0,27.0,1.0,4.0,https://www.cian.ru/sale/flat/289090590/,454540.31,Последний,Новостройка
57980208.0,ЮАО,126.11,26.0,26.0,1.0,4.0,https://www.cian.ru/sale/flat/289090596/,459759.0,Последний,Новостройка
25400000.0,ЮАО,92.2,4.0,10.0,0.0,4.0,https://www.cian.ru/sale/flat/289102343/,275488.07,Средний,Вторичка
189791469.0,ЦАО,161.0,5.0,21.0,1.0,4.0,https://www.cian.ru/sale/flat/289108923/,1178829.0,Средний,Новостройка
39900000.0,ЗАО,77.0,47.0,52.0,0.0,2.0,https://www.cian.ru/sale/flat/289119692/,518181.82,Средний,Вторичка
18627000.0,ЗАО,52.5,28.0,33.0,1.0,2.0,https://www.cian.ru/sale/flat/289149353/,354800.0,Средний,Новостройка
42000000.0,СВАО,105.0,22.0,22.0,0.0,4.0,https://www.cian.ru/sale/flat/289198876/,400000.0,Последний,Вторичка
36000000.0,САО,100.0,2.0,9.0,0.0,4.0,https://www.cian.ru/sale/flat/289200563/,360000.0,Средний,Вторичка
23925840.0,ЗАО,76.1,22.0,33.0,1.0,3.0,https://www.cian.ru/sale/flat/289214386/,314400.0,Средний,Новостройка
165000000.0,ЦАО,184.0,5.0,7.0,0.0,4.0,https://www.cian.ru/sale/flat/289239530/,896739.13,Средний,Вторичка
20900000.0,ЮВАО,84.5,2.0,5.0,0.0,4.0,https://www.cian.ru/sale/flat/289290608/,247337.28,Средний,Вторичка
23700000.0,СВАО,55.5,3.0,48.0,1.0,2.0,https://www.cian.ru/sale/flat/289296396/,427027.03,Средний,Новостройка
64817232.0,ЗАО,143.29,24.0,24.0,1.0,4.0,https://www.cian.ru/sale/flat/289309640/,452350.0,Последний,Новостройка
63391680.0,ЗАО,146.74,24.0,24.0,1.0,4.0,https://www.cian.ru/sale/flat/289309643/,432000.0,Последний,Новостройка
53892000.0,ЗАО,124.75,24.0,24.0,1.0,4.0,https://www.cian.ru/sale/flat/289309646/,432000.0,Последний,Новостройка
14799000.0,СВАО,63.1,9.0,9.0,0.0,4.0,https://www.cian.ru/sale/flat/289331383/,234532.49,Последний,Вторичка
14000000.0,ЮВАО,68.0,2.0,23.0,0.0,2.0,https://www.cian.ru/sale/flat/289389141/,205882.35,Средний,Вторичка
25554480.0,ЮВАО,79.5,29.0,33.0,1.0,3.0,https://www.cian.ru/sale/flat/289402667/,321440.0,Средний,Новостройка
25482420.0,ЮВАО,79.3,27.0,33.0,1.0,3.0,https://www.cian.ru/sale/flat/289402671/,321341.99,Средний,Новостройка
46892000.0,СВАО,128.0,49.0,59.0,0.0,3.0,https://www.cian.ru/sale/flat/289413929/,366343.75,Средний,Вторичка
33281500.0,ЮВАО,73.0,6.0,11.0,1.0,2.0,https://www.cian.ru/sale/flat/289428339/,455910.96,Средний,Новостройка
22399990.0,ЗАО,40.3,15.0,28.0,0.0,1.0,https://www.cian.ru/sale/flat/289439918/,555831.02,Средний,Вторичка
104500000.0,ЦАО,118.0,3.0,7.0,0.0,4.0,https://www.cian.ru/sale/flat/289461457/,885593.22,Средний,Вторичка
29760000.0,СЗАО,49.0,26.0,29.0,1.0,2.0,https://www.cian.ru/sale/flat/289479415/,607346.94,Средний,Новостройка
11500000.0,ЗАО,35.0,4.0,9.0,0.0,1.0,https://www.cian.ru/sale/flat/289479862/,328571.43,Средний,Вторичка
37190220.0,СЗАО,60.6,16.0,24.0,1.0,2.0,https://www.cian.ru/sale/flat/289497969/,613700.0,Средний,Новостройка
150000000.0,ЗАО,168.1,7.0,7.0,0.0,4.0,https://www.cian.ru/sale/flat/289519232/,892326.0,Последний,Вторичка
150000000.0,ЗАО,164.0,7.0,7.0,0.0,3.0,https://www.cian.ru/sale/flat/289519241/,914634.15,Последний,Вторичка
77652688.0,ЮАО,117.87,27.0,29.0,1.0,3.0,https://www.cian.ru/sale/flat/289549085/,658799.42,Средний,Новостройка
26650000.0,СЗАО,49.4,3.0,29.0,1.0,2.0,https://www.cian.ru/sale/flat/289557564/,539473.68,Средний,Новостройка
49490000.0,ЗАО,106.9,6.0,13.0,0.0,4.0,https://www.cian.ru/sale/flat/289558809/,462956.03,Средний,Вторичка
85000000.0,ЦАО,132.1,7.0,7.0,0.0,3.0,https://www.cian.ru/sale/flat/289628414/,643451.93,Последний,Вторичка
28900000.0,САО,135.8,1.0,8.0,0.0,4.0,https://www.cian.ru/sale/flat/289680630/,212812.96,Первый,Вторичка
49000000.0,ВАО,129.11,2.0,22.0,0.0,4.0,https://www.cian.ru/sale/flat/289686269/,379521.34,Средний,Вторичка
37331749.0,СЗАО,109.7,2.0,20.0,1.0,4.0,https://www.cian.ru/sale/flat/289732534/,340307.65,Средний,Новостройка
105000000.0,ЦАО,120.0,2.0,14.0,0.0,3.0,https://www.cian.ru/sale/flat/289733284/,875000.0,Средний,Вторичка
110000000.0,ЗАО,212.7,4.0,4.0,0.0,4.0,https://www.cian.ru/sale/flat/289745351/,517160.32,Последний,Вторичка
10500000.0,ЗАО,34.4,12.0,16.0,0.0,1.0,https://www.cian.ru/sale/flat/289770726/,305232.56,Средний,Вторичка
160000000.0,ЦАО,149.0,3.0,10.0,0.0,4.0,https://www.cian.ru/sale/flat/289779282/,1073825.5,Средний,Вторичка
170903720.0,ЦАО,200.8,5.0,6.0,0.0,3.0,https://www.cian.ru/sale/flat/289779308/,851114.14,Средний,Вторичка
310000000.0,ЦАО,124.0,7.0,9.0,0.0,3.0,https://www.cian.ru/sale/flat/289781524/,2500000.0,Средний,Вторичка
36955135.0,СЗАО,66.7,12.0,23.0,1.0,3.0,https://www.cian.ru/sale/flat/289786015/,554050.0,Средний,Новостройка
48728325.0,СЗАО,91.5,15.0,23.0,1.0,3.0,https://www.cian.ru/sale/flat/289786031/,532550.0,Средний,Новостройка
33854660.0,СЗАО,55.3,15.0,24.0,1.0,2.0,https://www.cian.ru/sale/flat/289786070/,612200.0,Средний,Новостройка
36130440.0,СЗАО,59.7,11.0,24.0,1.0,2.0,https://www.cian.ru/sale/flat/289786100/,605200.0,Средний,Новостройка
37666040.0,СЗАО,65.2,18.0,24.0,1.0,2.0,https://www.cian.ru/sale/flat/289786106/,577700.0,Средний,Новостройка
67919040.0,СЗАО,100.8,23.0,24.0,1.0,4.0,https://www.cian.ru/sale/flat/289786113/,673800.0,Средний,Новостройка
26739900.0,СЗАО,37.0,29.0,29.0,1.0,1.0,https://www.cian.ru/sale/flat/289786190/,722700.0,Последний,Новостройка
31324200.0,СЗАО,49.8,6.0,29.0,1.0,2.0,https://www.cian.ru/sale/flat/289786200/,629000.0,Средний,Новостройка
32923968.0,СЗАО,70.4,19.0,29.0,1.0,2.0,https://www.cian.ru/sale/flat/289786214/,467670.0,Средний,Новостройка
69108000.0,СЗАО,97.5,28.0,29.0,1.0,4.0,https://www.cian.ru/sale/flat/289786227/,708800.0,Средний,Новостройка
227332000.0,ЗАО,162.38,8.0,14.0,1.0,4.0,https://www.cian.ru/sale/flat/289786573/,1400000.0,Средний,Новостройка
29143191.0,ЗАО,73.7,8.0,9.0,1.0,2.0,https://www.cian.ru/sale/flat/289800706/,395430.0,Средний,Новостройка
30439054.0,ЗАО,69.3,9.0,9.0,1.0,2.0,https://www.cian.ru/sale/flat/289800707/,439235.99,Последний,Новостройка
22500000.0,ВАО,71.1,4.0,16.0,0.0,4.0,https://www.cian.ru/sale/flat/289864992/,316455.7,Средний,Вторичка
190000000.0,ЦАО,169.0,4.0,6.0,0.0,4.0,https://www.cian.ru/sale/flat/289873138/,1124260.36,Средний,Вторичка
32500000.0,ЦАО,80.0,4.0,14.0,0.0,3.0,https://www.cian.ru/sale/flat/289881261/,406250.0,Средний,Вторичка
76752000.0,ЦАО,159.9,22.0,25.0,0.0,4.0,https://www.cian.ru/sale/flat/289899678/,480000.0,Средний,Вторичка
61104000.0,ЦАО,127.3,20.0,25.0,0.0,4.0,https://www.cian.ru/sale/flat/289899682/,480000.0,Средний,Вторичка
27000000.0,СЗАО,129.0,6.0,23.0,0.0,4.0,https://www.cian.ru/sale/flat/289905417/,209302.33,Средний,Вторичка
17000000.0,СЗАО,34.7,24.0,53.0,0.0,1.0,https://www.cian.ru/sale/flat/289908475/,489913.54,Средний,Вторичка
39428650.0,ЮАО,68.44,20.0,21.0,1.0,2.0,https://www.cian.ru/sale/flat/289909097/,576105.35,Средний,Новостройка
71860200.0,СВАО,156.9,10.0,32.0,1.0,3.0,https://www.cian.ru/sale/flat/289911841/,458000.0,Средний,Новостройка
45000000.0,СЗАО,95.9,7.0,29.0,0.0,3.0,https://www.cian.ru/sale/flat/289914568/,469238.79,Средний,Вторичка
330000000.0,ЦАО,180.0,5.0,7.0,0.0,4.0,https://www.cian.ru/sale/flat/289915709/,1833333.33,Средний,Вторичка
247000000.0,ЦАО,206.0,7.0,22.0,0.0,3.0,https://www.cian.ru/sale/flat/289971025/,1199029.13,Средний,Вторичка
90000000.0,ЦАО,168.0,5.0,11.0,0.0,3.0,https://www.cian.ru/sale/flat/289975609/,535714.29,Средний,Вторичка
66000000.0,ЗАО,161.6,5.0,25.0,0.0,3.0,https://www.cian.ru/sale/flat/289978007/,408415.84,Средний,Вторичка
94000000.0,ЦАО,140.0,4.0,6.0,0.0,3.0,https://www.cian.ru/sale/flat/290012384/,671428.57,Средний,Вторичка
300000000.0,ЦАО,202.0,4.0,11.0,0.0,4.0,https://www.cian.ru/sale/flat/290012394/,1485148.51,Средний,Вторичка
72000000.0,ЗАО,153.5,10.0,28.0,0.0,4.0,https://www.cian.ru/sale/flat/290013051/,469055.37,Средний,Вторичка
48600000.0,ЮАО,96.5,34.0,48.0,0.0,3.0,https://www.cian.ru/sale/flat/290020370/,503626.94,Средний,Вторичка
9200000.0,САО,32.83,8.0,11.0,1.0,2.0,https://www.cian.ru/sale/flat/290060320/,280231.5,Средний,Новостройка
29765148.0,ЗАО,68.1,4.0,9.0,1.0,2.0,https://www.cian.ru/sale/flat/290077041/,437080.0,Средний,Новостройка
56500000.0,САО,116.4,5.0,14.0,0.0,4.0,https://www.cian.ru/sale/flat/290195787/,485395.19,Средний,Вторичка
29000000.0,ЮЗАО,91.0,33.0,33.0,0.0,4.0,https://www.cian.ru/sale/flat/290216223/,318681.32,Последний,Вторичка
41856080.0,ЗАО,114.8,13.0,14.0,1.0,4.0,https://www.cian.ru/sale/flat/290241485/,364600.0,Средний,Новостройка
51990000.0,ВАО,176.0,7.0,19.0,0.0,4.0,https://www.cian.ru/sale/flat/290247663/,295397.73,Средний,Вторичка
119000000.0,ЦАО,110.0,3.0,5.0,0.0,3.0,https://www.cian.ru/sale/flat/290250467/,1081818.18,Средний,Вторичка
27447668.0,ЮАО,65.55,26.0,26.0,1.0,2.0,https://www.cian.ru/sale/flat/290283240/,418728.73,Последний,Новостройка
45000000.0,ЗАО,70.4,4.0,26.0,1.0,3.0,https://www.cian.ru/sale/flat/290284647/,639204.55,Средний,Новостройка
117500000.0,ЗАО,155.2,5.0,12.0,0.0,4.0,https://www.cian.ru/sale/flat/290327922/,757087.63,Средний,Вторичка
34500000.0,ЮАО,80.7,5.0,17.0,1.0,3.0,https://www.cian.ru/sale/flat/290335517/,427509.29,Средний,Новостройка
160000000.0,ЗАО,250.0,17.0,17.0,0.0,4.0,https://www.cian.ru/sale/flat/290364227/,640000.0,Последний,Вторичка
117000000.0,ЦАО,128.7,4.0,7.0,0.0,4.0,https://www.cian.ru/sale/flat/290380690/,909090.91,Средний,Вторичка
205569980.0,ЦАО,183.6,4.0,5.0,0.0,4.0,https://www.cian.ru/sale/flat/290380718/,1119662.2,Средний,Вторичка
120000000.0,ЦАО,157.3,5.0,12.0,0.0,4.0,https://www.cian.ru/sale/flat/290380778/,762873.49,Средний,Вторичка
230000000.0,ЦАО,164.0,4.0,5.0,0.0,4.0,https://www.cian.ru/sale/flat/290380788/,1402439.02,Средний,Вторичка
85000000.0,ЗАО,108.1,7.0,14.0,0.0,3.0,https://www.cian.ru/sale/flat/290380799/,786308.97,Средний,Вторичка
329322700.0,САО,262.0,26.0,57.0,0.0,3.0,https://www.cian.ru/sale/flat/290380851/,1256956.87,Средний,Вторичка
200000000.0,ЦАО,210.0,4.0,6.0,0.0,3.0,https://www.cian.ru/sale/flat/290380881/,952380.95,Средний,Вторичка
196225890.0,ЦАО,154.2,3.0,14.0,0.0,4.0,https://www.cian.ru/sale/flat/290380899/,1272541.44,Средний,Вторичка
56000000.0,ЦАО,125.7,5.0,5.0,0.0,3.0,https://www.cian.ru/sale/flat/290383734/,445505.17,Последний,Вторичка
576973371.0,ЦАО,219.2,2.0,4.0,0.0,3.0,https://www.cian.ru/sale/flat/290411907/,2632177.79,Средний,Вторичка
23000000.0,ЮВАО,116.0,12.0,16.0,0.0,4.0,https://www.cian.ru/sale/flat/290412928/,198275.86,Средний,Вторичка
46966924.0,ЗАО,83.89,44.0,57.0,1.0,2.0,https://www.cian.ru/sale/flat/290418618/,559863.2,Средний,Новостройка
44000000.0,САО,59.0,12.0,12.0,1.0,2.0,https://www.cian.ru/sale/flat/290431235/,745762.71,Последний,Новостройка
29500000.0,ЮЗАО,75.0,15.0,17.0,0.0,3.0,https://www.cian.ru/sale/flat/290431403/,393333.33,Средний,Вторичка
58000000.0,ЦАО,73.0,8.0,14.0,0.0,2.0,https://www.cian.ru/sale/flat/290497931/,794520.55,Средний,Вторичка
260000000.0,ЦАО,193.7,2.0,6.0,0.0,4.0,https://www.cian.ru/sale/flat/290537650/,1342281.88,Средний,Вторичка
30821708.0,ЮАО,52.48,3.0,29.0,1.0,2.0,https://www.cian.ru/sale/flat/290542272/,587303.89,Средний,Новостройка
50784952.0,ЮАО,82.27,15.0,16.0,1.0,2.0,https://www.cian.ru/sale/flat/290542282/,617296.12,Средний,Новостройка
20800000.0,ЮЗАО,100.7,14.0,22.0,0.0,4.0,https://www.cian.ru/sale/flat/290609710/,206554.12,Средний,Вторичка
44796518.0,СЗАО,113.0,10.0,11.0,1.0,4.0,https://www.cian.ru/sale/flat/290752384/,396429.36,Средний,Новостройка
45335090.0,СЗАО,114.5,25.0,26.0,1.0,2.0,https://www.cian.ru/sale/flat/290752475/,395939.65,Средний,Новостройка
38042644.0,СЗАО,85.4,21.0,25.0,1.0,2.0,https://www.cian.ru/sale/flat/290752573/,445464.22,Средний,Новостройка
38465513.0,СЗАО,85.8,22.0,25.0,1.0,2.0,https://www.cian.ru/sale/flat/290752583/,448316.0,Средний,Новостройка
46971708.0,СЗАО,99.9,26.0,26.0,1.0,3.0,https://www.cian.ru/sale/flat/290753555/,470187.27,Последний,Новостройка
40424357.0,ЗАО,79.23,2.0,57.0,1.0,3.0,https://www.cian.ru/sale/flat/290790426/,510215.28,Средний,Новостройка
26301212.0,ЗАО,47.72,7.0,57.0,1.0,1.0,https://www.cian.ru/sale/flat/290790429/,551157.0,Средний,Новостройка
31267474.0,ЗАО,58.48,2.0,57.0,1.0,2.0,https://www.cian.ru/sale/flat/290790439/,534669.53,Средний,Новостройка
39000000.0,ЗАО,74.0,7.0,16.0,0.0,2.0,https://www.cian.ru/sale/flat/290825191/,527027.03,Средний,Вторичка
15300000.0,ВАО,74.6,1.0,14.0,0.0,4.0,https://www.cian.ru/sale/flat/290838053/,205093.83,Первый,Вторичка
24419140.0,СЗАО,59.6,21.0,25.0,1.0,1.0,https://www.cian.ru/sale/flat/290853365/,409717.11,Средний,Новостройка
373763600.0,ЦАО,244.9,10.0,14.0,0.0,4.0,https://www.cian.ru/sale/flat/290862825/,1526188.65,Средний,Вторичка
30300000.0,СЗАО,67.8,29.0,43.0,0.0,2.0,https://www.cian.ru/sale/flat/290883236/,446902.65,Средний,Вторичка
77000000.0,САО,107.6,3.0,24.0,0.0,3.0,https://www.cian.ru/sale/flat/290884000/,715613.38,Средний,Вторичка
57448380.0,ЗАО,127.38,24.0,24.0,1.0,4.0,https://www.cian.ru/sale/flat/290887878/,451000.0,Последний,Новостройка
17000000.0,ЗАО,53.0,18.0,23.0,0.0,2.0,https://www.cian.ru/sale/flat/290909841/,320754.72,Средний,Вторичка
47925000.0,ЮЗАО,125.0,2.0,32.0,1.0,3.0,https://www.cian.ru/sale/flat/290914438/,383400.0,Средний,Новостройка
33454080.0,ЮЗАО,88.0,1.0,32.0,1.0,3.0,https://www.cian.ru/sale/flat/290914447/,380160.0,Первый,Новостройка
62694000.0,ЮЗАО,116.1,32.0,32.0,1.0,3.0,https://www.cian.ru/sale/flat/290914466/,540000.0,Последний,Новостройка
195000000.0,ЗАО,220.0,30.0,30.0,0.0,4.0,https://www.cian.ru/sale/flat/290921431/,886363.64,Последний,Вторичка
12300000.0,ЮЗАО,37.9,5.0,9.0,0.0,2.0,https://www.cian.ru/sale/flat/290978067/,324538.26,Средний,Вторичка
450000000.0,ЦАО,207.0,6.0,8.0,0.0,4.0,https://www.cian.ru/sale/flat/290979265/,2173913.04,Средний,Вторичка
29999999.0,ЮАО,66.4,14.0,46.0,0.0,2.0,https://www.cian.ru/sale/flat/290996141/,451807.21,Средний,Вторичка
103000000.0,ЗАО,131.0,12.0,25.0,0.0,4.0,https://www.cian.ru/sale/flat/291002206/,786259.54,Средний,Вторичка
31500000.0,ЮАО,63.1,7.0,42.0,1.0,2.0,https://www.cian.ru/sale/flat/291004661/,499207.61,Средний,Новостройка
13990000.0,ВАО,56.1,5.0,5.0,0.0,2.0,https://www.cian.ru/sale/flat/291017581/,249376.11,Последний,Вторичка
40750000.0,ЗАО,88.3,6.0,27.0,0.0,4.0,https://www.cian.ru/sale/flat/291026042/,461494.9,Средний,Вторичка
19600000.0,ЮАО,103.5,10.0,20.0,1.0,3.0,https://www.cian.ru/sale/flat/291048126/,189371.98,Средний,Новостройка
10500000.0,ЮВАО,42.8,6.0,9.0,0.0,2.0,https://www.cian.ru/sale/flat/291049452/,245327.1,Средний,Вторичка
160000000.0,ЦАО,112.6,3.0,4.0,0.0,3.0,https://www.cian.ru/sale/flat/291055540/,1420959.15,Средний,Вторичка
7600000.0,ЗАО,32.6,10.0,12.0,0.0,1.0,https://www.cian.ru/sale/flat/291066914/,233128.83,Средний,Вторичка
705691500.0,ЦАО,203.1,6.0,7.0,0.0,3.0,https://www.cian.ru/sale/flat/291067078/,3474601.18,Средний,Вторичка
103000000.0,САО,187.4,18.0,18.0,0.0,4.0,https://www.cian.ru/sale/flat/291069986/,549626.47,Последний,Вторичка
11190000.0,САО,50.9,13.0,14.0,0.0,2.0,https://www.cian.ru/sale/flat/291101042/,219842.83,Средний,Вторичка
40000000.0,ЗАО,69.0,7.0,14.0,0.0,2.0,https://www.cian.ru/sale/flat/291104201/,579710.14,Средний,Вторичка
18600000.0,СЗАО,56.6,2.0,25.0,0.0,2.0,https://www.cian.ru/sale/flat/291104285/,328621.91,Средний,Вторичка
20000000.0,ЮЗАО,96.4,2.0,14.0,0.0,4.0,https://www.cian.ru/sale/flat/291111348/,207468.88,Средний,Вторичка
26400000.0,СВАО,100.0,11.0,18.0,0.0,4.0,https://www.cian.ru/sale/flat/291134322/,264000.0,Средний,Вторичка
119000000.0,ЦАО,110.0,3.0,5.0,0.0,3.0,https://www.cian.ru/sale/flat/291161856/,1081818.18,Средний,Вторичка
7300000.0,ЮВАО,20.0,10.0,18.0,0.0,1.0,https://www.cian.ru/sale/flat/291183295/,365000.0,Средний,Вторичка
33499000.0,САО,63.0,9.0,26.0,0.0,2.0,https://www.cian.ru/sale/flat/291207212/,531730.16,Средний,Вторичка
110000000.0,ЦАО,129.3,5.0,8.0,0.0,3.0,https://www.cian.ru/sale/flat/291208091/,850734.73,Средний,Вторичка
170000000.0,ЦАО,210.6,2.0,9.0,0.0,4.0,https://www.cian.ru/sale/flat/291208107/,807217.47,Средний,Вторичка
49900000.0,СЗАО,123.0,6.0,31.0,0.0,4.0,https://www.cian.ru/sale/flat/291209565/,405691.06,Средний,Вторичка
34400000.0,ЮВАО,109.6,15.0,32.0,0.0,4.0,https://www.cian.ru/sale/flat/291280712/,313868.61,Средний,Вторичка
78900000.0,ЦАО,111.1,11.0,12.0,0.0,3.0,https://www.cian.ru/sale/flat/291292047/,710171.02,Средний,Вторичка
17500000.0,ЗАО,60.0,6.0,9.0,0.0,3.0,https://www.cian.ru/sale/flat/291312183/,291666.67,Средний,Вторичка
99000000.0,ЦАО,93.0,7.0,20.0,0.0,3.0,https://www.cian.ru/sale/flat/291318309/,1064516.13,Средний,Вторичка
90000000.0,ЦАО,169.0,6.0,6.0,0.0,4.0,https://www.cian.ru/sale/flat/291342956/,532544.38,Последний,Вторичка
35000000.0,ЮАО,66.8,5.0,7.0,0.0,3.0,https://www.cian.ru/sale/flat/291358498/,523952.1,Средний,Вторичка
56500000.0,ЮАО,108.0,4.0,14.0,0.0,4.0,https://www.cian.ru/sale/flat/291358501/,523148.15,Средний,Вторичка
35000000.0,ЗАО,99.7,19.0,27.0,0.0,4.0,https://www.cian.ru/sale/flat/291358506/,351053.16,Средний,Вторичка
40029615.0,СЗАО,108.3,20.0,20.0,1.0,4.0,https://www.cian.ru/sale/flat/291372559/,369617.87,Последний,Новостройка
32352998.0,СЗАО,85.1,3.0,20.0,1.0,3.0,https://www.cian.ru/sale/flat/291372583/,380176.24,Средний,Новостройка
13999000.0,ЮВАО,62.6,3.0,9.0,0.0,4.0,https://www.cian.ru/sale/flat/291396641/,223626.2,Средний,Вторичка
85000000.0,ЗАО,88.7,9.0,15.0,0.0,3.0,https://www.cian.ru/sale/flat/291413430/,958286.36,Средний,Вторичка
180000000.0,ЦАО,196.0,11.0,16.0,0.0,4.0,https://www.cian.ru/sale/flat/291444293/,918367.35,Средний,Вторичка
82000000.0,СЗАО,189.2,6.0,32.0,0.0,4.0,https://www.cian.ru/sale/flat/291445703/,433403.81,Средний,Вторичка
35000000.0,ЦАО,50.0,10.0,14.0,0.0,2.0,https://www.cian.ru/sale/flat/291451402/,700000.0,Средний,Вторичка
43000000.0,ЗАО,76.0,13.0,26.0,0.0,3.0,https://www.cian.ru/sale/flat/291456629/,565789.47,Средний,Вторичка
146300000.0,ЦАО,133.6,4.0,5.0,1.0,3.0,https://www.cian.ru/sale/flat/291467888/,1095059.88,Средний,Новостройка
289750000.0,ЦАО,190.4,4.0,5.0,1.0,3.0,https://www.cian.ru/sale/flat/291467891/,1521796.22,Средний,Новостройка
34504350.0,СЗАО,55.5,18.0,24.0,1.0,2.0,https://www.cian.ru/sale/flat/291506160/,621700.0,Средний,Новостройка
19080360.0,ЗАО,48.6,28.0,33.0,1.0,2.0,https://www.cian.ru/sale/flat/291512784/,392600.0,Средний,Новостройка
118900000.0,ЦАО,200.5,8.0,8.0,0.0,4.0,https://www.cian.ru/sale/flat/291531568/,593017.46,Последний,Вторичка
18873388.0,ЗАО,43.2,8.0,21.0,1.0,1.0,https://www.cian.ru/sale/flat/291534652/,436883.98,Средний,Новостройка
26995095.0,ЮАО,41.38,3.0,9.0,1.0,1.0,https://www.cian.ru/sale/flat/291543569/,652370.59,Средний,Новостройка
42399562.0,ЮАО,83.7,12.0,12.0,1.0,2.0,https://www.cian.ru/sale/flat/291543571/,506565.85,Последний,Новостройка
39007217.0,ЮАО,66.86,21.0,21.0,1.0,2.0,https://www.cian.ru/sale/flat/291543572/,583416.35,Последний,Новостройка
25201418.0,ЮАО,40.3,21.0,21.0,1.0,1.0,https://www.cian.ru/sale/flat/291543574/,625345.36,Последний,Новостройка
27999999.0,ЮВАО,86.0,3.0,8.0,0.0,4.0,https://www.cian.ru/sale/flat/291552965/,325581.38,Средний,Вторичка
16900000.0,ЗАО,74.4,1.0,14.0,0.0,4.0,https://www.cian.ru/sale/flat/291583338/,227150.54,Первый,Вторичка
280322700.0,ЦАО,200.3,10.0,17.0,0.0,4.0,https://www.cian.ru/sale/flat/291590043/,1399514.23,Средний,Вторичка
486000000.0,ЦАО,252.3,4.0,7.0,0.0,4.0,https://www.cian.ru/sale/flat/291590047/,1926278.24,Средний,Вторичка
99000000.0,ЦАО,110.4,3.0,11.0,0.0,3.0,https://www.cian.ru/sale/flat/291590051/,896739.13,Средний,Вторичка
376368800.0,ЦАО,180.9,3.0,9.0,0.0,3.0,https://www.cian.ru/sale/flat/291590056/,2080535.1,Средний,Вторичка
29000000.0,ЦАО,51.8,2.0,14.0,0.0,2.0,https://www.cian.ru/sale/flat/291596233/,559845.56,Средний,Вторичка
70569150.0,ЦАО,78.1,5.0,6.0,0.0,3.0,https://www.cian.ru/sale/flat/291597053/,903574.26,Средний,Вторичка
252637557.0,ЦАО,179.0,4.0,6.0,0.0,3.0,https://www.cian.ru/sale/flat/291599656/,1411383.0,Средний,Вторичка
309657431.0,ЦАО,219.4,4.0,6.0,0.0,3.0,https://www.cian.ru/sale/flat/291604691/,1411383.0,Средний,Вторичка
404596460.0,ЦАО,172.26,5.0,7.0,0.0,3.0,https://www.cian.ru/sale/flat/291636518/,2348754.56,Средний,Вторичка
14400000.0,ЮАО,52.0,2.0,17.0,0.0,2.0,https://www.cian.ru/sale/flat/291641709/,276923.08,Средний,Вторичка
160000000.0,ЦАО,153.3,12.0,21.0,0.0,4.0,https://www.cian.ru/sale/flat/291642079/,1043705.15,Средний,Вторичка
345731330.0,ЦАО,214.0,4.0,6.0,0.0,4.0,https://www.cian.ru/sale/flat/291645443/,1615566.96,Средний,Вторичка
38526976.0,ЮАО,93.6,2.0,19.0,1.0,3.0,https://www.cian.ru/sale/flat/291650434/,411612.99,Средний,Новостройка
38000000.0,ЮАО,83.0,7.0,13.0,0.0,3.0,https://www.cian.ru/sale/flat/291677170/,457831.33,Средний,Вторичка
113500000.0,ЦАО,100.0,8.0,15.0,0.0,3.0,https://www.cian.ru/sale/flat/291697598/,1135000.0,Средний,Вторичка
135000000.0,ЦАО,160.0,4.0,8.0,0.0,4.0,https://www.cian.ru/sale/flat/291703327/,843750.0,Средний,Вторичка
265500000.0,ЦАО,161.6,2.0,7.0,0.0,4.0,https://www.cian.ru/sale/flat/291733228/,1642945.54,Средний,Вторичка
77990000.0,ЦАО,132.3,6.0,8.0,0.0,4.0,https://www.cian.ru/sale/flat/291733595/,589493.58,Средний,Вторичка
9700000.0,ЮЗАО,27.4,1.0,5.0,0.0,1.0,https://www.cian.ru/sale/flat/291751246/,354014.6,Первый,Вторичка
53000000.0,ЦАО,143.5,11.0,29.0,0.0,3.0,https://www.cian.ru/sale/flat/291778194/,369337.98,Средний,Вторичка
480000000.0,ЗАО,225.7,4.0,4.0,0.0,4.0,https://www.cian.ru/sale/flat/291788651/,2126716.88,Последний,Вторичка
12999000.0,ЮЗАО,38.3,19.0,23.0,1.0,1.0,https://www.cian.ru/sale/flat/291789123/,339399.48,Средний,Новостройка
42000000.0,ЗАО,113.0,4.0,41.0,0.0,3.0,https://www.cian.ru/sale/flat/291789707/,371681.42,Средний,Вторичка
63325606.0,ЮАО,108.28,10.0,12.0,1.0,3.0,https://www.cian.ru/sale/flat/291805479/,584831.97,Средний,Новостройка
19000000.0,СЗАО,35.5,7.0,23.0,0.0,1.0,https://www.cian.ru/sale/flat/291807482/,535211.27,Средний,Вторичка
33950000.0,ЦАО,64.0,2.0,7.0,0.0,2.0,https://www.cian.ru/sale/flat/291808973/,530468.75,Средний,Вторичка
14950000.0,САО,54.4,5.0,5.0,0.0,3.0,https://www.cian.ru/sale/flat/291812213/,274816.18,Последний,Вторичка
32000000.0,СЗАО,57.4,21.0,23.0,0.0,2.0,https://www.cian.ru/sale/flat/291856643/,557491.29,Средний,Вторичка
19350000.0,ЗАО,100.4,17.0,22.0,0.0,4.0,https://www.cian.ru/sale/flat/291866313/,192729.08,Средний,Вторичка
22200000.0,ЮАО,114.0,15.0,17.0,0.0,4.0,https://www.cian.ru/sale/flat/291871848/,194736.84,Средний,Вторичка
61300000.0,ЗАО,129.1,2.0,11.0,0.0,4.0,https://www.cian.ru/sale/flat/291881729/,474825.72,Средний,Вторичка
39597215.0,ЮАО,86.02,13.0,14.0,1.0,2.0,https://www.cian.ru/sale/flat/291897545/,460325.68,Средний,Новостройка
21999000.0,ЦАО,41.5,2.0,8.0,0.0,1.0,https://www.cian.ru/sale/flat/291907720/,530096.39,Средний,Вторичка
142440000.0,ЦАО,118.7,30.0,66.0,0.0,3.0,https://www.cian.ru/sale/flat/291914791/,1200000.0,Средний,Вторичка
85000000.0,ЗАО,168.0,10.0,30.0,0.0,4.0,https://www.cian.ru/sale/flat/291914963/,505952.38,Средний,Вторичка
51000000.0,ЮАО,100.8,9.0,22.0,1.0,4.0,https://www.cian.ru/sale/flat/291917483/,505952.38,Средний,Новостройка
196225890.0,ЦАО,195.1,4.0,7.0,0.0,4.0,https://www.cian.ru/sale/flat/291924280/,1005770.84,Средний,Вторичка
46500000.0,ЮЗАО,95.6,3.0,8.0,0.0,4.0,https://www.cian.ru/sale/flat/291924489/,486401.67,Средний,Вторичка
29438644.0,ЮАО,47.76,21.0,21.0,1.0,2.0,https://www.cian.ru/sale/flat/291942937/,616387.02,Последний,Новостройка
43000000.0,ЗАО,98.6,6.0,8.0,0.0,3.0,https://www.cian.ru/sale/flat/291960356/,436105.48,Средний,Вторичка
78500000.0,ЦАО,110.5,11.0,12.0,0.0,4.0,https://www.cian.ru/sale/flat/291962439/,710407.24,Средний,Вторичка
53000000.0,ЗАО,102.5,10.0,25.0,0.0,4.0,https://www.cian.ru/sale/flat/291962765/,517073.17,Средний,Вторичка
19435000.0,САО,54.0,3.0,5.0,0.0,2.0,https://www.cian.ru/sale/flat/291968693/,359907.41,Средний,Вторичка
20000000.0,СЗАО,42.4,18.0,48.0,1.0,1.0,https://www.cian.ru/sale/flat/292001549/,471698.11,Средний,Новостройка
35800000.0,ЦАО,111.0,6.0,12.0,0.0,4.0,https://www.cian.ru/sale/flat/292003209/,322522.52,Средний,Вторичка
37500000.0,СЗАО,68.0,2.0,24.0,0.0,2.0,https://www.cian.ru/sale/flat/292008027/,551470.59,Средний,Вторичка
74990000.0,ЦАО,116.0,5.0,5.0,0.0,4.0,https://www.cian.ru/sale/flat/292017256/,646465.52,Последний,Вторичка
34550099.0,ЗАО,99.6,14.0,30.0,1.0,3.0,https://www.cian.ru/sale/flat/292086495/,346888.54,Средний,Новостройка
38144962.0,ЮАО,54.57,27.0,29.0,1.0,2.0,https://www.cian.ru/sale/flat/292100453/,699009.75,Средний,Новостройка
38610969.0,ЮАО,53.57,28.0,29.0,1.0,2.0,https://www.cian.ru/sale/flat/292100457/,720757.31,Средний,Новостройка
12500000.0,САО,37.0,17.0,17.0,0.0,1.0,https://www.cian.ru/sale/flat/292113104/,337837.84,Последний,Вторичка
21000000.0,ВАО,71.2,3.0,25.0,1.0,3.0,https://www.cian.ru/sale/flat/292125908/,294943.82,Средний,Новостройка
396000000.0,ЦАО,255.6,3.0,7.0,0.0,4.0,https://www.cian.ru/sale/flat/292133913/,1549295.77,Средний,Вторичка
30000000.0,ЮЗАО,74.5,4.0,5.0,0.0,4.0,https://www.cian.ru/sale/flat/292142527/,402684.56,Средний,Вторичка
58000000.0,ЦАО,76.0,1.0,9.0,0.0,2.0,https://www.cian.ru/sale/flat/292142942/,763157.89,Первый,Вторичка
35500000.0,ЗАО,82.0,3.0,5.0,0.0,3.0,https://www.cian.ru/sale/flat/292152839/,432926.83,Средний,Вторичка
107000000.0,ЮАО,110.0,15.0,18.0,0.0,3.0,https://www.cian.ru/sale/flat/292156332/,972727.27,Средний,Вторичка
185000000.0,ЦАО,141.1,2.0,4.0,0.0,4.0,https://www.cian.ru/sale/flat/292193523/,1311126.86,Средний,Вторичка
26723894.0,ЗАО,69.6,7.0,21.0,1.0,2.0,https://www.cian.ru/sale/flat/292213557/,383963.99,Средний,Новостройка
82500000.0,ЗАО,66.0,3.0,8.0,0.0,2.0,https://www.cian.ru/sale/flat/292243588/,1250000.0,Средний,Вторичка
240000000.0,ЦАО,172.0,5.0,9.0,0.0,4.0,https://www.cian.ru/sale/flat/292243678/,1395348.84,Средний,Вторичка
44000000.0,ЗАО,75.0,10.0,26.0,0.0,3.0,https://www.cian.ru/sale/flat/292246278/,586666.67,Средний,Вторичка
560000000.0,ЦАО,280.0,5.0,6.0,0.0,4.0,https://www.cian.ru/sale/flat/292247013/,2000000.0,Средний,Вторичка
179900000.0,ЦАО,170.1,4.0,6.0,0.0,4.0,https://www.cian.ru/sale/flat/292249325/,1057613.17,Средний,Вторичка
47710052.0,ЮАО,109.07,26.0,27.0,1.0,3.0,https://www.cian.ru/sale/flat/292263382/,437425.98,Средний,Новостройка
42812228.0,ЮАО,97.95,27.0,27.0,1.0,3.0,https://www.cian.ru/sale/flat/292263385/,437082.47,Последний,Новостройка
86000000.0,ЦАО,93.0,11.0,17.0,0.0,2.0,https://www.cian.ru/sale/flat/292278816/,924731.18,Средний,Вторичка
245500000.0,ЦАО,136.0,19.0,21.0,1.0,4.0,https://www.cian.ru/sale/flat/292308486/,1805147.06,Средний,Новостройка
250500000.0,ЦАО,139.0,19.0,21.0,1.0,4.0,https://www.cian.ru/sale/flat/292309445/,1802158.27,Средний,Новостройка
147636622.0,ЦАО,183.0,3.0,7.0,0.0,4.0,https://www.cian.ru/sale/flat/292309522/,806757.5,Средний,Вторичка
18000000.0,ЮЗАО,55.1,2.0,8.0,0.0,2.0,https://www.cian.ru/sale/flat/292318097/,326678.77,Средний,Вторичка
59900000.0,ЗАО,145.0,4.0,32.0,0.0,4.0,https://www.cian.ru/sale/flat/292319823/,413103.45,Средний,Вторичка
415812005.0,ЦАО,273.0,7.0,10.0,0.0,4.0,https://www.cian.ru/sale/flat/292321434/,1523120.9,Средний,Вторичка
22950000.0,ЮВАО,98.4,2.0,22.0,0.0,4.0,https://www.cian.ru/sale/flat/292322069/,233231.71,Средний,Вторичка
28174549.0,ЗАО,75.3,18.0,21.0,1.0,2.0,https://www.cian.ru/sale/flat/292337487/,374164.0,Средний,Новостройка
11800000.0,СВАО,45.0,3.0,14.0,0.0,2.0,https://www.cian.ru/sale/flat/292354057/,262222.22,Средний,Вторичка
20300000.0,ЮАО,74.6,4.0,9.0,0.0,4.0,https://www.cian.ru/sale/flat/292374663/,272117.96,Средний,Вторичка
13900000.0,ЮВАО,49.2,1.0,9.0,0.0,2.0,https://www.cian.ru/sale/flat/292375277/,282520.33,Первый,Вторичка
13700000.0,ЮЗАО,49.9,12.0,12.0,0.0,2.0,https://www.cian.ru/sale/flat/292391101/,274549.1,Последний,Вторичка
355075420.0,ЦАО,132.0,2.0,5.0,0.0,4.0,https://www.cian.ru/sale/flat/292396726/,2689965.3,Средний,Вторичка
43900000.0,СВАО,86.6,4.0,14.0,0.0,4.0,https://www.cian.ru/sale/flat/292405596/,506928.41,Средний,Вторичка
11600000.0,ВАО,33.7,5.0,5.0,0.0,1.0,https://www.cian.ru/sale/flat/292408397/,344213.65,Последний,Вторичка
300000000.0,ЦАО,151.3,2.0,7.0,0.0,3.0,https://www.cian.ru/sale/flat/292408704/,1982815.6,Средний,Вторичка
126650000.0,ЦАО,138.0,7.0,7.0,0.0,3.0,https://www.cian.ru/sale/flat/292409934/,917753.62,Последний,Вторичка
38000000.0,САО,64.0,3.0,20.0,0.0,2.0,https://www.cian.ru/sale/flat/292414471/,593750.0,Средний,Вторичка
144638530.0,ЗАО,109.8,7.0,15.0,0.0,3.0,https://www.cian.ru/sale/flat/292425759/,1317290.8,Средний,Вторичка
16350000.0,СВАО,40.0,2.0,13.0,0.0,1.0,https://www.cian.ru/sale/flat/292434467/,408750.0,Средний,Вторичка
119000000.0,ЦАО,200.0,7.0,8.0,0.0,4.0,https://www.cian.ru/sale/flat/292444827/,595000.0,Средний,Вторичка
104500000.0,ЦАО,118.0,3.0,7.0,0.0,4.0,https://www.cian.ru/sale/flat/292444828/,885593.22,Средний,Вторичка
17057880.0,ЮАО,45.8,10.0,11.0,1.0,1.0,https://www.cian.ru/sale/flat/292460513/,372442.79,Средний,Новостройка
18000000.0,ЮВАО,63.0,2.0,9.0,0.0,4.0,https://www.cian.ru/sale/flat/292465322/,285714.29,Средний,Вторичка
169783560.0,ЗАО,123.0,2.0,6.0,0.0,2.0,https://www.cian.ru/sale/flat/292476141/,1380354.15,Средний,Вторичка
14500000.0,САО,65.0,3.0,9.0,0.0,4.0,https://www.cian.ru/sale/flat/292487820/,223076.92,Средний,Вторичка
28700000.0,ЮАО,55.3,3.0,16.0,0.0,2.0,https://www.cian.ru/sale/flat/292520693/,518987.34,Средний,Вторичка
51642900.0,ЮЗАО,83.7,25.0,32.0,1.0,3.0,https://www.cian.ru/sale/flat/292522995/,617000.0,Средний,Новостройка
170000000.0,ЦАО,97.0,7.0,13.0,0.0,3.0,https://www.cian.ru/sale/flat/292537223/,1752577.32,Средний,Вторичка
430000201.0,ЗАО,217.1,3.0,4.0,1.0,3.0,https://www.cian.ru/sale/flat/292542045/,1980655.0,Средний,Новостройка
300000000.0,ЦАО,204.0,4.0,11.0,0.0,4.0,https://www.cian.ru/sale/flat/292544369/,1470588.24,Средний,Вторичка
15300000.0,ВАО,45.8,10.0,14.0,0.0,1.0,https://www.cian.ru/sale/flat/292545798/,334061.14,Средний,Вторичка
33299000.0,ЗАО,112.0,3.0,8.0,0.0,3.0,https://www.cian.ru/sale/flat/292548663/,297312.5,Средний,Вторичка
280322700.0,ЦАО,203.0,10.0,17.0,0.0,4.0,https://www.cian.ru/sale/flat/292548940/,1380900.0,Средний,Вторичка
18200000.0,СВАО,54.0,3.0,5.0,0.0,2.0,https://www.cian.ru/sale/flat/292565452/,337037.04,Средний,Вторичка
85000000.0,ЗАО,110.0,13.0,44.0,0.0,3.0,https://www.cian.ru/sale/flat/292583669/,772727.27,Средний,Вторичка
350000000.0,ЦАО,173.6,2.0,5.0,0.0,3.0,https://www.cian.ru/sale/flat/292587627/,2016129.03,Средний,Вторичка
18250000.0,ЮВАО,90.9,3.0,17.0,0.0,4.0,https://www.cian.ru/sale/flat/292603829/,200770.08,Средний,Вторичка
46000000.0,СВАО,103.0,8.0,19.0,1.0,3.0,https://www.cian.ru/sale/flat/292607783/,446601.94,Средний,Новостройка
45000000.0,СВАО,126.0,22.0,59.0,0.0,4.0,https://www.cian.ru/sale/flat/292607901/,357142.86,Средний,Вторичка
48984168.0,СЗАО,76.6,2.0,43.0,1.0,3.0,https://www.cian.ru/sale/flat/292613228/,639480.0,Средний,Новостройка
51734400.0,СЗАО,80.0,6.0,43.0,1.0,3.0,https://www.cian.ru/sale/flat/292613234/,646680.0,Средний,Новостройка
69417260.0,СЗАО,83.6,16.0,43.0,1.0,3.0,https://www.cian.ru/sale/flat/292613265/,830350.0,Средний,Новостройка
67000990.0,СЗАО,82.6,16.0,43.0,1.0,3.0,https://www.cian.ru/sale/flat/292613266/,811150.0,Средний,Новостройка
30324294.0,СЗАО,56.7,9.0,43.0,1.0,2.0,https://www.cian.ru/sale/flat/292613306/,534820.0,Средний,Новостройка
72129200.0,СЗАО,88.0,38.0,43.0,1.0,3.0,https://www.cian.ru/sale/flat/292613324/,819650.0,Средний,Новостройка
65781840.0,СЗАО,81.6,12.0,43.0,1.0,3.0,https://www.cian.ru/sale/flat/292613350/,806150.0,Средний,Новостройка
24886560.0,СЗАО,37.3,41.0,43.0,1.0,1.0,https://www.cian.ru/sale/flat/292613394/,667200.0,Средний,Новостройка
31547360.0,СЗАО,52.3,14.0,24.0,1.0,2.0,https://www.cian.ru/sale/flat/292613405/,603200.0,Средний,Новостройка
45900000.0,САО,120.0,10.0,34.0,0.0,3.0,https://www.cian.ru/sale/flat/292643004/,382500.0,Средний,Вторичка
8000000.0,ВАО,32.0,1.0,5.0,0.0,1.0,https://www.cian.ru/sale/flat/292648915/,250000.0,Первый,Вторичка
97850000.0,ЦАО,110.4,3.0,4.0,0.0,3.0,https://www.cian.ru/sale/flat/292653563/,886322.46,Средний,Вторичка
23900000.0,ЮЗАО,94.7,3.0,4.0,0.0,4.0,https://www.cian.ru/sale/flat/292658999/,252375.92,Средний,Вторичка
20000000.0,ЮВАО,52.5,8.0,14.0,0.0,2.0,https://www.cian.ru/sale/flat/292659494/,380952.38,Средний,Вторичка
40000000.0,ЦАО,89.3,21.0,32.0,0.0,3.0,https://www.cian.ru/sale/flat/292665474/,447928.33,Средний,Вторичка
13700000.0,СВАО,64.6,9.0,9.0,0.0,4.0,https://www.cian.ru/sale/flat/292667499/,212074.3,Последний,Вторичка
13000000.0,ЮАО,65.0,12.0,18.0,1.0,2.0,https://www.cian.ru/sale/flat/292667670/,200000.0,Средний,Новостройка
78100000.0,ЮЗАО,165.3,4.0,5.0,0.0,4.0,https://www.cian.ru/sale/flat/292680419/,472474.29,Средний,Вторичка
19500000.0,САО,83.9,5.0,14.0,0.0,4.0,https://www.cian.ru/sale/flat/292686236/,232419.55,Средний,Вторичка
11350000.0,ЮЗАО,32.0,1.0,9.0,0.0,1.0,https://www.cian.ru/sale/flat/292686414/,354687.5,Первый,Вторичка
38700000.0,САО,136.0,9.0,22.0,0.0,3.0,https://www.cian.ru/sale/flat/292686416/,284558.82,Средний,Вторичка
79950000.0,ЦАО,159.9,22.0,29.0,0.0,3.0,https://www.cian.ru/sale/flat/292721081/,500000.0,Средний,Вторичка
63800000.0,ЦАО,127.6,22.0,29.0,0.0,3.0,https://www.cian.ru/sale/flat/292721084/,500000.0,Средний,Вторичка
69400000.0,ЦАО,138.8,18.0,29.0,0.0,3.0,https://www.cian.ru/sale/flat/292721087/,500000.0,Средний,Вторичка
200000000.0,ЦАО,209.0,4.0,6.0,0.0,3.0,https://www.cian.ru/sale/flat/292721096/,956937.8,Средний,Вторичка
175500000.0,ЦАО,130.0,3.0,9.0,0.0,3.0,https://www.cian.ru/sale/flat/292723721/,1350000.0,Средний,Вторичка
24900000.0,СЗАО,73.2,20.0,22.0,0.0,2.0,https://www.cian.ru/sale/flat/292730319/,340163.93,Средний,Вторичка
33847838.0,ЮАО,68.8,26.0,26.0,1.0,2.0,https://www.cian.ru/sale/flat/292741926/,491974.39,Последний,Новостройка
24161658.0,ЮАО,53.66,25.0,27.0,1.0,2.0,https://www.cian.ru/sale/flat/292741936/,450273.16,Средний,Новостройка
29412746.0,ЮАО,67.14,27.0,27.0,1.0,2.0,https://www.cian.ru/sale/flat/292741946/,438080.82,Последний,Новостройка
42855959.0,ЮАО,99.55,27.0,27.0,1.0,3.0,https://www.cian.ru/sale/flat/292741980/,430496.83,Последний,Новостройка
27900000.0,ЮЗАО,91.3,6.0,14.0,0.0,4.0,https://www.cian.ru/sale/flat/292746615/,305585.98,Средний,Вторичка
23700000.0,ЦАО,60.5,6.0,10.0,0.0,3.0,https://www.cian.ru/sale/flat/292752282/,391735.54,Средний,Вторичка
153000000.0,ЦАО,94.1,2.0,8.0,0.0,3.0,https://www.cian.ru/sale/flat/292755587/,1625929.86,Средний,Вторичка
119000000.0,ЦАО,190.0,7.0,8.0,0.0,4.0,https://www.cian.ru/sale/flat/292766301/,626315.79,Средний,Вторичка
11820000.0,ЮВАО,50.7,4.0,12.0,0.0,2.0,https://www.cian.ru/sale/flat/292767565/,233136.09,Средний,Вторичка
73000000.0,ЗАО,122.0,14.0,26.0,0.0,4.0,https://www.cian.ru/sale/flat/292771380/,598360.66,Средний,Вторичка
357550360.0,ЦАО,173.6,2.0,5.0,0.0,3.0,https://www.cian.ru/sale/flat/292771959/,2059621.89,Средний,Вторичка
22400000.0,ЮВАО,100.1,21.0,22.0,0.0,4.0,https://www.cian.ru/sale/flat/292772683/,223776.22,Средний,Вторичка
24700000.0,СЗАО,73.2,18.0,22.0,0.0,2.0,https://www.cian.ru/sale/flat/292772892/,337431.69,Средний,Вторичка
14900000.0,ЮВАО,58.4,22.0,25.0,0.0,2.0,https://www.cian.ru/sale/flat/292772970/,255136.99,Средний,Вторичка
175500000.0,ЦАО,130.0,3.0,9.0,0.0,4.0,https://www.cian.ru/sale/flat/292773654/,1350000.0,Средний,Вторичка
56064540.0,ЦАО,124.0,4.0,6.0,0.0,4.0,https://www.cian.ru/sale/flat/292789448/,452133.39,Средний,Вторичка
153000000.0,ЦАО,94.1,2.0,8.0,0.0,3.0,https://www.cian.ru/sale/flat/292805935/,1625929.86,Средний,Вторичка
21660000.0,ЦАО,38.0,2.0,10.0,0.0,2.0,https://www.cian.ru/sale/flat/292808866/,570000.0,Средний,Вторичка
9200000.0,ВАО,35.0,6.0,9.0,0.0,1.0,https://www.cian.ru/sale/flat/292809252/,262857.14,Средний,Вторичка
28436974.0,СЗАО,60.0,16.0,16.0,1.0,2.0,https://www.cian.ru/sale/flat/292809866/,473949.57,Последний,Новостройка
182209755.0,ЦАО,165.9,9.0,18.0,0.0,4.0,https://www.cian.ru/sale/flat/292822064/,1098310.76,Средний,Вторичка
137000000.0,ЦАО,126.0,7.0,18.0,0.0,4.0,https://www.cian.ru/sale/flat/292852388/,1087301.59,Средний,Вторичка
17800000.0,СВАО,102.0,6.0,22.0,0.0,4.0,https://www.cian.ru/sale/flat/292859247/,174509.8,Средний,Вторичка
24400000.0,СЗАО,34.1,15.0,29.0,1.0,1.0,https://www.cian.ru/sale/flat/292879600/,715542.52,Средний,Новостройка
28700000.0,ВАО,60.3,2.0,16.0,0.0,2.0,https://www.cian.ru/sale/flat/292881456/,475953.57,Средний,Вторичка
39500000.0,ЗАО,119.0,12.0,24.0,0.0,4.0,https://www.cian.ru/sale/flat/292883762/,331932.77,Средний,Вторичка
49900000.0,САО,126.0,6.0,34.0,0.0,4.0,https://www.cian.ru/sale/flat/292912365/,396031.75,Средний,Вторичка
56000000.0,ЦАО,105.9,7.0,10.0,0.0,2.0,https://www.cian.ru/sale/flat/292930320/,528800.76,Средний,Вторичка
32160000.0,САО,107.2,2.0,22.0,0.0,3.0,https://www.cian.ru/sale/flat/292936310/,300000.0,Средний,Вторичка
49500000.0,СВАО,80.0,50.0,55.0,1.0,3.0,https://www.cian.ru/sale/flat/292941932/,618750.0,Средний,Новостройка
24000000.0,СВАО,42.0,50.0,55.0,1.0,1.0,https://www.cian.ru/sale/flat/292941944/,571428.57,Средний,Новостройка
23990000.0,СЗАО,48.1,5.0,30.0,1.0,2.0,https://www.cian.ru/sale/flat/292944249/,498752.6,Средний,Новостройка
22900000.0,СЗАО,46.2,18.0,24.0,0.0,2.0,https://www.cian.ru/sale/flat/292945698/,495671.0,Средний,Вторичка
60000000.0,ЦАО,49.3,2.0,11.0,0.0,1.0,https://www.cian.ru/sale/flat/292945725/,1217038.54,Средний,Вторичка
33000000.0,ЦАО,57.4,5.0,15.0,0.0,2.0,https://www.cian.ru/sale/flat/292945866/,574912.89,Средний,Вторичка
82000000.0,СЗАО,190.0,9.0,35.0,0.0,4.0,https://www.cian.ru/sale/flat/292953495/,431578.95,Средний,Вторичка
576973371.0,ЦАО,219.2,2.0,4.0,0.0,3.0,https://www.cian.ru/sale/flat/292979032/,2632177.79,Средний,Вторичка
78000000.0,ЮАО,85.2,9.0,18.0,0.0,3.0,https://www.cian.ru/sale/flat/292980150/,915492.96,Средний,Вторичка
100000000.0,ЦАО,118.0,4.0,14.0,0.0,3.0,https://www.cian.ru/sale/flat/292984012/,847457.63,Средний,Вторичка
82153253.0,ЦАО,109.3,4.0,6.0,0.0,4.0,https://www.cian.ru/sale/flat/293032511/,751630.86,Средний,Вторичка
11950000.0,ЮАО,52.2,11.0,14.0,0.0,2.0,https://www.cian.ru/sale/flat/293032694/,228927.2,Средний,Вторичка
16790000.0,ВАО,53.1,6.0,16.0,0.0,2.0,https://www.cian.ru/sale/flat/293033843/,316195.86,Средний,Вторичка
26500000.0,СЗАО,42.7,11.0,21.0,0.0,2.0,https://www.cian.ru/sale/flat/293044967/,620608.9,Средний,Вторичка
30100000.0,СЗАО,98.8,4.0,6.0,0.0,4.0,https://www.cian.ru/sale/flat/293069600/,304655.87,Средний,Вторичка
39500000.0,ЦАО,55.7,22.0,22.0,0.0,2.0,https://www.cian.ru/sale/flat/293069620/,709156.19,Последний,Вторичка
11500000.0,САО,52.2,3.0,16.0,0.0,2.0,https://www.cian.ru/sale/flat/293078878/,220306.51,Средний,Вторичка
560645400.0,ЦАО,277.9,3.0,6.0,0.0,4.0,https://www.cian.ru/sale/flat/293085065/,2017435.77,Средний,Вторичка
35800000.0,ЗАО,79.5,3.0,20.0,1.0,2.0,https://www.cian.ru/sale/flat/293099912/,450314.47,Средний,Новостройка
32300000.0,ЦАО,101.4,5.0,9.0,0.0,4.0,https://www.cian.ru/sale/flat/293117659/,318540.43,Средний,Вторичка
25440000.0,СЗАО,42.4,43.0,43.0,1.0,1.0,https://www.cian.ru/sale/flat/293124821/,600000.0,Последний,Новостройка
114600000.0,ЦАО,120.0,3.0,8.0,0.0,3.0,https://www.cian.ru/sale/flat/293143542/,955000.0,Средний,Вторичка
57500000.0,СЗАО,119.0,11.0,16.0,0.0,4.0,https://www.cian.ru/sale/flat/293144498/,483193.28,Средний,Вторичка
18690000.0,ЮВАО,85.6,3.0,12.0,0.0,4.0,https://www.cian.ru/sale/flat/293144686/,218341.12,Средний,Вторичка
153000000.0,ЦАО,94.0,2.0,7.0,0.0,3.0,https://www.cian.ru/sale/flat/293145354/,1627659.57,Средний,Вторичка
34499000.0,ЦАО,101.4,5.0,12.0,0.0,4.0,https://www.cian.ru/sale/flat/293149098/,340226.82,Средний,Вторичка
11800000.0,САО,37.0,5.0,9.0,0.0,2.0,https://www.cian.ru/sale/flat/293166750/,318918.92,Средний,Вторичка
32000000.0,ЦАО,70.0,9.0,9.0,0.0,3.0,https://www.cian.ru/sale/flat/293186399/,457142.86,Последний,Вторичка
40000000.0,ЮЗАО,106.0,5.0,15.0,0.0,3.0,https://www.cian.ru/sale/flat/293186402/,377358.49,Средний,Вторичка
39500000.0,ЦАО,83.9,20.0,53.0,0.0,3.0,https://www.cian.ru/sale/flat/293186412/,470798.57,Средний,Вторичка
18432030.0,ЗАО,46.3,32.0,33.0,1.0,2.0,https://www.cian.ru/sale/flat/293187689/,398100.0,Средний,Новостройка
37403070.0,ЮАО,82.9,7.0,16.0,1.0,3.0,https://www.cian.ru/sale/flat/293203813/,451182.99,Средний,Новостройка
30115475.0,ЮАО,65.8,14.0,16.0,1.0,2.0,https://www.cian.ru/sale/flat/293203827/,457681.99,Средний,Новостройка
29705530.0,ЮАО,64.4,6.0,16.0,1.0,2.0,https://www.cian.ru/sale/flat/293203840/,461265.99,Средний,Новостройка
29759589.0,ЮАО,64.2,7.0,16.0,1.0,2.0,https://www.cian.ru/sale/flat/293203842/,463545.0,Средний,Новостройка
30410378.0,ЮАО,61.3,31.0,40.0,1.0,2.0,https://www.cian.ru/sale/flat/293203849/,496091.0,Средний,Новостройка
74653941.0,ЮАО,129.3,32.0,40.0,1.0,4.0,https://www.cian.ru/sale/flat/293203859/,577370.0,Средний,Новостройка
48170405.0,ЮАО,93.1,29.0,40.0,1.0,3.0,https://www.cian.ru/sale/flat/293203870/,517404.99,Средний,Новостройка
33290901.0,ЮАО,64.5,12.0,40.0,1.0,2.0,https://www.cian.ru/sale/flat/293203884/,516138.0,Средний,Новостройка
57333827.0,ЮАО,114.7,27.0,40.0,1.0,4.0,https://www.cian.ru/sale/flat/293203905/,499859.0,Средний,Новостройка
35158818.0,ЮАО,69.8,4.0,40.0,1.0,2.0,https://www.cian.ru/sale/flat/293203914/,503707.99,Средний,Новостройка
36074830.0,ЮАО,68.3,11.0,40.0,1.0,2.0,https://www.cian.ru/sale/flat/293203923/,528181.99,Средний,Новостройка
29905514.0,ЮАО,62.0,13.0,40.0,1.0,2.0,https://www.cian.ru/sale/flat/293203927/,482347.0,Средний,Новостройка
33469130.0,ЮАО,64.4,16.0,40.0,1.0,2.0,https://www.cian.ru/sale/flat/293203934/,519706.99,Средний,Новостройка
50908916.0,ЮАО,85.3,24.0,40.0,1.0,3.0,https://www.cian.ru/sale/flat/293203944/,596821.99,Средний,Новостройка
31044068.0,ЮАО,60.3,30.0,40.0,1.0,2.0,https://www.cian.ru/sale/flat/293203948/,514827.0,Средний,Новостройка
44072325.0,ЮАО,69.1,9.0,16.0,1.0,2.0,https://www.cian.ru/sale/flat/293203965/,637804.99,Средний,Новостройка
23586571.0,ЮАО,37.4,16.0,16.0,1.0,1.0,https://www.cian.ru/sale/flat/293203986/,630656.98,Последний,Новостройка
30454394.0,ЮАО,53.3,16.0,16.0,1.0,2.0,https://www.cian.ru/sale/flat/293203988/,571377.0,Последний,Новостройка
32357376.0,ЮАО,62.6,3.0,16.0,1.0,2.0,https://www.cian.ru/sale/flat/293203991/,516890.99,Средний,Новостройка
32417493.0,ЮАО,62.3,4.0,16.0,1.0,2.0,https://www.cian.ru/sale/flat/293203993/,520344.99,Средний,Новостройка
52708069.0,ЮАО,101.8,3.0,16.0,1.0,4.0,https://www.cian.ru/sale/flat/293204000/,517760.99,Средний,Новостройка
40584440.0,ЮАО,86.1,5.0,16.0,1.0,3.0,https://www.cian.ru/sale/flat/293204006/,471364.0,Средний,Новостройка
44568079.0,ЮАО,67.3,9.0,16.0,1.0,2.0,https://www.cian.ru/sale/flat/293204012/,662230.0,Средний,Новостройка
51983138.0,ЮАО,93.2,16.0,16.0,1.0,3.0,https://www.cian.ru/sale/flat/293204020/,557758.99,Последний,Новостройка
47884780.0,ЮАО,94.2,16.0,16.0,1.0,3.0,https://www.cian.ru/sale/flat/293204024/,508331.0,Последний,Новостройка
42235890.0,ЮАО,86.0,6.0,16.0,1.0,3.0,https://www.cian.ru/sale/flat/293204030/,491115.0,Средний,Новостройка
31633073.0,ЮАО,64.2,11.0,16.0,1.0,2.0,https://www.cian.ru/sale/flat/293204033/,492726.99,Средний,Новостройка
29612067.0,ЮАО,53.9,11.0,16.0,1.0,2.0,https://www.cian.ru/sale/flat/293204034/,549389.0,Средний,Новостройка
43900653.0,ЮАО,75.3,15.0,15.0,1.0,3.0,https://www.cian.ru/sale/flat/293204073/,583010.0,Последний,Новостройка
44234611.0,ЮАО,83.2,8.0,15.0,1.0,3.0,https://www.cian.ru/sale/flat/293204083/,531666.0,Средний,Новостройка
25178208.0,ЮАО,44.0,15.0,15.0,1.0,2.0,https://www.cian.ru/sale/flat/293204091/,572232.0,Последний,Новостройка
48217808.0,ЮАО,86.1,15.0,15.0,1.0,3.0,https://www.cian.ru/sale/flat/293204095/,560021.0,Последний,Новостройка
24092278.0,ЮАО,45.2,11.0,15.0,1.0,1.0,https://www.cian.ru/sale/flat/293204179/,533015.0,Средний,Новостройка
20971595.0,ЮАО,39.4,10.0,15.0,1.0,1.0,https://www.cian.ru/sale/flat/293204200/,532273.98,Средний,Новостройка
24427658.0,ЮАО,47.9,11.0,15.0,1.0,1.0,https://www.cian.ru/sale/flat/293204219/,509971.98,Средний,Новостройка
23394666.0,ЮАО,43.0,11.0,15.0,1.0,1.0,https://www.cian.ru/sale/flat/293204223/,544062.0,Средний,Новостройка
53428603.0,ЮАО,101.7,13.0,14.0,1.0,3.0,https://www.cian.ru/sale/flat/293204247/,525355.0,Средний,Новостройка
22109864.0,ЮАО,44.3,13.0,14.0,1.0,1.0,https://www.cian.ru/sale/flat/293204253/,499094.0,Средний,Новостройка
23006706.0,ЮАО,42.4,13.0,14.0,1.0,1.0,https://www.cian.ru/sale/flat/293204255/,542610.99,Средний,Новостройка
41320668.0,ЮАО,73.2,11.0,14.0,1.0,2.0,https://www.cian.ru/sale/flat/293204283/,564490.0,Средний,Новостройка
35711586.0,ЮАО,64.5,11.0,14.0,1.0,2.0,https://www.cian.ru/sale/flat/293204284/,553668.0,Средний,Новостройка
53643330.0,ЮАО,113.1,12.0,15.0,1.0,3.0,https://www.cian.ru/sale/flat/293204301/,474300.0,Средний,Новостройка
21557020.0,ЮАО,35.5,15.0,15.0,1.0,1.0,https://www.cian.ru/sale/flat/293204303/,607240.0,Последний,Новостройка
55603297.0,ЮАО,106.3,12.0,15.0,1.0,3.0,https://www.cian.ru/sale/flat/293204330/,523078.99,Средний,Новостройка
42495024.0,ЮАО,88.0,3.0,15.0,1.0,2.0,https://www.cian.ru/sale/flat/293204334/,482898.0,Средний,Новостройка
57568448.0,ЮАО,112.0,13.0,15.0,1.0,3.0,https://www.cian.ru/sale/flat/293204360/,514004.0,Средний,Новостройка
25099552.0,ЮАО,40.1,15.0,15.0,1.0,1.0,https://www.cian.ru/sale/flat/293204363/,625923.99,Последний,Новостройка
28891281.0,ЮАО,47.1,15.0,15.0,1.0,1.0,https://www.cian.ru/sale/flat/293204364/,613402.99,Последний,Новостройка
27332367.0,ЮАО,46.1,17.0,22.0,1.0,1.0,https://www.cian.ru/sale/flat/293204368/,592892.99,Средний,Новостройка
29239804.0,ЮАО,44.6,18.0,22.0,1.0,1.0,https://www.cian.ru/sale/flat/293204369/,655600.99,Средний,Новостройка
46551206.0,ЮАО,93.9,14.0,22.0,1.0,3.0,https://www.cian.ru/sale/flat/293204378/,495752.99,Средний,Новостройка
45892379.0,ЮАО,89.8,18.0,22.0,1.0,3.0,https://www.cian.ru/sale/flat/293204381/,511050.99,Средний,Новостройка
54606240.0,ЮАО,93.6,21.0,22.0,1.0,3.0,https://www.cian.ru/sale/flat/293204383/,583400.0,Средний,Новостройка
53335324.0,ЮАО,98.0,14.0,22.0,1.0,3.0,https://www.cian.ru/sale/flat/293204412/,544238.0,Средний,Новостройка
35520737.0,ЮАО,63.4,17.0,22.0,1.0,2.0,https://www.cian.ru/sale/flat/293204415/,560263.99,Средний,Новостройка
48066147.0,ЮАО,86.5,19.0,22.0,1.0,3.0,https://www.cian.ru/sale/flat/293204417/,555678.0,Средний,Новостройка
59900000.0,ЮЗАО,96.9,17.0,21.0,0.0,3.0,https://www.cian.ru/sale/flat/293224687/,618163.05,Средний,Вторичка
16450000.0,СЗАО,41.0,13.0,25.0,1.0,1.0,https://www.cian.ru/sale/flat/293236021/,401219.51,Средний,Новостройка
17000000.0,САО,55.0,5.0,16.0,0.0,2.0,https://www.cian.ru/sale/flat/293250714/,309090.91,Средний,Вторичка
36600000.0,ЮАО,96.37,3.0,5.0,1.0,4.0,https://www.cian.ru/sale/flat/293289984/,379786.24,Средний,Новостройка
33800000.0,ВАО,90.8,2.0,30.0,0.0,3.0,https://www.cian.ru/sale/flat/293313393/,372246.7,Средний,Вторичка
27500000.0,ЗАО,50.0,12.0,21.0,0.0,1.0,https://www.cian.ru/sale/flat/293328305/,550000.0,Средний,Вторичка
42665922.0,ЮАО,82.7,5.0,15.0,1.0,2.0,https://www.cian.ru/sale/flat/293356235/,515912.0,Средний,Новостройка
37950043.0,ЮАО,59.3,18.0,22.0,1.0,2.0,https://www.cian.ru/sale/flat/293356259/,639967.0,Средний,Новостройка
26000000.0,ЮЗАО,92.0,18.0,19.0,0.0,4.0,https://www.cian.ru/sale/flat/293357587/,282608.7,Средний,Вторичка
50142000.0,ЦАО,107.37,17.0,18.0,1.0,3.0,https://www.cian.ru/sale/flat/293376073/,467001.96,Средний,Новостройка
46510000.0,ЦАО,111.95,4.0,35.0,1.0,3.0,https://www.cian.ru/sale/flat/293376079/,415453.33,Средний,Новостройка
50864200.0,ЦАО,113.89,12.0,35.0,1.0,3.0,https://www.cian.ru/sale/flat/293376081/,446608.13,Средний,Новостройка
51216400.0,ЦАО,117.24,12.0,35.0,1.0,4.0,https://www.cian.ru/sale/flat/293376084/,436850.9,Средний,Новостройка
53639200.0,ЦАО,117.64,22.0,35.0,1.0,3.0,https://www.cian.ru/sale/flat/293376089/,455960.56,Средний,Новостройка
55802800.0,ЦАО,117.64,32.0,35.0,1.0,3.0,https://www.cian.ru/sale/flat/293376093/,474352.26,Средний,Новостройка
50380000.0,ЦАО,100.0,30.0,51.0,1.0,4.0,https://www.cian.ru/sale/flat/293376098/,503800.0,Средний,Новостройка
38392500.0,ЦАО,82.43,22.0,30.0,1.0,2.0,https://www.cian.ru/sale/flat/293376102/,465758.83,Средний,Новостройка
49856500.0,ЦАО,113.69,8.0,14.0,1.0,4.0,https://www.cian.ru/sale/flat/293376105/,438530.21,Средний,Новостройка
48374600.0,ЦАО,99.78,36.0,51.0,1.0,2.0,https://www.cian.ru/sale/flat/293376108/,484812.59,Средний,Новостройка
106500000.0,ЦАО,146.0,4.0,12.0,0.0,3.0,https://www.cian.ru/sale/flat/293377423/,729452.05,Средний,Вторичка
31596373.0,САО,74.1,35.0,43.0,1.0,2.0,https://www.cian.ru/sale/flat/293391924/,426401.79,Средний,Новостройка
21500000.0,ВАО,94.2,10.0,12.0,0.0,4.0,https://www.cian.ru/sale/flat/293392921/,228237.79,Средний,Вторичка
24710400.0,ВАО,78.0,29.0,33.0,1.0,3.0,https://www.cian.ru/sale/flat/293402779/,316800.0,Средний,Новостройка
14728625.0,ЮВАО,37.1,29.0,33.0,1.0,1.0,https://www.cian.ru/sale/flat/293402797/,396997.98,Средний,Новостройка
21500000.0,ЦАО,40.0,6.0,14.0,0.0,1.0,https://www.cian.ru/sale/flat/293420284/,537500.0,Средний,Вторичка
21950000.0,ЮЗАО,61.7,3.0,9.0,0.0,2.0,https://www.cian.ru/sale/flat/293428779/,355753.65,Средний,Вторичка
210242025.0,ЦАО,185.0,2.0,6.0,0.0,4.0,https://www.cian.ru/sale/flat/293433594/,1136443.38,Средний,Вторичка
106500000.0,ЦАО,146.0,4.0,9.0,0.0,3.0,https://www.cian.ru/sale/flat/293448196/,729452.05,Средний,Вторичка
235000000.0,ЗАО,434.0,22.0,22.0,0.0,4.0,https://www.cian.ru/sale/flat/293449799/,541474.65,Последний,Вторичка
18500000.0,ЗАО,73.0,5.0,5.0,0.0,3.0,https://www.cian.ru/sale/flat/293454410/,253424.66,Последний,Вторичка
45000000.0,ЦАО,79.0,15.0,20.0,0.0,3.0,https://www.cian.ru/sale/flat/293456282/,569620.25,Средний,Вторичка
89500000.0,ЦАО,104.0,3.0,17.0,0.0,4.0,https://www.cian.ru/sale/flat/293498431/,860576.92,Средний,Вторичка
39000000.0,ЗАО,87.2,8.0,22.0,0.0,2.0,https://www.cian.ru/sale/flat/293510493/,447247.71,Средний,Вторичка
147636622.0,ЦАО,183.0,3.0,7.0,0.0,4.0,https://www.cian.ru/sale/flat/293515347/,806757.5,Средний,Вторичка
59000000.0,ЗАО,76.0,15.0,51.0,0.0,3.0,https://www.cian.ru/sale/flat/293515367/,776315.79,Средний,Вторичка
34000000.0,ЦАО,87.0,35.0,35.0,0.0,2.0,https://www.cian.ru/sale/flat/293521736/,390804.6,Последний,Вторичка
63400823.0,ЮАО,114.4,32.0,40.0,1.0,4.0,https://www.cian.ru/sale/flat/293539858/,554203.0,Средний,Новостройка
30500000.0,ЮАО,60.0,31.0,40.0,0.0,3.0,https://www.cian.ru/sale/flat/293569046/,508333.33,Средний,Вторичка
12100000.0,СВАО,35.4,10.0,17.0,0.0,1.0,https://www.cian.ru/sale/flat/293574412/,341807.91,Средний,Вторичка
83000000.0,ЗАО,66.0,3.0,12.0,0.0,2.0,https://www.cian.ru/sale/flat/293596614/,1257575.76,Средний,Вторичка
250000000.0,ЦАО,170.0,6.0,11.0,0.0,4.0,https://www.cian.ru/sale/flat/293620532/,1470588.24,Средний,Вторичка
62000000.0,САО,130.0,16.0,30.0,0.0,3.0,https://www.cian.ru/sale/flat/293623280/,476923.08,Средний,Вторичка
29900000.0,СЗАО,136.0,13.0,23.0,0.0,4.0,https://www.cian.ru/sale/flat/293633931/,219852.94,Средний,Вторичка
21000000.0,СВАО,78.0,8.0,8.0,0.0,4.0,https://www.cian.ru/sale/flat/293636204/,269230.77,Последний,Вторичка
49222656.0,ЮАО,106.6,5.0,15.0,1.0,3.0,https://www.cian.ru/sale/flat/293637037/,461750.99,Средний,Новостройка
194800000.0,ЗАО,160.0,47.0,54.0,0.0,3.0,https://www.cian.ru/sale/flat/293641999/,1217500.0,Средний,Вторичка
7900000.0,ВАО,35.1,3.0,9.0,0.0,1.0,https://www.cian.ru/sale/flat/293651268/,225071.23,Средний,Вторичка
106500000.0,ЦАО,143.0,4.0,12.0,0.0,3.0,https://www.cian.ru/sale/flat/293653748/,744755.24,Средний,Вторичка
9900000.0,ВАО,43.8,7.0,9.0,0.0,2.0,https://www.cian.ru/sale/flat/293658515/,226027.4,Средний,Вторичка
24500000.0,СЗАО,49.0,12.0,29.0,1.0,2.0,https://www.cian.ru/sale/flat/293665844/,500000.0,Средний,Новостройка
94000000.0,ЦАО,140.0,4.0,5.0,0.0,4.0,https://www.cian.ru/sale/flat/293666101/,671428.57,Средний,Вторичка
44000000.0,ЮАО,94.2,2.0,41.0,0.0,2.0,https://www.cian.ru/sale/flat/293675485/,467091.3,Средний,Вторичка
35000000.0,СЗАО,100.0,4.0,18.0,0.0,4.0,https://www.cian.ru/sale/flat/293692987/,350000.0,Средний,Вторичка
411139960.0,ЦАО,273.0,7.0,10.0,0.0,4.0,https://www.cian.ru/sale/flat/293697907/,1506007.18,Средний,Вторичка
23900000.0,СВАО,65.0,4.0,38.0,0.0,2.0,https://www.cian.ru/sale/flat/293704749/,367692.31,Средний,Вторичка
43199570.0,СЗАО,73.4,14.0,24.0,1.0,3.0,https://www.cian.ru/sale/flat/293710891/,588550.0,Средний,Новостройка
215000000.0,ЦАО,135.0,4.0,5.0,0.0,3.0,https://www.cian.ru/sale/flat/293717850/,1592592.59,Средний,Вторичка
11500000.0,САО,40.4,8.0,9.0,0.0,2.0,https://www.cian.ru/sale/flat/293725330/,284653.47,Средний,Вторичка
59000000.0,САО,90.6,2.0,27.0,0.0,2.0,https://www.cian.ru/sale/flat/293729302/,651214.13,Средний,Вторичка
30086103.0,ЮАО,61.2,26.0,40.0,1.0,2.0,https://www.cian.ru/sale/flat/293736434/,491602.99,Средний,Новостройка
21968491.0,ЮАО,41.8,7.0,16.0,1.0,1.0,https://www.cian.ru/sale/flat/293736475/,525561.99,Средний,Новостройка
20128403.0,ЮАО,40.9,10.0,16.0,1.0,1.0,https://www.cian.ru/sale/flat/293736482/,492136.99,Средний,Новостройка
58232083.0,ЮАО,113.5,8.0,15.0,1.0,3.0,https://www.cian.ru/sale/flat/293736491/,513058.0,Средний,Новостройка
50359257.0,ЮАО,109.9,5.0,15.0,1.0,3.0,https://www.cian.ru/sale/flat/293736507/,458228.0,Средний,Новостройка
55721773.0,ЮАО,112.2,5.0,15.0,1.0,3.0,https://www.cian.ru/sale/flat/293736511/,496628.99,Средний,Новостройка
51300000.0,СЗАО,124.4,5.0,7.0,0.0,4.0,https://www.cian.ru/sale/flat/293739181/,412379.42,Средний,Вторичка
26500000.0,ЮАО,59.1,5.0,6.0,0.0,2.0,https://www.cian.ru/sale/flat/293741013/,448392.55,Средний,Вторичка
96000000.0,СЗАО,162.1,2.0,6.0,0.0,4.0,https://www.cian.ru/sale/flat/293750379/,592227.02,Средний,Вторичка
31500000.0,САО,98.6,11.0,22.0,0.0,3.0,https://www.cian.ru/sale/flat/293760884/,319472.62,Средний,Вторичка
50000000.0,ЗАО,98.0,7.0,41.0,1.0,3.0,https://www.cian.ru/sale/flat/293779870/,510204.08,Средний,Новостройка
40900000.0,СЗАО,81.0,23.0,25.0,1.0,3.0,https://www.cian.ru/sale/flat/293779965/,504938.27,Средний,Новостройка
110000000.0,САО,112.8,10.0,41.0,0.0,4.0,https://www.cian.ru/sale/flat/293781651/,975177.3,Средний,Вторичка
62749314.0,ЮАО,106.82,8.0,29.0,1.0,3.0,https://www.cian.ru/sale/flat/293801361/,587430.39,Средний,Новостройка
57500000.0,ЦАО,86.6,9.0,9.0,0.0,3.0,https://www.cian.ru/sale/flat/293806073/,663972.29,Последний,Вторичка
330000000.0,ЗАО,214.0,2.0,6.0,0.0,4.0,https://www.cian.ru/sale/flat/293809446/,1542056.07,Средний,Вторичка
22400000.0,СВАО,41.1,6.0,30.0,1.0,1.0,https://www.cian.ru/sale/flat/293816918/,545012.17,Средний,Новостройка
13000000.0,ЗАО,40.0,10.0,12.0,0.0,2.0,https://www.cian.ru/sale/flat/293819595/,325000.0,Средний,Вторичка
24900000.0,ВАО,93.0,1.0,12.0,0.0,4.0,https://www.cian.ru/sale/flat/293819925/,267741.94,Первый,Вторичка
35500000.0,СВАО,98.0,4.0,11.0,0.0,3.0,https://www.cian.ru/sale/flat/293837893/,362244.9,Средний,Вторичка
11350000.0,ЗАО,33.4,11.0,25.0,0.0,1.0,https://www.cian.ru/sale/flat/293841011/,339820.36,Средний,Вторичка
27500000.0,САО,72.0,3.0,27.0,0.0,2.0,https://www.cian.ru/sale/flat/293847148/,381944.44,Средний,Вторичка
29354320.0,ВАО,84.4,14.0,33.0,1.0,3.0,https://www.cian.ru/sale/flat/293849324/,347800.0,Средний,Новостройка
15340292.0,ЮВАО,38.9,31.0,33.0,1.0,1.0,https://www.cian.ru/sale/flat/293849362/,394351.98,Средний,Новостройка
20000000.0,ЮАО,97.7,17.0,18.0,0.0,4.0,https://www.cian.ru/sale/flat/293891888/,204708.29,Средний,Вторичка
30800000.0,ЗАО,67.0,33.0,41.0,0.0,2.0,https://www.cian.ru/sale/flat/293892011/,459701.49,Средний,Вторичка
53000000.0,ЦАО,41.0,4.0,21.0,0.0,2.0,https://www.cian.ru/sale/flat/293905913/,1292682.93,Средний,Вторичка
140000000.0,ЦАО,200.0,3.0,6.0,0.0,4.0,https://www.cian.ru/sale/flat/293906419/,700000.0,Средний,Вторичка
35500000.0,СВАО,98.0,4.0,11.0,0.0,4.0,https://www.cian.ru/sale/flat/293909122/,362244.9,Средний,Вторичка
31000000.0,СЗАО,67.1,11.0,43.0,0.0,2.0,https://www.cian.ru/sale/flat/293909175/,461997.02,Средний,Вторичка
30440000.0,ЗАО,71.0,4.0,25.0,0.0,2.0,https://www.cian.ru/sale/flat/293912931/,428732.39,Средний,Вторичка
34102720.0,СЗАО,63.2,24.0,43.0,1.0,2.0,https://www.cian.ru/sale/flat/293914112/,539600.0,Средний,Новостройка
190000000.0,ЦАО,185.0,4.0,9.0,0.0,4.0,https://www.cian.ru/sale/flat/293934154/,1027027.03,Средний,Вторичка
46500000.0,ЦАО,121.0,2.0,13.0,0.0,3.0,https://www.cian.ru/sale/flat/293938241/,384297.52,Средний,Вторичка
295990000.0,ЗАО,238.2,3.0,9.0,0.0,4.0,https://www.cian.ru/sale/flat/293947623/,1242611.25,Средний,Вторичка
82000000.0,ЗАО,65.6,3.0,9.0,0.0,2.0,https://www.cian.ru/sale/flat/293947936/,1250000.0,Средний,Вторичка
16000000.0,ЮАО,82.2,13.0,20.0,1.0,2.0,https://www.cian.ru/sale/flat/293948906/,194647.2,Средний,Новостройка
52000000.0,ЦАО,85.0,6.0,22.0,0.0,2.0,https://www.cian.ru/sale/flat/293949943/,611764.71,Средний,Вторичка
32000000.0,СВАО,100.0,12.0,22.0,0.0,4.0,https://www.cian.ru/sale/flat/293965333/,320000.0,Средний,Вторичка
67980000.0,САО,115.0,5.0,57.0,0.0,3.0,https://www.cian.ru/sale/flat/293977589/,591130.43,Средний,Вторичка
207002840.0,ЦАО,164.0,3.0,5.0,0.0,3.0,https://www.cian.ru/sale/flat/293982392/,1262212.44,Средний,Вторичка
60000000.0,ЦАО,101.7,4.0,6.0,0.0,4.0,https://www.cian.ru/sale/flat/293990998/,589970.5,Средний,Вторичка
327000000.0,ЦАО,182.0,4.0,6.0,0.0,4.0,https://www.cian.ru/sale/flat/293996621/,1796703.3,Средний,Вторичка
188800000.0,ЗАО,163.0,47.0,54.0,0.0,3.0,https://www.cian.ru/sale/flat/294029718/,1158282.21,Средний,Вторичка
183000000.0,ЦАО,160.0,5.0,7.0,0.0,3.0,https://www.cian.ru/sale/flat/294031984/,1143750.0,Средний,Вторичка
183000000.0,ЦАО,160.0,5.0,7.0,0.0,4.0,https://www.cian.ru/sale/flat/294031986/,1143750.0,Средний,Вторичка
18878400.0,СВАО,50.1,12.0,27.0,1.0,1.0,https://www.cian.ru/sale/flat/294033379/,376814.37,Средний,Новостройка
23771000.0,СВАО,68.9,4.0,27.0,1.0,2.0,https://www.cian.ru/sale/flat/294033454/,345007.26,Средний,Новостройка
23654000.0,СВАО,62.7,13.0,27.0,1.0,2.0,https://www.cian.ru/sale/flat/294033465/,377256.78,Средний,Новостройка
22634700.0,СВАО,60.3,16.0,27.0,1.0,2.0,https://www.cian.ru/sale/flat/294033466/,375368.16,Средний,Новостройка
26428000.0,СВАО,76.6,2.0,27.0,1.0,2.0,https://www.cian.ru/sale/flat/294033495/,345013.05,Средний,Новостройка
29293000.0,СВАО,78.1,9.0,27.0,1.0,2.0,https://www.cian.ru/sale/flat/294033524/,375070.42,Средний,Новостройка
25066035.0,СВАО,74.2,16.0,27.0,1.0,2.0,https://www.cian.ru/sale/flat/294033539/,337817.18,Средний,Новостройка
30756000.0,СВАО,82.0,8.0,27.0,1.0,2.0,https://www.cian.ru/sale/flat/294033540/,375073.17,Средний,Новостройка
25602975.0,СВАО,72.0,17.0,27.0,1.0,2.0,https://www.cian.ru/sale/flat/294033541/,355596.88,Средний,Новостройка
31697000.0,СВАО,87.0,23.0,27.0,1.0,3.0,https://www.cian.ru/sale/flat/294033560/,364333.33,Средний,Новостройка
38801000.0,СВАО,114.4,2.0,27.0,1.0,3.0,https://www.cian.ru/sale/flat/294033576/,339169.58,Средний,Новостройка
35673165.0,СВАО,129.3,8.0,27.0,1.0,3.0,https://www.cian.ru/sale/flat/294033612/,275894.55,Средний,Новостройка
18022000.0,СВАО,43.6,14.0,27.0,1.0,1.0,https://www.cian.ru/sale/flat/294033665/,413348.62,Средний,Новостройка
33269000.0,СВАО,90.6,2.0,27.0,1.0,3.0,https://www.cian.ru/sale/flat/294033706/,367207.51,Средний,Новостройка
20182750.0,СВАО,58.5,3.0,27.0,1.0,2.0,https://www.cian.ru/sale/flat/294033761/,345004.27,Средний,Новостройка
22113000.0,СВАО,58.2,3.0,27.0,1.0,1.0,https://www.cian.ru/sale/flat/294033768/,379948.45,Средний,Новостройка
37912000.0,СВАО,124.7,3.0,27.0,1.0,3.0,https://www.cian.ru/sale/flat/294033814/,304025.66,Средний,Новостройка
35863000.0,СВАО,110.2,5.0,27.0,1.0,3.0,https://www.cian.ru/sale/flat/294033884/,325435.57,Средний,Новостройка
36363081.0,СВАО,132.0,2.0,27.0,1.0,3.0,https://www.cian.ru/sale/flat/294033888/,275477.89,Средний,Новостройка
22553000.0,СВАО,62.1,7.0,27.0,1.0,2.0,https://www.cian.ru/sale/flat/294033901/,363172.3,Средний,Новостройка
40096000.0,СВАО,110.6,21.0,27.0,1.0,3.0,https://www.cian.ru/sale/flat/294034014/,362531.65,Средний,Новостройка
12000000.0,СВАО,38.3,5.0,17.0,0.0,1.0,https://www.cian.ru/sale/flat/294034791/,313315.93,Средний,Вторичка
38464000.0,СВАО,115.4,16.0,27.0,1.0,3.0,https://www.cian.ru/sale/flat/294035010/,333310.23,Средний,Новостройка
55300000.0,ЦАО,82.2,3.0,18.0,0.0,2.0,https://www.cian.ru/sale/flat/294035690/,672749.39,Средний,Вторичка
85000000.0,ЦАО,85.7,6.0,21.0,0.0,3.0,https://www.cian.ru/sale/flat/294045499/,991831.97,Средний,Вторичка
14500000.0,САО,64.0,3.0,9.0,0.0,4.0,https://www.cian.ru/sale/flat/294052215/,226562.5,Средний,Вторичка
19700000.0,ЮЗАО,92.2,4.0,12.0,0.0,4.0,https://www.cian.ru/sale/flat/294062823/,213665.94,Средний,Вторичка
95000000.0,ЦАО,90.0,4.0,6.0,0.0,3.0,https://www.cian.ru/sale/flat/294081699/,1055555.56,Средний,Вторичка
105000000.0,ЗАО,136.2,13.0,15.0,0.0,3.0,https://www.cian.ru/sale/flat/294090489/,770925.11,Средний,Вторичка
32500000.0,САО,40.4,9.0,41.0,0.0,1.0,https://www.cian.ru/sale/flat/294106758/,804455.45,Средний,Вторичка
110000000.0,ЦАО,96.0,12.0,14.0,0.0,3.0,https://www.cian.ru/sale/flat/294111560/,1145833.33,Средний,Вторичка
52900000.0,СЗАО,80.0,10.0,24.0,0.0,3.0,https://www.cian.ru/sale/flat/294159233/,661250.0,Средний,Вторичка
59921196.0,СВАО,107.6,15.0,19.0,1.0,3.0,https://www.cian.ru/sale/flat/294160691/,556888.44,Средний,Новостройка
58273567.0,СВАО,107.4,13.0,19.0,1.0,3.0,https://www.cian.ru/sale/flat/294160692/,542584.42,Средний,Новостройка
54074186.0,СВАО,103.2,11.0,19.0,1.0,3.0,https://www.cian.ru/sale/flat/294160713/,523974.67,Средний,Новостройка
30349000.0,САО,97.9,14.0,40.0,0.0,2.0,https://www.cian.ru/sale/flat/294162444/,310000.0,Средний,Вторичка
53900000.0,САО,74.5,13.0,24.0,0.0,3.0,https://www.cian.ru/sale/flat/294166436/,723489.93,Средний,Вторичка
11400000.0,ВАО,38.2,14.0,16.0,0.0,1.0,https://www.cian.ru/sale/flat/294166690/,298429.32,Средний,Вторичка
38999000.0,ЮАО,95.0,8.0,13.0,0.0,4.0,https://www.cian.ru/sale/flat/294168433/,410515.79,Средний,Вторичка
313000000.0,ЦАО,237.0,15.0,15.0,0.0,4.0,https://www.cian.ru/sale/flat/294170270/,1320675.11,Последний,Вторичка
165000000.0,ЦАО,173.6,7.0,13.0,0.0,4.0,https://www.cian.ru/sale/flat/294172054/,950460.83,Средний,Вторичка
32000000.0,СВАО,91.5,3.0,17.0,0.0,4.0,https://www.cian.ru/sale/flat/294175023/,349726.78,Средний,Вторичка
376368800.0,ЦАО,160.0,3.0,7.0,0.0,3.0,https://www.cian.ru/sale/flat/294196446/,2352305.0,Средний,Вторичка
38352000.0,ЗАО,75.2,33.0,41.0,1.0,2.0,https://www.cian.ru/sale/flat/294196808/,510000.0,Средний,Новостройка
93700000.0,ЦАО,60.0,2.0,9.0,0.0,2.0,https://www.cian.ru/sale/flat/294203461/,1561666.67,Средний,Вторичка
46990000.0,ЗАО,100.0,5.0,11.0,0.0,3.0,https://www.cian.ru/sale/flat/294206691/,469900.0,Средний,Вторичка
46855074.0,ЮЗАО,74.2,23.0,32.0,1.0,2.0,https://www.cian.ru/sale/flat/294207287/,631470.0,Средний,Новостройка
62000000.0,ЦАО,76.1,34.0,78.0,0.0,2.0,https://www.cian.ru/sale/flat/294212104/,814717.48,Средний,Вторичка
15200000.0,ЗАО,43.7,26.0,30.0,0.0,2.0,https://www.cian.ru/sale/flat/294213944/,347826.09,Средний,Вторичка
43000000.0,ЗАО,77.0,13.0,26.0,0.0,3.0,https://www.cian.ru/sale/flat/294216008/,558441.56,Средний,Вторичка
102000000.0,ЗАО,136.9,8.0,12.0,0.0,4.0,https://www.cian.ru/sale/flat/294221017/,745069.39,Средний,Вторичка
9120000.0,ЮВАО,36.1,5.0,9.0,0.0,1.0,https://www.cian.ru/sale/flat/294226529/,252631.58,Средний,Вторичка
9215000.0,ЮВАО,37.0,8.0,9.0,0.0,1.0,https://www.cian.ru/sale/flat/294228710/,249054.05,Средний,Вторичка
23700476.0,ЗАО,60.4,5.0,21.0,1.0,2.0,https://www.cian.ru/sale/flat/294232255/,392391.99,Средний,Новостройка
31900000.0,СЗАО,56.2,12.0,29.0,0.0,2.0,https://www.cian.ru/sale/flat/294247460/,567615.66,Средний,Вторичка
15900000.0,СВАО,62.7,1.0,9.0,0.0,4.0,https://www.cian.ru/sale/flat/294249196/,253588.52,Первый,Вторичка
17900000.0,СВАО,40.79,4.0,23.0,1.0,1.0,https://www.cian.ru/sale/flat/294252498/,438833.05,Средний,Новостройка
37000000.0,ЗАО,58.6,38.0,41.0,1.0,2.0,https://www.cian.ru/sale/flat/294256822/,631399.32,Средний,Новостройка
105000000.0,ЦАО,120.0,2.0,4.0,0.0,4.0,https://www.cian.ru/sale/flat/294265556/,875000.0,Средний,Вторичка
50000000.0,ЗАО,70.2,10.0,14.0,0.0,3.0,https://www.cian.ru/sale/flat/294265604/,712250.71,Средний,Вторичка
10990000.0,ЮАО,38.1,7.0,17.0,0.0,1.0,https://www.cian.ru/sale/flat/294267082/,288451.44,Средний,Вторичка
52000000.0,ЦАО,85.0,6.0,22.0,0.0,2.0,https://www.cian.ru/sale/flat/294267190/,611764.71,Средний,Вторичка
110000000.0,ЮЗАО,207.2,6.0,16.0,0.0,4.0,https://www.cian.ru/sale/flat/294292405/,530888.03,Средний,Вторичка
165858000.0,ЦАО,231.3,15.0,15.0,0.0,4.0,https://www.cian.ru/sale/flat/294292628/,717068.74,Последний,Вторичка
14149999.0,СВАО,63.2,4.0,12.0,0.0,3.0,https://www.cian.ru/sale/flat/294295889/,223892.39,Средний,Вторичка
36490000.0,ЦАО,88.0,5.0,6.0,0.0,4.0,https://www.cian.ru/sale/flat/294301130/,414659.09,Средний,Вторичка
39000000.0,ЮАО,88.2,8.0,13.0,0.0,3.0,https://www.cian.ru/sale/flat/294302005/,442176.87,Средний,Вторичка
9440000.0,ЮВАО,38.8,5.0,10.0,0.0,1.0,https://www.cian.ru/sale/flat/294302570/,243298.97,Средний,Вторичка
12800000.0,ЗАО,45.0,1.0,9.0,0.0,2.0,https://www.cian.ru/sale/flat/294302599/,284444.44,Первый,Вторичка
12400000.0,САО,54.0,5.0,12.0,0.0,2.0,https://www.cian.ru/sale/flat/294302985/,229629.63,Средний,Вторичка
53999000.0,ЦАО,113.0,5.0,6.0,0.0,4.0,https://www.cian.ru/sale/flat/294305168/,477867.26,Средний,Вторичка
45000000.0,ЦАО,107.0,5.0,22.0,0.0,3.0,https://www.cian.ru/sale/flat/294311449/,420560.75,Средний,Вторичка
9200000.0,ЮАО,40.21,10.0,22.0,1.0,1.0,https://www.cian.ru/sale/flat/294313141/,228798.81,Средний,Новостройка
69000000.0,ЦАО,100.7,5.0,14.0,0.0,4.0,https://www.cian.ru/sale/flat/294316840/,685203.57,Средний,Вторичка
220620000.0,ЦАО,120.3,3.0,6.0,1.0,2.0,https://www.cian.ru/sale/flat/294328854/,1833915.21,Средний,Новостройка
29950000.0,ЗАО,54.1,7.0,11.0,0.0,2.0,https://www.cian.ru/sale/flat/294345287/,553604.44,Средний,Вторичка
19999999.0,ЮВАО,37.6,3.0,13.0,1.0,1.0,https://www.cian.ru/sale/flat/294354130/,531914.87,Средний,Новостройка
66500000.0,ЗАО,98.0,18.0,25.0,0.0,3.0,https://www.cian.ru/sale/flat/294361246/,678571.43,Средний,Вторичка
268000000.0,ЦАО,122.0,3.0,4.0,0.0,3.0,https://www.cian.ru/sale/flat/294370415/,2196721.31,Средний,Вторичка
108000000.0,ЦАО,119.4,2.0,9.0,0.0,4.0,https://www.cian.ru/sale/flat/294373044/,904522.61,Средний,Вторичка
113000000.0,ЦАО,99.71,9.0,13.0,0.0,3.0,https://www.cian.ru/sale/flat/294374810/,1133286.53,Средний,Вторичка
7990000.0,САО,36.9,19.0,25.0,0.0,1.0,https://www.cian.ru/sale/flat/294374828/,216531.17,Средний,Вторичка
23000000.0,ЮВАО,92.9,6.0,9.0,0.0,4.0,https://www.cian.ru/sale/flat/294375510/,247578.04,Средний,Вторичка
53671000.0,СВАО,152.5,27.0,27.0,0.0,4.0,https://www.cian.ru/sale/flat/294391961/,351940.98,Последний,Вторичка
11600000.0,ЮЗАО,35.0,6.0,12.0,0.0,1.0,https://www.cian.ru/sale/flat/294398120/,331428.57,Средний,Вторичка
17247160.0,ВАО,43.4,33.0,33.0,1.0,1.0,https://www.cian.ru/sale/flat/294404502/,397400.0,Последний,Новостройка
19000000.0,ЮВАО,71.8,5.0,5.0,0.0,4.0,https://www.cian.ru/sale/flat/294418297/,264623.96,Последний,Вторичка
34000000.0,ЮАО,90.5,6.0,8.0,0.0,4.0,https://www.cian.ru/sale/flat/294421713/,375690.61,Средний,Вторичка
9800000.0,ВАО,31.7,6.0,9.0,0.0,1.0,https://www.cian.ru/sale/flat/294430204/,309148.26,Средний,Вторичка
58310000.0,ЦАО,68.6,6.0,7.0,0.0,2.0,https://www.cian.ru/sale/flat/294445366/,850000.0,Средний,Вторичка
29000000.0,ЮАО,100.0,3.0,5.0,0.0,4.0,https://www.cian.ru/sale/flat/294451935/,290000.0,Средний,Вторичка
9950000.0,ВАО,45.0,9.0,9.0,0.0,2.0,https://www.cian.ru/sale/flat/294453097/,221111.11,Последний,Вторичка
12900000.0,ЮВАО,44.0,9.0,9.0,0.0,2.0,https://www.cian.ru/sale/flat/294469100/,293181.82,Последний,Вторичка
418000000.0,ЦАО,220.0,2.0,4.0,0.0,4.0,https://www.cian.ru/sale/flat/294469422/,1900000.0,Средний,Вторичка
25190000.0,ВАО,92.7,17.0,17.0,0.0,4.0,https://www.cian.ru/sale/flat/294470974/,271736.79,Последний,Вторичка
14500000.0,СЗАО,61.7,8.0,24.0,0.0,2.0,https://www.cian.ru/sale/flat/294473072/,235008.1,Средний,Вторичка
19800000.0,ЦАО,31.0,3.0,5.0,0.0,1.0,https://www.cian.ru/sale/flat/294476646/,638709.68,Средний,Вторичка
22000000.0,ЗАО,41.0,6.0,15.0,0.0,1.0,https://www.cian.ru/sale/flat/294495712/,536585.37,Средний,Вторичка
12300000.0,САО,41.0,1.0,5.0,0.0,2.0,https://www.cian.ru/sale/flat/294502101/,300000.0,Первый,Вторичка
250000000.0,ЦАО,125.0,2.0,4.0,0.0,3.0,https://www.cian.ru/sale/flat/294509004/,2000000.0,Средний,Вторичка
11999999.0,ВАО,35.3,4.0,5.0,0.0,2.0,https://www.cian.ru/sale/flat/294510839/,339943.31,Средний,Вторичка
45000000.0,САО,90.6,4.0,23.0,0.0,2.0,https://www.cian.ru/sale/flat/294511036/,496688.74,Средний,Вторичка
17000000.0,ЗАО,71.4,6.0,16.0,0.0,4.0,https://www.cian.ru/sale/flat/294511796/,238095.24,Средний,Вторичка
27990000.0,САО,82.2,31.0,32.0,1.0,3.0,https://www.cian.ru/sale/flat/294513406/,340510.95,Средний,Новостройка
35500000.0,ЗАО,67.0,23.0,27.0,0.0,2.0,https://www.cian.ru/sale/flat/294517249/,529850.75,Средний,Вторичка
20421075.0,ЮЗАО,41.0,12.0,25.0,1.0,1.0,https://www.cian.ru/sale/flat/294550004/,498075.0,Средний,Новостройка
52598808.0,ЮЗАО,124.4,21.0,25.0,1.0,4.0,https://www.cian.ru/sale/flat/294550010/,422820.0,Средний,Новостройка
53621667.0,ЮЗАО,125.4,22.0,25.0,1.0,4.0,https://www.cian.ru/sale/flat/294550011/,427605.0,Средний,Новостройка
32354169.0,ЮЗАО,70.3,22.0,25.0,1.0,2.0,https://www.cian.ru/sale/flat/294550013/,460230.0,Средний,Новостройка
33140040.0,ЮЗАО,71.2,23.0,25.0,1.0,2.0,https://www.cian.ru/sale/flat/294550017/,465450.0,Средний,Новостройка
29890248.0,ЮЗАО,62.6,2.0,12.0,1.0,2.0,https://www.cian.ru/sale/flat/294550025/,477480.0,Средний,Новостройка
29576436.0,ЮЗАО,60.6,2.0,12.0,1.0,2.0,https://www.cian.ru/sale/flat/294550028/,488060.0,Средний,Новостройка
25543874.0,ЮЗАО,47.6,11.0,12.0,1.0,2.0,https://www.cian.ru/sale/flat/294550031/,536636.01,Средний,Новостройка
29917125.0,ЮЗАО,65.5,13.0,25.0,1.0,2.0,https://www.cian.ru/sale/flat/294550051/,456750.0,Средний,Новостройка
46912824.0,ЮЗАО,85.2,5.0,25.0,1.0,3.0,https://www.cian.ru/sale/flat/294550053/,550620.0,Средний,Новостройка
30707300.0,ЮЗАО,65.0,2.0,25.0,1.0,2.0,https://www.cian.ru/sale/flat/294550150/,472420.0,Средний,Новостройка
113000000.0,ЦАО,99.71,8.0,13.0,0.0,3.0,https://www.cian.ru/sale/flat/294553685/,1133286.53,Средний,Вторичка
22995000.0,СВАО,52.0,25.0,27.0,1.0,1.0,https://www.cian.ru/sale/flat/294554047/,442211.54,Средний,Новостройка
25401000.0,СВАО,60.3,26.0,27.0,1.0,1.0,https://www.cian.ru/sale/flat/294554061/,421243.78,Средний,Новостройка
26357000.0,СВАО,65.4,27.0,27.0,1.0,2.0,https://www.cian.ru/sale/flat/294554070/,403012.23,Последний,Новостройка
55501000.0,СВАО,136.7,27.0,27.0,1.0,4.0,https://www.cian.ru/sale/flat/294554130/,406005.85,Последний,Новостройка
67810000.0,СВАО,169.1,27.0,27.0,1.0,4.0,https://www.cian.ru/sale/flat/294554136/,401005.32,Последний,Новостройка
40000000.0,СЗАО,67.8,3.0,13.0,1.0,3.0,https://www.cian.ru/sale/flat/294555391/,589970.5,Средний,Новостройка
8700000.0,ЮВАО,90.8,3.0,14.0,0.0,4.0,https://www.cian.ru/sale/flat/294564208/,95814.98,Средний,Вторичка
122319860.0,ЗАО,109.8,7.0,15.0,0.0,3.0,https://www.cian.ru/sale/flat/294566604/,1114024.23,Средний,Вторичка
17000000.0,ЮЗАО,99.9,10.0,12.0,0.0,4.0,https://www.cian.ru/sale/flat/294567971/,170170.17,Средний,Вторичка
29000000.0,САО,45.0,7.0,28.0,1.0,1.0,https://www.cian.ru/sale/flat/294589627/,644444.44,Средний,Новостройка
135000000.0,ЦАО,135.0,4.0,12.0,0.0,3.0,https://www.cian.ru/sale/flat/294593364/,1000000.0,Средний,Вторичка
14000000.0,ЮАО,64.0,3.0,9.0,0.0,4.0,https://www.cian.ru/sale/flat/294609476/,218750.0,Средний,Вторичка
36500000.0,СЗАО,51.8,40.0,48.0,0.0,2.0,https://www.cian.ru/sale/flat/294614240/,704633.2,Средний,Вторичка
26750000.0,ЗАО,72.0,3.0,43.0,0.0,3.0,https://www.cian.ru/sale/flat/294615649/,371527.78,Средний,Вторичка
38000000.0,ЗАО,72.0,3.0,14.0,0.0,3.0,https://www.cian.ru/sale/flat/294618539/,527777.78,Средний,Вторичка
41000000.0,ЗАО,84.5,48.0,52.0,0.0,3.0,https://www.cian.ru/sale/flat/294618564/,485207.1,Средний,Вторичка
30000000.0,СЗАО,50.8,7.0,13.0,1.0,1.0,https://www.cian.ru/sale/flat/294620343/,590551.18,Средний,Новостройка
61000000.0,ЦАО,82.0,4.0,14.0,0.0,2.0,https://www.cian.ru/sale/flat/294622192/,743902.44,Средний,Вторичка
15500000.0,ЗАО,35.0,12.0,15.0,0.0,1.0,https://www.cian.ru/sale/flat/294632911/,442857.14,Средний,Вторичка
53578900.0,ЮАО,109.1,6.0,16.0,1.0,4.0,https://www.cian.ru/sale/flat/294639078/,491098.99,Средний,Новостройка
143593800.0,ЦАО,125.3,3.0,8.0,1.0,2.0,https://www.cian.ru/sale/flat/294641838/,1146000.0,Средний,Новостройка
169247000.0,ЦАО,122.2,7.0,8.0,1.0,3.0,https://www.cian.ru/sale/flat/294641848/,1385000.0,Средний,Новостройка
173679000.0,ЦАО,125.4,7.0,8.0,1.0,3.0,https://www.cian.ru/sale/flat/294641859/,1385000.0,Средний,Новостройка
147171200.0,ЦАО,124.3,3.0,8.0,1.0,2.0,https://www.cian.ru/sale/flat/294641860/,1184000.0,Средний,Новостройка
482560800.0,ЦАО,300.1,1.0,8.0,1.0,3.0,https://www.cian.ru/sale/flat/294641868/,1608000.0,Первый,Новостройка
458259200.0,ЦАО,296.8,3.0,8.0,1.0,4.0,https://www.cian.ru/sale/flat/294641869/,1544000.0,Средний,Новостройка
83777500.0,ЦАО,57.5,6.0,8.0,1.0,1.0,https://www.cian.ru/sale/flat/294641872/,1457000.0,Средний,Новостройка
19200000.0,ЗАО,76.0,2.0,12.0,0.0,4.0,https://www.cian.ru/sale/flat/294644665/,252631.58,Средний,Вторичка
48000000.0,ЦАО,65.0,7.0,14.0,0.0,2.0,https://www.cian.ru/sale/flat/294645886/,738461.54,Средний,Вторичка
230000000.0,ЦАО,142.0,5.0,11.0,0.0,3.0,https://www.cian.ru/sale/flat/294646337/,1619718.31,Средний,Вторичка
19300000.0,ВАО,80.0,10.0,11.0,0.0,3.0,https://www.cian.ru/sale/flat/294650660/,241250.0,Средний,Вторичка
24348516.0,ЮЗАО,48.8,19.0,25.0,1.0,1.0,https://www.cian.ru/sale/flat/294650700/,498945.0,Средний,Новостройка
32930240.0,ЮЗАО,69.9,18.0,25.0,1.0,2.0,https://www.cian.ru/sale/flat/294650709/,471105.01,Средний,Новостройка
23835564.0,ЮЗАО,47.4,20.0,25.0,1.0,1.0,https://www.cian.ru/sale/flat/294650710/,502860.0,Средний,Новостройка
138710722.0,ЗАО,105.3,7.0,15.0,0.0,3.0,https://www.cian.ru/sale/flat/294650775/,1317290.81,Средний,Вторичка
106500000.0,ЦАО,136.1,4.0,12.0,0.0,3.0,https://www.cian.ru/sale/flat/294650785/,782512.86,Средний,Вторичка
207002840.0,САО,158.0,9.0,57.0,0.0,3.0,https://www.cian.ru/sale/flat/294650800/,1310144.56,Средний,Вторичка
250000000.0,ЦАО,170.0,4.0,6.0,0.0,3.0,https://www.cian.ru/sale/flat/294650811/,1470588.24,Средний,Вторичка
252637557.0,ЦАО,179.0,4.0,6.0,0.0,3.0,https://www.cian.ru/sale/flat/294650824/,1411383.0,Средний,Вторичка
24000000.0,ЦАО,51.0,6.0,6.0,0.0,2.0,https://www.cian.ru/sale/flat/294650908/,470588.24,Последний,Вторичка
18500000.0,ЗАО,62.6,4.0,9.0,0.0,4.0,https://www.cian.ru/sale/flat/294650914/,295527.16,Средний,Вторичка
209000000.0,ЦАО,136.9,5.0,12.0,0.0,3.0,https://www.cian.ru/sale/flat/294651840/,1526661.8,Средний,Вторичка
103000000.0,САО,187.4,18.0,32.0,0.0,4.0,https://www.cian.ru/sale/flat/294654566/,549626.47,Средний,Вторичка
166000000.0,ЦАО,176.7,4.0,5.0,0.0,4.0,https://www.cian.ru/sale/flat/294657110/,939445.39,Средний,Вторичка
42000000.0,СЗАО,80.0,2.0,22.0,0.0,2.0,https://www.cian.ru/sale/flat/294659263/,525000.0,Средний,Вторичка
54000000.0,ЮАО,100.0,17.0,17.0,0.0,4.0,https://www.cian.ru/sale/flat/294661892/,540000.0,Последний,Вторичка
18600000.0,СЗАО,38.0,9.0,25.0,0.0,1.0,https://www.cian.ru/sale/flat/294670793/,489473.68,Средний,Вторичка
220000000.0,ЗАО,190.0,5.0,12.0,0.0,4.0,https://www.cian.ru/sale/flat/294672502/,1157894.74,Средний,Вторичка
110584760.0,ЦАО,131.4,4.0,7.0,0.0,3.0,https://www.cian.ru/sale/flat/294675252/,841588.74,Средний,Вторичка
45983645.0,СЗАО,71.9,33.0,43.0,1.0,3.0,https://www.cian.ru/sale/flat/294685038/,639550.0,Средний,Новостройка
34499999.0,ЦАО,82.0,3.0,5.0,0.0,4.0,https://www.cian.ru/sale/flat/294695049/,420731.7,Средний,Вторичка
11500000.0,ВАО,38.3,10.0,14.0,0.0,2.0,https://www.cian.ru/sale/flat/294696192/,300261.1,Средний,Вторичка
17100000.0,САО,62.2,4.0,9.0,0.0,4.0,https://www.cian.ru/sale/flat/294698871/,274919.61,Средний,Вторичка
21500000.0,СЗАО,55.8,11.0,17.0,0.0,1.0,https://www.cian.ru/sale/flat/294716072/,385304.66,Средний,Вторичка
18800000.0,ВАО,56.8,2.0,12.0,0.0,2.0,https://www.cian.ru/sale/flat/294716867/,330985.92,Средний,Вторичка
30300000.0,СВАО,85.0,13.0,14.0,0.0,3.0,https://www.cian.ru/sale/flat/294720722/,356470.59,Средний,Вторичка
41000000.0,СЗАО,150.0,1.0,17.0,0.0,4.0,https://www.cian.ru/sale/flat/294737347/,273333.33,Первый,Вторичка
28335216.0,САО,53.5,23.0,27.0,0.0,2.0,https://www.cian.ru/sale/flat/294739592/,529630.21,Средний,Вторичка
10700000.0,ВАО,48.0,8.0,12.0,0.0,2.0,https://www.cian.ru/sale/flat/294746939/,222916.67,Средний,Вторичка
12500000.0,ЮАО,39.0,3.0,14.0,0.0,1.0,https://www.cian.ru/sale/flat/294755887/,320512.82,Средний,Вторичка
7000000.0,ЗАО,20.3,5.0,16.0,0.0,1.0,https://www.cian.ru/sale/flat/294760157/,344827.59,Средний,Вторичка
14650000.0,САО,36.0,5.0,17.0,0.0,1.0,https://www.cian.ru/sale/flat/294761737/,406944.44,Средний,Вторичка
28200000.0,ЗАО,108.0,5.0,17.0,0.0,4.0,https://www.cian.ru/sale/flat/294765524/,261111.11,Средний,Вторичка
205569887.0,ЦАО,163.8,2.0,10.0,0.0,4.0,https://www.cian.ru/sale/flat/294768307/,1255005.42,Средний,Вторичка
20196286.0,СВАО,58.4,2.0,22.0,1.0,2.0,https://www.cian.ru/sale/flat/294768587/,345826.82,Средний,Новостройка
19870358.0,СВАО,57.4,3.0,22.0,1.0,2.0,https://www.cian.ru/sale/flat/294768589/,346173.48,Средний,Новостройка
21091978.0,СВАО,64.2,2.0,22.0,1.0,2.0,https://www.cian.ru/sale/flat/294768594/,328535.48,Средний,Новостройка
16800000.0,ЮВАО,37.8,10.0,15.0,0.0,1.0,https://www.cian.ru/sale/flat/294768716/,444444.44,Средний,Вторичка
74900000.0,ЦАО,60.0,5.0,8.0,0.0,2.0,https://www.cian.ru/sale/flat/294770347/,1248333.33,Средний,Вторичка
32000000.0,ЗАО,53.0,18.0,22.0,0.0,2.0,https://www.cian.ru/sale/flat/294770486/,603773.58,Средний,Вторичка
53000000.0,ЗАО,102.2,10.0,25.0,0.0,4.0,https://www.cian.ru/sale/flat/294770491/,518591.0,Средний,Вторичка
361519400.0,ЦАО,222.2,8.0,8.0,1.0,3.0,https://www.cian.ru/sale/flat/294775304/,1627000.0,Последний,Новостройка
723197400.0,ЦАО,458.3,8.0,8.0,1.0,4.0,https://www.cian.ru/sale/flat/294775310/,1578000.0,Последний,Новостройка
27000000.0,СЗАО,75.0,2.0,12.0,0.0,4.0,https://www.cian.ru/sale/flat/294782798/,360000.0,Средний,Вторичка
106500000.0,ЦАО,136.0,4.0,12.0,0.0,3.0,https://www.cian.ru/sale/flat/294783019/,783088.24,Средний,Вторичка
8100000.0,ЮАО,32.7,9.0,9.0,0.0,1.0,https://www.cian.ru/sale/flat/294802470/,247706.42,Последний,Вторичка
16700000.0,СЗАО,47.2,2.0,25.0,0.0,2.0,https://www.cian.ru/sale/flat/294814205/,353813.56,Средний,Вторичка
217080000.0,ЗАО,190.6,4.0,6.0,0.0,4.0,https://www.cian.ru/sale/flat/294814361/,1138929.7,Средний,Вторичка
112910640.0,ЦАО,68.2,3.0,6.0,0.0,3.0,https://www.cian.ru/sale/flat/294823138/,1655581.23,Средний,Вторичка
54900000.0,ЦАО,105.0,2.0,6.0,0.0,4.0,https://www.cian.ru/sale/flat/294825433/,522857.14,Средний,Вторичка
8300000.0,ЮАО,34.0,12.0,24.0,1.0,1.0,https://www.cian.ru/sale/flat/294831631/,244117.65,Средний,Новостройка
76000000.0,ЮЗАО,95.0,16.0,25.0,1.0,3.0,https://www.cian.ru/sale/flat/294842884/,800000.0,Средний,Новостройка
65954432.0,ЮЗАО,137.6,22.0,25.0,1.0,4.0,https://www.cian.ru/sale/flat/294842886/,479320.0,Средний,Новостройка
73600000.0,ЦАО,122.6,1.0,16.0,0.0,4.0,https://www.cian.ru/sale/flat/294859988/,600326.26,Первый,Вторичка
29000000.0,СВАО,63.0,31.0,47.0,0.0,2.0,https://www.cian.ru/sale/flat/294868860/,460317.46,Средний,Вторичка
35650000.0,СЗАО,82.3,17.0,32.0,0.0,4.0,https://www.cian.ru/sale/flat/294869822/,433171.32,Средний,Вторичка
179000000.0,ЦАО,117.0,17.0,18.0,0.0,2.0,https://www.cian.ru/sale/flat/294872333/,1529914.53,Средний,Вторичка
647924211.0,ЦАО,343.6,5.0,5.0,1.0,3.0,https://www.cian.ru/sale/flat/294880595/,1885693.28,Последний,Новостройка
19932179.0,ЮЗАО,40.3,10.0,25.0,1.0,1.0,https://www.cian.ru/sale/flat/294886650/,494595.01,Средний,Новостройка
27599663.0,ЮЗАО,61.9,7.0,25.0,1.0,2.0,https://www.cian.ru/sale/flat/294886677/,445875.01,Средний,Новостройка
21400000.0,ВАО,85.7,2.0,12.0,0.0,4.0,https://www.cian.ru/sale/flat/294902568/,249708.28,Средний,Вторичка
21950000.0,ЮВАО,85.3,4.0,12.0,0.0,4.0,https://www.cian.ru/sale/flat/294904766/,257327.08,Средний,Вторичка
300000000.0,ЦАО,151.3,2.0,7.0,0.0,3.0,https://www.cian.ru/sale/flat/294907870/,1982815.6,Средний,Вторичка
9215000.0,ЮВАО,36.9,7.0,9.0,0.0,1.0,https://www.cian.ru/sale/flat/294926973/,249729.0,Средний,Вторичка
15600000.0,ЮАО,59.0,4.0,9.0,0.0,3.0,https://www.cian.ru/sale/flat/294928648/,264406.78,Средний,Вторичка
28779047.0,СЗАО,83.45,13.0,52.0,1.0,3.0,https://www.cian.ru/sale/flat/294936799/,344865.75,Средний,Новостройка
27663447.0,СЗАО,66.97,39.0,52.0,1.0,2.0,https://www.cian.ru/sale/flat/294936820/,413072.23,Средний,Новостройка
29208651.0,СЗАО,82.48,28.0,52.0,1.0,3.0,https://www.cian.ru/sale/flat/294936824/,354130.1,Средний,Новостройка
20349681.0,СЗАО,43.98,49.0,52.0,1.0,1.0,https://www.cian.ru/sale/flat/294936933/,462703.07,Средний,Новостройка
18982653.0,СЗАО,39.36,48.0,52.0,1.0,1.0,https://www.cian.ru/sale/flat/294936941/,482282.85,Средний,Новостройка
40110707.0,ЮАО,70.28,16.0,16.0,1.0,2.0,https://www.cian.ru/sale/flat/294939307/,570727.19,Последний,Новостройка
58055217.0,ЮАО,102.35,2.0,9.0,1.0,3.0,https://www.cian.ru/sale/flat/294939311/,567222.44,Средний,Новостройка
66442792.0,ЮАО,118.45,7.0,12.0,1.0,3.0,https://www.cian.ru/sale/flat/294939317/,560935.35,Средний,Новостройка
34335474.0,ЮАО,92.78,2.0,17.0,1.0,2.0,https://www.cian.ru/sale/flat/294939321/,370074.09,Средний,Новостройка
37000000.0,СЗАО,154.0,12.0,14.0,0.0,4.0,https://www.cian.ru/sale/flat/294949577/,240259.74,Средний,Вторичка
19950000.0,ЗАО,36.0,3.0,33.0,0.0,1.0,https://www.cian.ru/sale/flat/294952977/,554166.67,Средний,Вторичка
120000000.0,ЦАО,177.5,7.0,10.0,0.0,3.0,https://www.cian.ru/sale/flat/294962431/,676056.34,Средний,Вторичка
44000000.0,ЗАО,70.0,13.0,21.0,0.0,2.0,https://www.cian.ru/sale/flat/294965189/,628571.43,Средний,Вторичка
41990000.0,ЮВАО,115.6,4.0,30.0,0.0,3.0,https://www.cian.ru/sale/flat/294966171/,363235.29,Средний,Вторичка
24500000.0,ЮВАО,77.2,15.0,26.0,1.0,3.0,https://www.cian.ru/sale/flat/294966947/,317357.51,Средний,Новостройка
30490000.0,ЗАО,93.2,1.0,8.0,0.0,4.0,https://www.cian.ru/sale/flat/294977748/,327145.92,Первый,Вторичка
33000000.0,САО,82.0,3.0,8.0,0.0,4.0,https://www.cian.ru/sale/flat/294978286/,402439.02,Средний,Вторичка
47800000.0,ЗАО,73.0,9.0,14.0,0.0,3.0,https://www.cian.ru/sale/flat/294997017/,654794.52,Средний,Вторичка
18000000.0,ЮЗАО,42.6,6.0,28.0,1.0,2.0,https://www.cian.ru/sale/flat/294997110/,422535.21,Средний,Новостройка
25500000.0,СЗАО,67.8,7.0,49.0,0.0,2.0,https://www.cian.ru/sale/flat/294999843/,376106.19,Средний,Вторичка
33500000.0,САО,67.0,5.0,58.0,0.0,3.0,https://www.cian.ru/sale/flat/295005061/,500000.0,Средний,Вторичка
69990000.0,ЗАО,110.0,13.0,25.0,0.0,4.0,https://www.cian.ru/sale/flat/295005676/,636272.73,Средний,Вторичка
41000000.0,СЗАО,82.3,19.0,30.0,1.0,3.0,https://www.cian.ru/sale/flat/295009593/,498177.4,Средний,Новостройка
9990000.0,СВАО,35.1,1.0,9.0,0.0,1.0,https://www.cian.ru/sale/flat/295014997/,284615.38,Первый,Вторичка
46750090.0,СЗАО,110.9,20.0,20.0,1.0,4.0,https://www.cian.ru/sale/flat/295023244/,421551.76,Последний,Новостройка
35693772.0,СЗАО,90.8,8.0,20.0,1.0,3.0,https://www.cian.ru/sale/flat/295023246/,393103.22,Средний,Новостройка
37359208.0,СЗАО,108.6,6.0,20.0,1.0,4.0,https://www.cian.ru/sale/flat/295023249/,344007.44,Средний,Новостройка
14300000.0,ЮЗАО,67.0,2.0,9.0,0.0,4.0,https://www.cian.ru/sale/flat/295037149/,213432.84,Средний,Вторичка
72000000.0,СЗАО,140.0,13.0,19.0,0.0,4.0,https://www.cian.ru/sale/flat/295044624/,514285.71,Средний,Вторичка
53677375.0,ЗАО,92.15,29.0,57.0,1.0,3.0,https://www.cian.ru/sale/flat/295045959/,582500.0,Средний,Новостройка
21000000.0,СЗАО,34.7,3.0,33.0,1.0,1.0,https://www.cian.ru/sale/flat/295049686/,605187.32,Средний,Новостройка
31000000.0,ЮАО,68.0,3.0,14.0,0.0,3.0,https://www.cian.ru/sale/flat/295055352/,455882.35,Средний,Вторичка
78000000.0,ЦАО,110.0,11.0,14.0,0.0,4.0,https://www.cian.ru/sale/flat/295062426/,709090.91,Средний,Вторичка
37235850.0,ЮЗАО,75.3,24.0,32.0,1.0,2.0,https://www.cian.ru/sale/flat/295063263/,494500.0,Средний,Новостройка
62000000.0,СЗАО,130.0,30.0,38.0,0.0,3.0,https://www.cian.ru/sale/flat/295064729/,476923.08,Средний,Вторичка
32000000.0,ЮЗАО,105.8,1.0,18.0,0.0,3.0,https://www.cian.ru/sale/flat/295066559/,302457.47,Первый,Вторичка
215000000.0,ЦАО,126.0,2.0,6.0,0.0,3.0,https://www.cian.ru/sale/flat/295066683/,1706349.21,Средний,Вторичка
151500000.0,ЦАО,151.5,14.0,14.0,0.0,4.0,https://www.cian.ru/sale/flat/295067682/,1000000.0,Последний,Вторичка
30979903.0,ЦАО,69.0,10.0,14.0,0.0,2.0,https://www.cian.ru/sale/flat/295069648/,448984.1,Средний,Вторичка
52147800.0,ЗАО,89.91,22.0,57.0,1.0,3.0,https://www.cian.ru/sale/flat/295072442/,580000.0,Средний,Новостройка
32075050.0,ЗАО,56.77,33.0,57.0,1.0,2.0,https://www.cian.ru/sale/flat/295072445/,565000.0,Средний,Новостройка
68000000.0,САО,112.8,3.0,57.0,0.0,3.0,https://www.cian.ru/sale/flat/295072603/,602836.88,Средний,Вторичка
10500000.0,ЗАО,33.0,22.0,25.0,0.0,1.0,https://www.cian.ru/sale/flat/295075346/,318181.82,Средний,Вторичка
85000000.0,ЗАО,133.0,21.0,36.0,0.0,4.0,https://www.cian.ru/sale/flat/295086101/,639097.74,Средний,Вторичка
76752000.0,ЦАО,159.9,22.0,22.0,0.0,3.0,https://www.cian.ru/sale/flat/295092037/,480000.0,Последний,Вторичка
61248000.0,ЦАО,127.6,22.0,22.0,0.0,3.0,https://www.cian.ru/sale/flat/295092045/,480000.0,Последний,Вторичка
45900000.0,ЗАО,81.9,11.0,13.0,0.0,3.0,https://www.cian.ru/sale/flat/295093034/,560439.56,Средний,Вторичка
32786819.0,ЗАО,59.86,25.0,57.0,1.0,2.0,https://www.cian.ru/sale/flat/295099517/,547725.01,Средний,Новостройка
35957040.0,ЗАО,62.95,37.0,57.0,1.0,2.0,https://www.cian.ru/sale/flat/295099522/,571200.0,Средний,Новостройка
16700000.0,ЮВАО,37.0,2.0,3.0,1.0,1.0,https://www.cian.ru/sale/flat/295101795/,451351.35,Средний,Новостройка
13300000.0,ВАО,33.8,12.0,33.0,1.0,1.0,https://www.cian.ru/sale/flat/295102788/,393491.12,Средний,Новостройка
29500000.0,ЗАО,86.0,12.0,14.0,0.0,3.0,https://www.cian.ru/sale/flat/295108765/,343023.26,Средний,Вторичка
357550360.0,ЦАО,132.6,2.0,8.0,0.0,3.0,https://www.cian.ru/sale/flat/295118857/,2696458.22,Средний,Вторичка
22465177.0,ЮВАО,74.5,21.0,33.0,1.0,3.0,https://www.cian.ru/sale/flat/295119105/,301546.0,Средний,Новостройка
39859000.0,ЗАО,68.9,7.0,12.0,0.0,2.0,https://www.cian.ru/sale/flat/295131192/,578505.08,Средний,Вторичка
26200000.0,САО,58.0,31.0,59.0,0.0,2.0,https://www.cian.ru/sale/flat/295134014/,451724.14,Средний,Вторичка
51000000.0,САО,83.0,3.0,36.0,0.0,3.0,https://www.cian.ru/sale/flat/295139426/,614457.83,Средний,Вторичка
93550000.0,ЦАО,67.3,14.0,66.0,0.0,2.0,https://www.cian.ru/sale/flat/295149797/,1390044.58,Средний,Вторичка
31640000.0,СЗАО,81.6,14.0,47.0,0.0,3.0,https://www.cian.ru/sale/flat/295154475/,387745.1,Средний,Вторичка
73500000.0,САО,105.0,6.0,12.0,0.0,3.0,https://www.cian.ru/sale/flat/295156758/,700000.0,Средний,Вторичка
8200000.0,СВАО,32.5,1.0,9.0,0.0,1.0,https://www.cian.ru/sale/flat/295159744/,252307.69,Первый,Вторичка
119000000.0,СЗАО,217.0,9.0,27.0,0.0,4.0,https://www.cian.ru/sale/flat/295178043/,548387.1,Средний,Вторичка
14500000.0,ЗАО,42.0,16.0,25.0,0.0,1.0,https://www.cian.ru/sale/flat/295181332/,345238.1,Средний,Вторичка
41500000.0,ЮАО,93.0,13.0,15.0,0.0,3.0,https://www.cian.ru/sale/flat/295184215/,446236.56,Средний,Вторичка
14850000.0,ЮВАО,77.8,1.0,5.0,0.0,4.0,https://www.cian.ru/sale/flat/295197611/,190874.04,Первый,Вторичка
70000000.0,ЮЗАО,135.4,23.0,31.0,0.0,3.0,https://www.cian.ru/sale/flat/295203930/,516986.71,Средний,Вторичка
35500000.0,ЗАО,105.0,9.0,26.0,0.0,4.0,https://www.cian.ru/sale/flat/295206138/,338095.24,Средний,Вторичка
118000000.0,ЦАО,120.9,57.0,67.0,1.0,4.0,https://www.cian.ru/sale/flat/295206400/,976013.23,Средний,Новостройка
23500000.0,ЮЗАО,86.0,19.0,24.0,0.0,3.0,https://www.cian.ru/sale/flat/295212920/,273255.81,Средний,Вторичка
35467058.0,СЗАО,73.5,9.0,43.0,1.0,2.0,https://www.cian.ru/sale/flat/295217122/,482545.01,Средний,Новостройка
35900000.0,ЗАО,100.4,12.0,24.0,0.0,3.0,https://www.cian.ru/sale/flat/295220185/,357569.72,Средний,Вторичка
19500000.0,ЗАО,36.9,6.0,17.0,0.0,1.0,https://www.cian.ru/sale/flat/295222259/,528455.28,Средний,Вторичка
36500000.0,ЗАО,98.0,7.0,35.0,0.0,4.0,https://www.cian.ru/sale/flat/295222347/,372448.98,Средний,Вторичка
160500000.0,ЦАО,107.0,6.0,12.0,0.0,3.0,https://www.cian.ru/sale/flat/295229141/,1500000.0,Средний,Вторичка
229500000.0,ЦАО,153.0,6.0,12.0,0.0,4.0,https://www.cian.ru/sale/flat/295229143/,1500000.0,Средний,Вторичка
22000000.0,ЮЗАО,45.7,21.0,56.0,1.0,2.0,https://www.cian.ru/sale/flat/295267133/,481400.44,Средний,Новостройка
15500000.0,СЗАО,34.6,19.0,25.0,1.0,1.0,https://www.cian.ru/sale/flat/295269605/,447976.88,Средний,Новостройка
153000000.0,ЦАО,94.0,2.0,7.0,0.0,3.0,https://www.cian.ru/sale/flat/295271852/,1627659.57,Средний,Вторичка
25690000.0,ЗАО,44.4,4.0,14.0,0.0,1.0,https://www.cian.ru/sale/flat/295274044/,578603.6,Средний,Вторичка
17950000.0,СВАО,59.9,14.0,14.0,0.0,2.0,https://www.cian.ru/sale/flat/295278167/,299666.11,Последний,Вторичка
27000000.0,СЗАО,49.5,5.0,25.0,1.0,2.0,https://www.cian.ru/sale/flat/295279670/,545454.55,Средний,Новостройка
165000000.0,ЦАО,165.0,5.0,20.0,0.0,4.0,https://www.cian.ru/sale/flat/295280191/,1000000.0,Средний,Вторичка
95000000.0,СВАО,151.1,5.0,12.0,0.0,4.0,https://www.cian.ru/sale/flat/295284260/,628722.7,Средний,Вторичка
119000000.0,ЦАО,201.0,7.0,8.0,0.0,4.0,https://www.cian.ru/sale/flat/295284317/,592039.8,Средний,Вторичка
28500000.0,СЗАО,59.5,14.0,44.0,1.0,2.0,https://www.cian.ru/sale/flat/295291741/,478991.6,Средний,Новостройка
199000000.0,ЦАО,160.0,4.0,7.0,0.0,3.0,https://www.cian.ru/sale/flat/295291816/,1243750.0,Средний,Вторичка
10500000.0,ВАО,35.2,6.0,12.0,0.0,1.0,https://www.cian.ru/sale/flat/295294075/,298295.45,Средний,Вторичка
103000000.0,ЦАО,121.0,7.0,16.0,0.0,3.0,https://www.cian.ru/sale/flat/295295279/,851239.67,Средний,Вторичка
14000000.0,ЮВАО,54.0,1.0,14.0,0.0,2.0,https://www.cian.ru/sale/flat/295295281/,259259.26,Первый,Вторичка
17900000.0,ЮАО,53.4,12.0,17.0,0.0,2.0,https://www.cian.ru/sale/flat/295298480/,335205.99,Средний,Вторичка
33072000.0,СЗАО,62.4,14.0,43.0,1.0,2.0,https://www.cian.ru/sale/flat/295305506/,530000.0,Средний,Новостройка
99700000.0,ЦАО,108.0,9.0,21.0,0.0,3.0,https://www.cian.ru/sale/flat/295314997/,923148.15,Средний,Вторичка
17950000.0,ЮЗАО,39.0,6.0,25.0,0.0,1.0,https://www.cian.ru/sale/flat/295315041/,460256.41,Средний,Вторичка
280000000.0,ЦАО,158.0,3.0,7.0,0.0,4.0,https://www.cian.ru/sale/flat/295316053/,1772151.9,Средний,Вторичка
27990000.0,ЗАО,61.6,22.0,42.0,0.0,2.0,https://www.cian.ru/sale/flat/295316100/,454383.12,Средний,Вторичка
75000000.0,СЗАО,140.7,7.0,19.0,0.0,4.0,https://www.cian.ru/sale/flat/295316183/,533049.04,Средний,Вторичка
21800000.0,ЦАО,96.9,1.0,4.0,0.0,2.0,https://www.cian.ru/sale/flat/295320468/,224974.2,Первый,Вторичка
120000000.0,ЦАО,158.4,6.0,6.0,0.0,4.0,https://www.cian.ru/sale/flat/295326123/,757575.76,Последний,Вторичка
24000000.0,ЗАО,45.0,7.0,30.0,0.0,2.0,https://www.cian.ru/sale/flat/295331237/,533333.33,Средний,Вторичка
13200000.0,СВАО,53.0,1.0,9.0,0.0,3.0,https://www.cian.ru/sale/flat/295331890/,249056.6,Первый,Вторичка
300000000.0,ЦАО,204.0,4.0,14.0,0.0,4.0,https://www.cian.ru/sale/flat/295332112/,1470588.24,Средний,Вторичка
8300000.0,ВАО,33.1,6.0,9.0,0.0,1.0,https://www.cian.ru/sale/flat/295335071/,250755.29,Средний,Вторичка
46900000.0,ЗАО,72.9,11.0,14.0,0.0,3.0,https://www.cian.ru/sale/flat/295336586/,643347.05,Средний,Вторичка
51142400.0,СЗАО,77.9,14.0,15.0,1.0,2.0,https://www.cian.ru/sale/flat/295343738/,656513.48,Средний,Новостройка
93230650.0,СЗАО,151.9,2.0,21.0,1.0,4.0,https://www.cian.ru/sale/flat/295343751/,613763.33,Средний,Новостройка
102925900.0,СЗАО,149.5,3.0,21.0,1.0,4.0,https://www.cian.ru/sale/flat/295343752/,688467.56,Средний,Новостройка
136770090.0,ЦАО,91.0,5.0,8.0,0.0,2.0,https://www.cian.ru/sale/flat/295350545/,1502968.02,Средний,Вторичка
67500000.0,ЮЗАО,178.0,6.0,33.0,0.0,4.0,https://www.cian.ru/sale/flat/295357955/,379213.48,Средний,Вторичка
56275162.0,ЮЗАО,128.9,5.0,32.0,1.0,3.0,https://www.cian.ru/sale/flat/295358667/,436580.0,Средний,Новостройка
126500000.0,ЦАО,97.0,9.0,15.0,0.0,3.0,https://www.cian.ru/sale/flat/295360181/,1304123.71,Средний,Вторичка
21350000.0,ЮАО,94.0,5.0,11.0,0.0,3.0,https://www.cian.ru/sale/flat/295360323/,227127.66,Средний,Вторичка
63000000.0,ЗАО,107.0,12.0,52.0,0.0,4.0,https://www.cian.ru/sale/flat/295361194/,588785.05,Средний,Вторичка
145000000.0,ЦАО,135.4,3.0,9.0,0.0,2.0,https://www.cian.ru/sale/flat/295368581/,1070901.03,Средний,Вторичка
115000000.0,ЦАО,192.0,4.0,6.0,0.0,4.0,https://www.cian.ru/sale/flat/295368854/,598958.33,Средний,Вторичка
99000000.0,ЦАО,110.5,2.0,6.0,0.0,3.0,https://www.cian.ru/sale/flat/295370167/,895927.6,Средний,Вторичка
125000000.0,ЦАО,115.0,5.0,33.0,0.0,3.0,https://www.cian.ru/sale/flat/295371756/,1086956.52,Средний,Вторичка
12100000.0,ЮВАО,35.6,3.0,23.0,1.0,2.0,https://www.cian.ru/sale/flat/295371840/,339887.64,Средний,Новостройка
85000000.0,ЦАО,135.0,6.0,7.0,0.0,4.0,https://www.cian.ru/sale/flat/295377165/,629629.63,Средний,Вторичка
21400000.0,СВАО,80.5,2.0,12.0,0.0,4.0,https://www.cian.ru/sale/flat/295388595/,265838.51,Средний,Вторичка
130817260.0,ЗАО,165.0,40.0,53.0,0.0,4.0,https://www.cian.ru/sale/flat/295392025/,792831.88,Средний,Вторичка
170000000.0,ЦАО,136.0,4.0,21.0,0.0,4.0,https://www.cian.ru/sale/flat/295395551/,1250000.0,Средний,Вторичка
17900000.0,ЮАО,35.2,5.0,16.0,1.0,1.0,https://www.cian.ru/sale/flat/295400535/,508522.73,Средний,Новостройка
33000000.0,САО,105.3,20.0,24.0,0.0,4.0,https://www.cian.ru/sale/flat/295403279/,313390.31,Средний,Вторичка
23500000.0,ЮВАО,50.5,3.0,3.0,1.0,2.0,https://www.cian.ru/sale/flat/295408788/,465346.53,Последний,Новостройка
28000000.0,ЮВАО,72.3,9.0,20.0,1.0,2.0,https://www.cian.ru/sale/flat/295408791/,387275.24,Средний,Новостройка
26000000.0,ЮАО,73.0,13.0,15.0,0.0,2.0,https://www.cian.ru/sale/flat/295409684/,356164.38,Средний,Вторичка
82000000.0,ЗАО,66.0,3.0,12.0,0.0,2.0,https://www.cian.ru/sale/flat/295412219/,1242424.24,Средний,Вторичка
26990000.0,САО,120.0,2.0,13.0,0.0,4.0,https://www.cian.ru/sale/flat/295412313/,224916.67,Средний,Вторичка
76000000.0,ЮАО,89.9,13.0,18.0,0.0,3.0,https://www.cian.ru/sale/flat/295413844/,845383.76,Средний,Вторичка
34500000.0,САО,91.6,8.0,8.0,0.0,4.0,https://www.cian.ru/sale/flat/295415977/,376637.55,Последний,Вторичка
31500000.0,СЗАО,60.3,17.0,44.0,1.0,2.0,https://www.cian.ru/sale/flat/295416267/,522388.06,Средний,Новостройка
13000000.0,СВАО,45.0,4.0,5.0,0.0,2.0,https://www.cian.ru/sale/flat/295420102/,288888.89,Средний,Вторичка
20500000.0,ЮАО,109.88,11.0,20.0,0.0,4.0,https://www.cian.ru/sale/flat/295436992/,186567.16,Средний,Вторичка
12913586.0,СВАО,34.7,10.0,22.0,1.0,1.0,https://www.cian.ru/sale/flat/295442233/,372149.45,Средний,Новостройка
26551533.0,СВАО,76.0,10.0,22.0,1.0,3.0,https://www.cian.ru/sale/flat/295442234/,349362.28,Средний,Новостройка
20708100.0,СВАО,63.0,3.0,22.0,1.0,2.0,https://www.cian.ru/sale/flat/295442241/,328700.0,Средний,Новостройка
21565260.0,СВАО,65.4,8.0,22.0,1.0,2.0,https://www.cian.ru/sale/flat/295442247/,329744.04,Средний,Новостройка
34500000.0,СЗАО,64.4,15.0,20.0,1.0,2.0,https://www.cian.ru/sale/flat/295449152/,535714.29,Средний,Новостройка
53000000.0,ЦАО,55.1,7.0,9.0,0.0,2.0,https://www.cian.ru/sale/flat/295451385/,961887.48,Средний,Вторичка
100000000.0,ЗАО,130.0,22.0,55.0,0.0,3.0,https://www.cian.ru/sale/flat/295454334/,769230.77,Средний,Вторичка
25705695.0,ВАО,67.71,3.0,20.0,1.0,3.0,https://www.cian.ru/sale/flat/295461268/,379644.0,Средний,Новостройка
130817260.0,ЦАО,217.0,3.0,4.0,0.0,4.0,https://www.cian.ru/sale/flat/295462657/,602844.52,Средний,Вторичка
17950000.0,ЮАО,56.6,15.0,21.0,0.0,2.0,https://www.cian.ru/sale/flat/295462972/,317137.81,Средний,Вторичка
12700000.0,ЮЗАО,48.0,9.0,12.0,0.0,2.0,https://www.cian.ru/sale/flat/295463619/,264583.33,Средний,Вторичка
22700000.0,ЗАО,48.7,2.0,8.0,0.0,1.0,https://www.cian.ru/sale/flat/295466321/,466119.1,Средний,Вторичка
215000000.0,ЦАО,119.0,2.0,6.0,0.0,3.0,https://www.cian.ru/sale/flat/295467331/,1806722.69,Средний,Вторичка
70000000.0,ЦАО,106.2,5.0,10.0,0.0,2.0,https://www.cian.ru/sale/flat/295467334/,659133.71,Средний,Вторичка
26501689.0,ЗАО,65.1,1.0,21.0,1.0,2.0,https://www.cian.ru/sale/flat/295487321/,407092.0,Первый,Новостройка
95000000.0,СЗАО,105.0,25.0,36.0,0.0,3.0,https://www.cian.ru/sale/flat/295521368/,904761.9,Средний,Вторичка
10999000.0,СЗАО,39.0,2.0,12.0,0.0,1.0,https://www.cian.ru/sale/flat/295522332/,282025.64,Средний,Вторичка
38950000.0,САО,65.1,16.0,27.0,0.0,3.0,https://www.cian.ru/sale/flat/295612021/,598310.29,Средний,Вторичка
84200000.0,ЦАО,106.0,5.0,5.0,0.0,3.0,https://www.cian.ru/sale/flat/295616431/,794339.62,Последний,Вторичка
13300000.0,ВАО,44.5,22.0,24.0,0.0,1.0,https://www.cian.ru/sale/flat/295618764/,298876.4,Средний,Вторичка
22500000.0,СЗАО,107.0,1.0,14.0,0.0,4.0,https://www.cian.ru/sale/flat/295633880/,210280.37,Первый,Вторичка
35000000.0,ЦАО,69.7,11.0,15.0,1.0,3.0,https://www.cian.ru/sale/flat/295660430/,502152.08,Средний,Новостройка
17250000.0,СЗАО,63.0,3.0,9.0,0.0,4.0,https://www.cian.ru/sale/flat/295664160/,273809.52,Средний,Вторичка
182209755.0,ЦАО,165.0,9.0,18.0,0.0,4.0,https://www.cian.ru/sale/flat/295668889/,1104301.55,Средний,Вторичка
28100000.0,ЮВАО,60.6,8.0,24.0,1.0,2.0,https://www.cian.ru/sale/flat/295669650/,463696.37,Средний,Новостройка
11900000.0,ВАО,39.3,12.0,14.0,0.0,1.0,https://www.cian.ru/sale/flat/295677601/,302798.98,Средний,Вторичка
40800000.0,ЮАО,99.0,9.0,12.0,0.0,3.0,https://www.cian.ru/sale/flat/295678960/,412121.21,Средний,Вторичка
42700000.0,ЗАО,82.9,11.0,13.0,0.0,3.0,https://www.cian.ru/sale/flat/295684586/,515078.41,Средний,Вторичка
46000000.0,ЗАО,75.0,9.0,25.0,0.0,3.0,https://www.cian.ru/sale/flat/295713890/,613333.33,Средний,Вторичка
65966145.0,ЮАО,114.98,7.0,16.0,1.0,3.0,https://www.cian.ru/sale/flat/295715174/,573718.43,Средний,Новостройка
58274886.0,ЮАО,98.23,16.0,16.0,1.0,3.0,https://www.cian.ru/sale/flat/295715179/,593249.37,Последний,Новостройка
22000000.0,ЗАО,36.0,18.0,29.0,0.0,1.0,https://www.cian.ru/sale/flat/295715281/,611111.11,Средний,Вторичка
54000000.0,ЗАО,97.0,12.0,41.0,0.0,4.0,https://www.cian.ru/sale/flat/295715724/,556701.03,Средний,Вторичка
23490000.0,ЮЗАО,69.0,7.0,8.0,0.0,2.0,https://www.cian.ru/sale/flat/295719676/,340434.78,Средний,Вторичка
36500000.0,СВАО,138.0,47.0,59.0,0.0,3.0,https://www.cian.ru/sale/flat/295722404/,264492.75,Средний,Вторичка
16300000.0,СЗАО,53.9,6.0,17.0,0.0,2.0,https://www.cian.ru/sale/flat/295729946/,302411.87,Средний,Вторичка
188240000.0,ЦАО,89.3,2.0,8.0,0.0,2.0,https://www.cian.ru/sale/flat/295731374/,2107950.73,Средний,Вторичка
41500000.0,ЮАО,86.0,10.0,11.0,0.0,3.0,https://www.cian.ru/sale/flat/295731821/,482558.14,Средний,Вторичка
35000000.0,ЗАО,101.0,4.0,22.0,0.0,4.0,https://www.cian.ru/sale/flat/295734236/,346534.65,Средний,Вторичка
18900000.0,ЮАО,41.7,23.0,26.0,0.0,1.0,https://www.cian.ru/sale/flat/295736833/,453237.41,Средний,Вторичка
44444000.0,СЗАО,65.6,34.0,43.0,1.0,2.0,https://www.cian.ru/sale/flat/295745235/,677500.0,Средний,Новостройка
47412705.0,СЗАО,83.1,20.0,29.0,1.0,3.0,https://www.cian.ru/sale/flat/295745237/,570550.0,Средний,Новостройка
8900000.0,ЮВАО,32.8,6.0,9.0,0.0,1.0,https://www.cian.ru/sale/flat/295758505/,271341.46,Средний,Вторичка
18600000.0,СЗАО,37.6,37.0,53.0,0.0,1.0,https://www.cian.ru/sale/flat/295760765/,494680.85,Средний,Вторичка
83900000.0,ЗАО,192.7,25.0,30.0,0.0,4.0,https://www.cian.ru/sale/flat/295761850/,435391.8,Средний,Вторичка
71500000.0,ЮАО,131.13,25.0,26.0,0.0,4.0,https://www.cian.ru/sale/flat/295763906/,545260.43,Средний,Вторичка
29500000.0,ЮАО,116.0,11.0,11.0,0.0,4.0,https://www.cian.ru/sale/flat/295765722/,254310.34,Последний,Вторичка
8977500.0,ЮВАО,35.3,9.0,9.0,0.0,1.0,https://www.cian.ru/sale/flat/295766411/,254320.11,Последний,Вторичка
9072500.0,ЮВАО,35.9,9.0,9.0,0.0,1.0,https://www.cian.ru/sale/flat/295766589/,252715.88,Последний,Вторичка
45000000.0,ЗАО,108.0,8.0,27.0,0.0,4.0,https://www.cian.ru/sale/flat/295768868/,416666.67,Средний,Вторичка
17300000.0,ЮВАО,42.7,8.0,30.0,1.0,1.0,https://www.cian.ru/sale/flat/295771498/,405152.22,Средний,Новостройка
38000000.0,ЗАО,67.0,9.0,14.0,0.0,2.0,https://www.cian.ru/sale/flat/295773203/,567164.18,Средний,Вторичка
71950000.0,ЗАО,124.8,11.0,11.0,0.0,4.0,https://www.cian.ru/sale/flat/295774042/,576522.44,Последний,Вторичка
242899015.0,ЦАО,172.1,4.0,5.0,0.0,3.0,https://www.cian.ru/sale/flat/295782093/,1411383.0,Средний,Вторичка
58000000.0,ВАО,220.9,16.0,19.0,0.0,4.0,https://www.cian.ru/sale/flat/295787399/,262562.25,Средний,Вторичка
11000000.0,ВАО,45.0,2.0,9.0,0.0,2.0,https://www.cian.ru/sale/flat/295787404/,244444.44,Средний,Вторичка
30000000.0,САО,71.8,6.0,7.0,0.0,4.0,https://www.cian.ru/sale/flat/295787633/,417827.3,Средний,Вторичка
36950000.0,ЦАО,94.5,3.0,7.0,0.0,4.0,https://www.cian.ru/sale/flat/295787645/,391005.29,Средний,Вторичка
165000000.0,ЦАО,154.0,16.0,21.0,0.0,4.0,https://www.cian.ru/sale/flat/295795425/,1071428.57,Средний,Вторичка
179300000.0,ЦАО,163.0,15.0,21.0,0.0,4.0,https://www.cian.ru/sale/flat/295795771/,1100000.0,Средний,Вторичка
98000000.0,ЮЗАО,95.0,9.0,20.0,0.0,3.0,https://www.cian.ru/sale/flat/295797621/,1031578.95,Средний,Вторичка
74900000.0,ЮАО,140.2,15.0,16.0,0.0,4.0,https://www.cian.ru/sale/flat/295800026/,534236.8,Средний,Вторичка
40000000.0,ЦАО,44.5,4.0,17.0,0.0,2.0,https://www.cian.ru/sale/flat/295800676/,898876.4,Средний,Вторичка
12000000.0,ВАО,42.0,1.0,8.0,0.0,2.0,https://www.cian.ru/sale/flat/295803072/,285714.29,Первый,Вторичка
100000000.0,ЗАО,130.0,22.0,53.0,0.0,4.0,https://www.cian.ru/sale/flat/295803481/,769230.77,Средний,Вторичка
51500000.0,ЮАО,102.3,4.0,21.0,0.0,4.0,https://www.cian.ru/sale/flat/295805048/,503421.31,Средний,Вторичка
52600000.0,ЮАО,65.8,4.0,19.0,0.0,2.0,https://www.cian.ru/sale/flat/295807939/,799392.1,Средний,Вторичка
27000000.0,ЗАО,126.0,12.0,17.0,0.0,4.0,https://www.cian.ru/sale/flat/295811839/,214285.71,Средний,Вторичка
42500000.0,ЮЗАО,129.0,4.0,16.0,0.0,4.0,https://www.cian.ru/sale/flat/295812492/,329457.36,Средний,Вторичка
13000000.0,ЗАО,37.0,2.0,17.0,0.0,1.0,https://www.cian.ru/sale/flat/295817542/,351351.35,Средний,Вторичка
61850000.0,ЗАО,102.0,3.0,18.0,0.0,4.0,https://www.cian.ru/sale/flat/295817937/,606372.55,Средний,Вторичка
67186665.0,СЗАО,81.9,12.0,43.0,1.0,3.0,https://www.cian.ru/sale/flat/295828299/,820350.0,Средний,Новостройка
33944456.0,ЮАО,97.24,2.0,5.0,1.0,4.0,https://www.cian.ru/sale/flat/295828406/,349079.14,Средний,Новостройка
17900000.0,САО,56.5,7.0,17.0,0.0,2.0,https://www.cian.ru/sale/flat/295832537/,316814.16,Средний,Вторичка
297000000.0,ЦАО,271.7,6.0,7.0,0.0,4.0,https://www.cian.ru/sale/flat/295837879/,1093117.41,Средний,Вторичка
290000000.0,ЦАО,158.6,3.0,6.0,0.0,3.0,https://www.cian.ru/sale/flat/295848893/,1828499.37,Средний,Вторичка
214999900.0,ЦАО,118.7,2.0,6.0,0.0,3.0,https://www.cian.ru/sale/flat/295848895/,1811288.12,Средний,Вторичка
18500000.0,СВАО,73.8,3.0,12.0,0.0,4.0,https://www.cian.ru/sale/flat/295849808/,250677.51,Средний,Вторичка
15600000.0,ЮЗАО,68.0,2.0,9.0,0.0,4.0,https://www.cian.ru/sale/flat/295849880/,229411.76,Средний,Вторичка
41000000.0,ЗАО,74.7,10.0,26.0,0.0,3.0,https://www.cian.ru/sale/flat/295852514/,548862.12,Средний,Вторичка
43500000.0,ЮАО,142.9,2.0,33.0,0.0,4.0,https://www.cian.ru/sale/flat/295854360/,304408.68,Средний,Вторичка
22400000.0,ЮВАО,99.1,21.0,22.0,0.0,4.0,https://www.cian.ru/sale/flat/295854710/,226034.31,Средний,Вторичка
31500000.0,ЮЗАО,96.0,16.0,16.0,0.0,4.0,https://www.cian.ru/sale/flat/295855135/,328125.0,Последний,Вторичка
220000000.0,ЦАО,162.2,5.0,6.0,0.0,4.0,https://www.cian.ru/sale/flat/295855242/,1356350.18,Средний,Вторичка
64999000.0,ЗАО,90.0,13.0,28.0,0.0,3.0,https://www.cian.ru/sale/flat/295856465/,722211.11,Средний,Вторичка
15800000.0,СВАО,75.1,1.0,12.0,0.0,4.0,https://www.cian.ru/sale/flat/295858075/,210386.15,Первый,Вторичка
22000000.0,ЮАО,80.0,8.0,33.0,1.0,4.0,https://www.cian.ru/sale/flat/295862283/,275000.0,Средний,Новостройка
78000000.0,ЮАО,138.0,6.0,14.0,0.0,4.0,https://www.cian.ru/sale/flat/295872379/,565217.39,Средний,Вторичка
41500000.0,СЗАО,67.2,10.0,13.0,1.0,3.0,https://www.cian.ru/sale/flat/295873965/,617559.52,Средний,Новостройка
63500000.0,СЗАО,99.9,9.0,15.0,1.0,3.0,https://www.cian.ru/sale/flat/295873966/,635635.64,Средний,Новостройка
63000000.0,СЗАО,99.3,9.0,15.0,1.0,4.0,https://www.cian.ru/sale/flat/295873970/,634441.09,Средний,Новостройка
68500000.0,СЗАО,102.2,10.0,21.0,1.0,4.0,https://www.cian.ru/sale/flat/295873974/,670254.4,Средний,Новостройка
53000000.0,ЦАО,114.0,5.0,5.0,0.0,4.0,https://www.cian.ru/sale/flat/295882572/,464912.28,Последний,Вторичка
11400000.0,СВАО,46.1,1.0,12.0,0.0,2.0,https://www.cian.ru/sale/flat/295895327/,247288.5,Первый,Вторичка
19450000.0,ЮВАО,37.0,5.0,28.0,0.0,1.0,https://www.cian.ru/sale/flat/295896231/,525675.68,Средний,Вторичка
75000000.0,САО,114.0,25.0,41.0,0.0,3.0,https://www.cian.ru/sale/flat/295896669/,657894.74,Средний,Вторичка
46490000.0,САО,75.0,4.0,41.0,0.0,2.0,https://www.cian.ru/sale/flat/295896670/,619866.67,Средний,Вторичка
33000000.0,ЮЗАО,103.0,15.0,22.0,0.0,4.0,https://www.cian.ru/sale/flat/295899413/,320388.35,Средний,Вторичка
22300000.0,САО,78.0,37.0,40.0,0.0,2.0,https://www.cian.ru/sale/flat/295903328/,285897.44,Средний,Вторичка
59990000.0,СВАО,167.0,12.0,59.0,0.0,3.0,https://www.cian.ru/sale/flat/295915324/,359221.56,Средний,Вторичка
96705000.0,ЗАО,92.1,8.0,13.0,0.0,3.0,https://www.cian.ru/sale/flat/295915768/,1050000.0,Средний,Вторичка
169990000.0,ЦАО,97.0,7.0,13.0,0.0,3.0,https://www.cian.ru/sale/flat/295916354/,1752474.23,Средний,Вторичка
37900000.0,ЗАО,114.0,12.0,24.0,0.0,4.0,https://www.cian.ru/sale/flat/295927514/,332456.14,Средний,Вторичка
18500000.0,ЮАО,37.0,8.0,8.0,1.0,1.0,https://www.cian.ru/sale/flat/295930960/,500000.0,Последний,Новостройка
21286000.0,ЗАО,70.6,9.0,25.0,0.0,2.0,https://www.cian.ru/sale/flat/295931215/,301501.42,Средний,Вторичка
32000000.0,САО,87.6,5.0,5.0,0.0,4.0,https://www.cian.ru/sale/flat/295936287/,365296.8,Последний,Вторичка
67990000.0,САО,115.0,3.0,57.0,0.0,3.0,https://www.cian.ru/sale/flat/295950251/,591217.39,Средний,Вторичка
48000000.0,СЗАО,103.4,4.0,14.0,1.0,4.0,https://www.cian.ru/sale/flat/295967581/,464216.63,Средний,Новостройка
48000000.0,СЗАО,82.0,7.0,38.0,0.0,3.0,https://www.cian.ru/sale/flat/295969470/,585365.85,Средний,Вторичка
18000000.0,ЮЗАО,45.1,6.0,9.0,0.0,2.0,https://www.cian.ru/sale/flat/295970933/,399113.08,Средний,Вторичка
7100000.0,ЮВАО,18.0,8.0,10.0,0.0,1.0,https://www.cian.ru/sale/flat/295974920/,394444.44,Средний,Вторичка
8450000.0,ВАО,39.2,1.0,12.0,0.0,1.0,https://www.cian.ru/sale/flat/295977963/,215561.22,Первый,Вторичка
13800000.0,ЮЗАО,38.1,2.0,12.0,0.0,2.0,https://www.cian.ru/sale/flat/295978318/,362204.72,Средний,Вторичка
23500000.0,СВАО,95.5,12.0,18.0,0.0,4.0,https://www.cian.ru/sale/flat/295978938/,246073.3,Средний,Вторичка
183000000.0,ЦАО,158.0,5.0,6.0,0.0,4.0,https://www.cian.ru/sale/flat/295985526/,1158227.85,Средний,Вторичка
235230500.0,ЦАО,139.0,8.0,11.0,0.0,3.0,https://www.cian.ru/sale/flat/295986039/,1692305.76,Средний,Вторичка
12900000.0,ЮВАО,39.0,4.0,16.0,0.0,1.0,https://www.cian.ru/sale/flat/295987840/,330769.23,Средний,Вторичка
17699000.0,ЮАО,36.7,11.0,15.0,1.0,1.0,https://www.cian.ru/sale/flat/295987891/,482261.58,Средний,Новостройка
105000000.0,ЦАО,96.4,36.0,67.0,1.0,3.0,https://www.cian.ru/sale/flat/295988623/,1089211.62,Средний,Новостройка
65000000.0,ЦАО,110.0,3.0,5.0,0.0,4.0,https://www.cian.ru/sale/flat/295990566/,590909.09,Средний,Вторичка
18099000.0,ЮАО,35.4,13.0,15.0,1.0,1.0,https://www.cian.ru/sale/flat/295991044/,511271.19,Средний,Новостройка
40950000.0,ЦАО,73.4,9.0,11.0,0.0,2.0,https://www.cian.ru/sale/flat/295999831/,557901.91,Средний,Вторичка
41215500.0,ЮЗАО,64.5,32.0,32.0,1.0,2.0,https://www.cian.ru/sale/flat/296009966/,639000.0,Последний,Новостройка
46855074.0,ЮЗАО,74.2,23.0,32.0,1.0,2.0,https://www.cian.ru/sale/flat/296009970/,631470.0,Средний,Новостройка
20257800.0,СВАО,51.2,11.0,27.0,1.0,1.0,https://www.cian.ru/sale/flat/296010064/,395660.16,Средний,Новостройка
23481000.0,СВАО,59.2,11.0,27.0,1.0,1.0,https://www.cian.ru/sale/flat/296010071/,396638.51,Средний,Новостройка
25635150.0,СВАО,74.9,21.0,27.0,1.0,2.0,https://www.cian.ru/sale/flat/296010083/,342258.34,Средний,Новостройка
37044000.0,СВАО,91.9,21.0,27.0,1.0,3.0,https://www.cian.ru/sale/flat/296010089/,403090.32,Средний,Новостройка
37453000.0,СВАО,122.7,11.0,27.0,1.0,3.0,https://www.cian.ru/sale/flat/296010091/,305240.42,Средний,Новостройка
27000000.0,САО,109.5,6.0,8.0,0.0,4.0,https://www.cian.ru/sale/flat/296014019/,246575.34,Средний,Вторичка
12000000.0,ВАО,42.4,4.0,5.0,0.0,2.0,https://www.cian.ru/sale/flat/296028455/,283018.87,Средний,Вторичка
19990000.0,СЗАО,58.5,17.0,17.0,0.0,2.0,https://www.cian.ru/sale/flat/296029218/,341709.4,Последний,Вторичка
10950000.0,САО,35.0,1.0,12.0,0.0,1.0,https://www.cian.ru/sale/flat/296030466/,312857.14,Первый,Вторичка
73500000.0,ЗАО,128.0,5.0,23.0,0.0,3.0,https://www.cian.ru/sale/flat/296041240/,574218.75,Средний,Вторичка
9999000.0,САО,38.6,2.0,14.0,0.0,1.0,https://www.cian.ru/sale/flat/296044216/,259041.45,Средний,Вторичка
120000000.0,ЗАО,150.0,13.0,35.0,0.0,4.0,https://www.cian.ru/sale/flat/296044657/,800000.0,Средний,Вторичка
10500000.0,ЮАО,38.0,6.0,17.0,0.0,1.0,https://www.cian.ru/sale/flat/296045961/,276315.79,Средний,Вторичка
26400000.0,СЗАО,55.7,10.0,30.0,1.0,2.0,https://www.cian.ru/sale/flat/296062774/,473967.68,Средний,Новостройка
49500000.0,СЗАО,98.2,18.0,19.0,0.0,3.0,https://www.cian.ru/sale/flat/296064943/,504073.32,Средний,Вторичка
24700000.0,СЗАО,40.6,6.0,29.0,0.0,1.0,https://www.cian.ru/sale/flat/296064946/,608374.38,Средний,Вторичка
47000000.0,ЮВАО,120.0,7.0,13.0,0.0,4.0,https://www.cian.ru/sale/flat/296078113/,391666.67,Средний,Вторичка
127000000.0,ЗАО,217.3,13.0,30.0,0.0,4.0,https://www.cian.ru/sale/flat/296082689/,584445.47,Средний,Вторичка
12000000.0,СЗАО,43.0,2.0,9.0,0.0,2.0,https://www.cian.ru/sale/flat/296083968/,279069.77,Средний,Вторичка
99000000.0,ЦАО,93.0,7.0,24.0,0.0,3.0,https://www.cian.ru/sale/flat/296084770/,1064516.13,Средний,Вторичка
22400000.0,СЗАО,43.5,19.0,43.0,1.0,1.0,https://www.cian.ru/sale/flat/296098591/,514942.53,Средний,Новостройка
277760000.0,ЦАО,173.6,5.0,9.0,0.0,4.0,https://www.cian.ru/sale/flat/296106344/,1600000.0,Средний,Вторичка
179360000.0,ЦАО,112.1,6.0,12.0,0.0,3.0,https://www.cian.ru/sale/flat/296106405/,1600000.0,Средний,Вторичка
17150000.0,СЗАО,32.2,13.0,25.0,1.0,1.0,https://www.cian.ru/sale/flat/296116887/,532608.7,Средний,Новостройка
9750000.0,ЗАО,37.0,2.0,9.0,0.0,2.0,https://www.cian.ru/sale/flat/296118979/,263513.51,Средний,Вторичка
209038500.0,ЦАО,135.3,2.0,4.0,1.0,3.0,https://www.cian.ru/sale/flat/296119400/,1545000.0,Средний,Новостройка
310000000.0,ЦАО,136.6,3.0,4.0,1.0,3.0,https://www.cian.ru/sale/flat/296119405/,2269399.71,Средний,Новостройка
650000000.0,ЦАО,251.8,4.0,4.0,1.0,4.0,https://www.cian.ru/sale/flat/296119409/,2581413.82,Последний,Новостройка
290000000.0,ЦАО,162.0,3.0,6.0,0.0,3.0,https://www.cian.ru/sale/flat/296120452/,1790123.46,Средний,Вторичка
38900000.0,ЮАО,114.0,1.0,17.0,0.0,4.0,https://www.cian.ru/sale/flat/296126529/,341228.07,Первый,Вторичка
9500000.0,ЮВАО,39.3,8.0,25.0,0.0,1.0,https://www.cian.ru/sale/flat/296135318/,241730.28,Средний,Вторичка
21000000.0,СЗАО,37.2,32.0,43.0,1.0,1.0,https://www.cian.ru/sale/flat/296136248/,564516.13,Средний,Новостройка
22968534.0,ЗАО,59.2,18.0,21.0,1.0,2.0,https://www.cian.ru/sale/flat/296139344/,387981.99,Средний,Новостройка
26900000.0,ЮЗАО,55.0,20.0,22.0,0.0,1.0,https://www.cian.ru/sale/flat/296147935/,489090.91,Средний,Вторичка
7588000.0,ЮЗАО,38.0,10.0,17.0,0.0,1.0,https://www.cian.ru/sale/flat/296151287/,199684.21,Средний,Вторичка
14800000.0,ЮВАО,34.5,17.0,33.0,1.0,1.0,https://www.cian.ru/sale/flat/296167467/,428985.51,Средний,Новостройка
8740000.0,ВАО,31.6,6.0,9.0,0.0,1.0,https://www.cian.ru/sale/flat/296173861/,276582.28,Средний,Вторичка
7990000.0,ВАО,33.0,5.0,5.0,0.0,1.0,https://www.cian.ru/sale/flat/296182391/,242121.21,Последний,Вторичка
747527200.0,ЦАО,227.0,3.0,7.0,0.0,4.0,https://www.cian.ru/sale/flat/296186591/,3293071.37,Средний,Вторичка
23900000.0,ЮВАО,85.1,1.0,17.0,0.0,3.0,https://www.cian.ru/sale/flat/296187258/,280846.06,Первый,Вторичка
25778469.0,ВАО,52.9,3.0,16.0,0.0,2.0,https://www.cian.ru/sale/flat/296189151/,487305.65,Средний,Вторичка
8987654.0,ЮАО,34.0,16.0,17.0,0.0,1.0,https://www.cian.ru/sale/flat/296195090/,264342.76,Средний,Вторичка
101000000.0,ЗАО,117.0,15.0,44.0,0.0,3.0,https://www.cian.ru/sale/flat/296195763/,863247.86,Средний,Вторичка
14999999.0,ЮАО,63.5,9.0,9.0,0.0,3.0,https://www.cian.ru/sale/flat/296199584/,236220.46,Последний,Вторичка
120000000.0,ЦАО,116.7,5.0,20.0,0.0,3.0,https://www.cian.ru/sale/flat/296202679/,1028277.63,Средний,Вторичка
84000000.0,ЗАО,135.0,25.0,34.0,0.0,3.0,https://www.cian.ru/sale/flat/296202968/,622222.22,Средний,Вторичка
135000000.0,ЦАО,135.0,4.0,12.0,0.0,3.0,https://www.cian.ru/sale/flat/296204878/,1000000.0,Средний,Вторичка
106140000.0,САО,183.0,15.0,18.0,0.0,3.0,https://www.cian.ru/sale/flat/296205791/,580000.0,Средний,Вторичка
12600000.0,ЮАО,42.9,8.0,9.0,0.0,2.0,https://www.cian.ru/sale/flat/296206157/,293706.29,Средний,Вторичка
16300000.0,ЮАО,38.0,7.0,20.0,0.0,1.0,https://www.cian.ru/sale/flat/296209050/,428947.37,Средний,Вторичка
18000000.0,ЦАО,34.9,2.0,5.0,0.0,2.0,https://www.cian.ru/sale/flat/296209444/,515759.31,Средний,Вторичка
15200000.0,СВАО,36.39,15.0,24.0,1.0,1.0,https://www.cian.ru/sale/flat/296210002/,417697.17,Средний,Новостройка
13000000.0,СВАО,58.7,5.0,9.0,0.0,3.0,https://www.cian.ru/sale/flat/296210557/,221465.08,Средний,Вторичка
69990000.0,ЦАО,90.3,7.0,8.0,0.0,3.0,https://www.cian.ru/sale/flat/296215205/,775083.06,Средний,Вторичка
20878638.0,САО,45.7,21.0,36.0,1.0,1.0,https://www.cian.ru/sale/flat/296215620/,456862.98,Средний,Новостройка
29831481.0,СВАО,58.9,21.0,22.0,1.0,2.0,https://www.cian.ru/sale/flat/296222973/,506476.76,Средний,Новостройка
16150000.0,САО,55.5,2.0,5.0,0.0,3.0,https://www.cian.ru/sale/flat/296226599/,290990.99,Средний,Вторичка
64641379.0,ЮАО,98.48,12.0,16.0,1.0,3.0,https://www.cian.ru/sale/flat/296227934/,656390.93,Средний,Новостройка
18000000.0,ЮВАО,38.6,7.0,22.0,1.0,1.0,https://www.cian.ru/sale/flat/296248018/,466321.24,Средний,Новостройка
7700000.0,ЮЗАО,35.0,12.0,14.0,0.0,1.0,https://www.cian.ru/sale/flat/296254383/,220000.0,Средний,Вторичка
260000000.0,ЦАО,137.2,3.0,7.0,0.0,4.0,https://www.cian.ru/sale/flat/296260378/,1895043.73,Средний,Вторичка
46898000.0,ЗАО,73.0,11.0,14.0,0.0,3.0,https://www.cian.ru/sale/flat/296263456/,642438.36,Средний,Вторичка
24999000.0,ЗАО,44.0,8.0,14.0,0.0,2.0,https://www.cian.ru/sale/flat/296263461/,568159.09,Средний,Вторичка
35500000.0,СЗАО,65.7,4.0,21.0,1.0,2.0,https://www.cian.ru/sale/flat/296272028/,540334.86,Средний,Новостройка
65470000.0,ЗАО,92.2,13.0,14.0,1.0,2.0,https://www.cian.ru/sale/flat/296277489/,710086.77,Средний,Новостройка
58010000.0,ЗАО,95.4,8.0,14.0,1.0,3.0,https://www.cian.ru/sale/flat/296277504/,608071.28,Средний,Новостройка
59150000.0,ЗАО,95.7,9.0,14.0,1.0,3.0,https://www.cian.ru/sale/flat/296277540/,618077.32,Средний,Новостройка
155950000.0,ЗАО,197.4,14.0,14.0,1.0,4.0,https://www.cian.ru/sale/flat/296277556/,790020.26,Последний,Новостройка
84300000.0,ЗАО,100.0,14.0,14.0,1.0,3.0,https://www.cian.ru/sale/flat/296277569/,843000.0,Последний,Новостройка
45140000.0,ЗАО,68.7,11.0,14.0,1.0,2.0,https://www.cian.ru/sale/flat/296277589/,657059.68,Средний,Новостройка
45830000.0,ЗАО,68.7,12.0,14.0,1.0,2.0,https://www.cian.ru/sale/flat/296277602/,667103.35,Средний,Новостройка
31650000.0,ЗАО,50.8,8.0,14.0,1.0,1.0,https://www.cian.ru/sale/flat/296277718/,623031.5,Средний,Новостройка
64670000.0,ЗАО,91.6,8.0,14.0,1.0,3.0,https://www.cian.ru/sale/flat/296277803/,706004.37,Средний,Новостройка
47550000.0,ЗАО,75.0,13.0,14.0,1.0,2.0,https://www.cian.ru/sale/flat/296277850/,634000.0,Средний,Новостройка
48740000.0,ЗАО,77.6,13.0,14.0,1.0,2.0,https://www.cian.ru/sale/flat/296277857/,628092.78,Средний,Новостройка
59680000.0,ЗАО,96.1,9.0,14.0,1.0,3.0,https://www.cian.ru/sale/flat/296277862/,621019.77,Средний,Новостройка
63790000.0,ЗАО,96.2,13.0,14.0,1.0,3.0,https://www.cian.ru/sale/flat/296277869/,663097.71,Средний,Новостройка
141580000.0,ЗАО,173.5,14.0,14.0,1.0,3.0,https://www.cian.ru/sale/flat/296277878/,816023.05,Последний,Новостройка
96710000.0,ЗАО,129.8,13.0,14.0,1.0,3.0,https://www.cian.ru/sale/flat/296277887/,745069.34,Средний,Новостройка
66040000.0,ЗАО,98.7,13.0,14.0,1.0,3.0,https://www.cian.ru/sale/flat/296277893/,669098.28,Средний,Новостройка
50820000.0,ЗАО,72.9,12.0,13.0,1.0,2.0,https://www.cian.ru/sale/flat/296277900/,697119.34,Средний,Новостройка
72090000.0,ЗАО,102.1,12.0,13.0,1.0,3.0,https://www.cian.ru/sale/flat/296277908/,706072.48,Средний,Новостройка
68480000.0,ЗАО,102.2,9.0,13.0,1.0,3.0,https://www.cian.ru/sale/flat/296277916/,670058.71,Средний,Новостройка
113540000.0,ЗАО,169.2,14.0,14.0,1.0,3.0,https://www.cian.ru/sale/flat/296277932/,671040.19,Последний,Новостройка
104230000.0,ЗАО,148.9,14.0,14.0,1.0,3.0,https://www.cian.ru/sale/flat/296277940/,700000.0,Последний,Новостройка
41280000.0,ЗАО,67.0,13.0,14.0,1.0,2.0,https://www.cian.ru/sale/flat/296277962/,616119.4,Средний,Новостройка
55420000.0,ЗАО,91.6,13.0,14.0,1.0,3.0,https://www.cian.ru/sale/flat/296277970/,605021.83,Средний,Новостройка
51980000.0,ЗАО,92.0,10.0,14.0,1.0,3.0,https://www.cian.ru/sale/flat/296277975/,565000.0,Средний,Новостройка
27660000.0,ЗАО,44.6,13.0,14.0,1.0,1.0,https://www.cian.ru/sale/flat/296277976/,620179.37,Средний,Новостройка
66540000.0,ЗАО,102.2,5.0,12.0,1.0,3.0,https://www.cian.ru/sale/flat/296277982/,651076.32,Средний,Новостройка
129630000.0,ЗАО,167.5,14.0,14.0,1.0,3.0,https://www.cian.ru/sale/flat/296277985/,773910.45,Последний,Новостройка
133770000.0,ЗАО,171.3,14.0,14.0,1.0,3.0,https://www.cian.ru/sale/flat/296277986/,780910.68,Последний,Новостройка
40420000.0,ЗАО,69.2,13.0,14.0,1.0,2.0,https://www.cian.ru/sale/flat/296277987/,584104.05,Средний,Новостройка
39640000.0,ЗАО,67.3,13.0,14.0,1.0,2.0,https://www.cian.ru/sale/flat/296277988/,589004.46,Средний,Новостройка
54520000.0,ЗАО,95.8,9.0,13.0,1.0,3.0,https://www.cian.ru/sale/flat/296278072/,569102.3,Средний,Новостройка
58630000.0,ЗАО,95.8,12.0,13.0,1.0,3.0,https://www.cian.ru/sale/flat/296278073/,612004.18,Средний,Новостройка
110530000.0,ЗАО,167.5,13.0,13.0,1.0,4.0,https://www.cian.ru/sale/flat/296278075/,659880.6,Последний,Новостройка
129810000.0,ЗАО,192.3,13.0,13.0,1.0,3.0,https://www.cian.ru/sale/flat/296278076/,675039.0,Последний,Новостройка
131000000.0,ЗАО,195.8,13.0,13.0,1.0,4.0,https://www.cian.ru/sale/flat/296278077/,669050.05,Последний,Новостройка
75670000.0,ЗАО,115.7,10.0,13.0,1.0,3.0,https://www.cian.ru/sale/flat/296278083/,654019.01,Средний,Новостройка
78100000.0,ЗАО,115.7,12.0,13.0,1.0,4.0,https://www.cian.ru/sale/flat/296278084/,675021.61,Средний,Новостройка
74600000.0,ЗАО,98.7,13.0,13.0,1.0,3.0,https://www.cian.ru/sale/flat/296278089/,755825.73,Последний,Новостройка
42700000.0,ЗАО,68.2,11.0,13.0,1.0,2.0,https://www.cian.ru/sale/flat/296278092/,626099.71,Средний,Новостройка
39220000.0,ЗАО,68.8,9.0,13.0,1.0,2.0,https://www.cian.ru/sale/flat/296278100/,570058.14,Средний,Новостройка
30000000.0,ЗАО,51.1,9.0,13.0,1.0,1.0,https://www.cian.ru/sale/flat/296278116/,587084.15,Средний,Новостройка
52260000.0,ЗАО,91.2,8.0,13.0,1.0,3.0,https://www.cian.ru/sale/flat/296278119/,573026.32,Средний,Новостройка
50240000.0,ЗАО,91.5,6.0,13.0,1.0,3.0,https://www.cian.ru/sale/flat/296278120/,549071.04,Средний,Новостройка
53000000.0,ЗАО,92.0,12.0,13.0,1.0,2.0,https://www.cian.ru/sale/flat/296278123/,576086.96,Средний,Новостройка
52040000.0,ЗАО,92.1,11.0,13.0,1.0,2.0,https://www.cian.ru/sale/flat/296278125/,565038.0,Средний,Новостройка
53950000.0,ЗАО,72.6,9.0,13.0,1.0,2.0,https://www.cian.ru/sale/flat/296278129/,743112.95,Средний,Новостройка
72640000.0,ЗАО,102.3,12.0,13.0,1.0,3.0,https://www.cian.ru/sale/flat/296278140/,710068.43,Средний,Новостройка
69260000.0,ЗАО,102.3,9.0,13.0,1.0,3.0,https://www.cian.ru/sale/flat/296278142/,677028.35,Средний,Новостройка
99460000.0,ЗАО,129.5,9.0,14.0,1.0,3.0,https://www.cian.ru/sale/flat/296278219/,768030.89,Средний,Новостройка
64460000.0,ЗАО,98.7,10.0,14.0,1.0,3.0,https://www.cian.ru/sale/flat/296278232/,653090.17,Средний,Новостройка
129000000.0,ЦАО,222.8,5.0,21.0,0.0,4.0,https://www.cian.ru/sale/flat/296282173/,578994.61,Средний,Вторичка
18550000.0,СЗАО,38.9,8.0,44.0,1.0,1.0,https://www.cian.ru/sale/flat/296284550/,476863.75,Средний,Новостройка
29200000.0,СЗАО,65.5,32.0,41.0,0.0,2.0,https://www.cian.ru/sale/flat/296284624/,445801.53,Средний,Вторичка
46000000.0,ЗАО,147.0,6.0,15.0,0.0,4.0,https://www.cian.ru/sale/flat/296309335/,312925.17,Средний,Вторичка
55000000.0,ЗАО,176.5,12.0,15.0,0.0,4.0,https://www.cian.ru/sale/flat/296310154/,311614.73,Средний,Вторичка
17499000.0,СЗАО,36.0,12.0,36.0,0.0,2.0,https://www.cian.ru/sale/flat/296310724/,486083.33,Средний,Вторичка
37000000.0,ЦАО,43.6,4.0,13.0,0.0,1.0,https://www.cian.ru/sale/flat/296311040/,848623.85,Средний,Вторичка
29000000.0,САО,81.1,2.0,9.0,0.0,4.0,https://www.cian.ru/sale/flat/296313187/,357583.23,Средний,Вторичка
74000000.0,САО,117.0,25.0,38.0,0.0,4.0,https://www.cian.ru/sale/flat/296315011/,632478.63,Средний,Вторичка
79000000.0,ЦАО,119.0,14.0,17.0,0.0,3.0,https://www.cian.ru/sale/flat/296315046/,663865.55,Средний,Вторичка
30490000.0,ЗАО,54.7,5.0,8.0,0.0,2.0,https://www.cian.ru/sale/flat/296321957/,557404.02,Средний,Вторичка
25000000.0,СЗАО,42.2,5.0,48.0,0.0,1.0,https://www.cian.ru/sale/flat/296323378/,592417.06,Средний,Вторичка
45000000.0,СЗАО,108.2,11.0,58.0,0.0,4.0,https://www.cian.ru/sale/flat/296325192/,415896.49,Средний,Вторичка
59990000.0,СЗАО,108.6,38.0,58.0,0.0,4.0,https://www.cian.ru/sale/flat/296325197/,552394.11,Средний,Вторичка
25800000.0,СЗАО,49.3,5.0,43.0,0.0,2.0,https://www.cian.ru/sale/flat/296325203/,523326.57,Средний,Вторичка
12800000.0,СВАО,45.5,7.0,14.0,0.0,2.0,https://www.cian.ru/sale/flat/296327043/,281318.68,Средний,Вторичка
30095214.0,ЮЗАО,67.3,19.0,25.0,1.0,2.0,https://www.cian.ru/sale/flat/296330604/,447180.0,Средний,Новостройка
28965519.0,ЮЗАО,62.7,18.0,25.0,1.0,3.0,https://www.cian.ru/sale/flat/296330609/,461970.0,Средний,Новостройка
48424200.0,ЮЗАО,87.0,19.0,25.0,1.0,3.0,https://www.cian.ru/sale/flat/296330621/,556600.0,Средний,Новостройка
19990000.0,ЮЗАО,46.4,11.0,34.0,0.0,1.0,https://www.cian.ru/sale/flat/296361605/,430818.97,Средний,Вторичка
15700000.0,ЮВАО,65.0,19.0,25.0,0.0,2.0,https://www.cian.ru/sale/flat/296364346/,241538.46,Средний,Вторичка
20999000.0,ЮЗАО,64.0,3.0,5.0,0.0,2.0,https://www.cian.ru/sale/flat/296368550/,328109.38,Средний,Вторичка
199500000.0,ЦАО,163.1,5.0,8.0,0.0,4.0,https://www.cian.ru/sale/flat/296380323/,1223175.97,Средний,Вторичка
63000000.0,ЦАО,73.0,4.0,16.0,0.0,2.0,https://www.cian.ru/sale/flat/296382222/,863013.7,Средний,Вторичка
15300000.0,СВАО,40.0,13.0,22.0,0.0,1.0,https://www.cian.ru/sale/flat/296383358/,382500.0,Средний,Вторичка
250000000.0,ЦАО,168.3,7.0,12.0,0.0,4.0,https://www.cian.ru/sale/flat/296384043/,1485442.66,Средний,Вторичка
31000000.0,ЮАО,78.48,6.0,14.0,1.0,2.0,https://www.cian.ru/sale/flat/296389966/,395005.1,Средний,Новостройка
8000000.0,ЮАО,22.0,15.0,22.0,0.0,1.0,https://www.cian.ru/sale/flat/296390586/,363636.36,Средний,Вторичка
110000000.0,ЗАО,150.7,25.0,53.0,0.0,4.0,https://www.cian.ru/sale/flat/296390761/,729927.01,Средний,Вторичка
38900000.0,СЗАО,79.0,8.0,24.0,0.0,3.0,https://www.cian.ru/sale/flat/296394216/,492405.06,Средний,Вторичка
32300000.0,ЮАО,80.0,4.0,8.0,0.0,3.0,https://www.cian.ru/sale/flat/296395448/,403750.0,Средний,Вторичка
24500000.0,СЗАО,42.4,40.0,43.0,1.0,1.0,https://www.cian.ru/sale/flat/296400647/,577830.19,Средний,Новостройка
120000000.0,ЦАО,120.1,52.0,67.0,1.0,4.0,https://www.cian.ru/sale/flat/296401065/,999167.36,Средний,Новостройка
22000000.0,СЗАО,38.3,24.0,28.0,0.0,1.0,https://www.cian.ru/sale/flat/296403474/,574412.53,Средний,Вторичка
50900000.0,СЗАО,121.0,2.0,6.0,0.0,3.0,https://www.cian.ru/sale/flat/296403911/,420661.16,Средний,Вторичка
30000000.0,ВАО,108.8,5.0,17.0,0.0,4.0,https://www.cian.ru/sale/flat/296403999/,275735.29,Средний,Вторичка
70000000.0,СВАО,99.7,3.0,11.0,0.0,4.0,https://www.cian.ru/sale/flat/296404224/,702106.32,Средний,Вторичка
13850000.0,ЮАО,40.3,21.0,24.0,0.0,1.0,https://www.cian.ru/sale/flat/296405462/,343672.46,Средний,Вторичка
59990000.0,СВАО,166.0,12.0,59.0,0.0,3.0,https://www.cian.ru/sale/flat/296422373/,361385.54,Средний,Вторичка
19499999.0,ЮЗАО,47.2,3.0,42.0,0.0,1.0,https://www.cian.ru/sale/flat/296438200/,413135.57,Средний,Вторичка
21300000.0,СЗАО,38.7,5.0,43.0,1.0,1.0,https://www.cian.ru/sale/flat/296439998/,550387.6,Средний,Новостройка
22100000.0,СЗАО,38.1,20.0,25.0,1.0,1.0,https://www.cian.ru/sale/flat/296440312/,580052.49,Средний,Новостройка
26800000.0,ЗАО,101.0,3.0,25.0,0.0,4.0,https://www.cian.ru/sale/flat/296444221/,265346.53,Средний,Вторичка
25000000.0,ЗАО,57.2,23.0,30.0,1.0,2.0,https://www.cian.ru/sale/flat/296451009/,437062.94,Средний,Новостройка
265000000.0,ЦАО,161.6,2.0,7.0,0.0,4.0,https://www.cian.ru/sale/flat/296458781/,1639851.49,Средний,Вторичка
46990000.0,ЦАО,85.87,36.0,51.0,0.0,3.0,https://www.cian.ru/sale/flat/296462468/,547222.55,Средний,Вторичка
350000000.0,ЦАО,177.0,4.0,6.0,0.0,4.0,https://www.cian.ru/sale/flat/296467715/,1977401.13,Средний,Вторичка
120000000.0,ЦАО,116.78,5.0,21.0,0.0,3.0,https://www.cian.ru/sale/flat/296468286/,1027573.21,Средний,Вторичка
9699999.0,ВАО,44.0,8.0,9.0,0.0,2.0,https://www.cian.ru/sale/flat/296470480/,220454.52,Средний,Вторичка
50407380.0,ВАО,96.9,4.0,16.0,0.0,4.0,https://www.cian.ru/sale/flat/296471511/,520200.0,Средний,Вторичка
27931636.0,СЗАО,49.3,4.0,19.0,0.0,2.0,https://www.cian.ru/sale/flat/296473523/,566564.62,Средний,Вторичка
29000000.0,ЮАО,65.5,12.0,27.0,0.0,2.0,https://www.cian.ru/sale/flat/296476464/,442748.09,Средний,Вторичка
9900000.0,ВАО,43.2,11.0,12.0,0.0,1.0,https://www.cian.ru/sale/flat/296478167/,229166.67,Средний,Вторичка
42000000.0,ЮЗАО,107.8,31.0,34.0,1.0,3.0,https://www.cian.ru/sale/flat/296485610/,389610.39,Средний,Новостройка
30000000.0,ЦАО,92.0,6.0,7.0,0.0,4.0,https://www.cian.ru/sale/flat/296500661/,326086.96,Средний,Вторичка
84770000.0,ЦАО,121.1,4.0,15.0,0.0,3.0,https://www.cian.ru/sale/flat/296514916/,700000.0,Средний,Вторичка
31999440.0,СЗАО,52.7,15.0,24.0,1.0,2.0,https://www.cian.ru/sale/flat/296517754/,607200.0,Средний,Новостройка
32392797.0,ЮЗАО,69.4,17.0,25.0,1.0,2.0,https://www.cian.ru/sale/flat/296518951/,466755.0,Средний,Новостройка
126000000.0,ЦАО,125.9,3.0,7.0,0.0,4.0,https://www.cian.ru/sale/flat/296521432/,1000794.28,Средний,Вторичка
8700000.0,ЮАО,32.6,4.0,9.0,0.0,1.0,https://www.cian.ru/sale/flat/296521470/,266871.17,Средний,Вторичка
130000000.0,ЦАО,149.9,4.0,13.0,0.0,3.0,https://www.cian.ru/sale/flat/296521536/,867244.83,Средний,Вторичка
28000000.0,ЗАО,50.0,15.0,20.0,1.0,1.0,https://www.cian.ru/sale/flat/296522785/,560000.0,Средний,Новостройка
24000000.0,ВАО,63.7,17.0,29.0,1.0,3.0,https://www.cian.ru/sale/flat/296523403/,376766.09,Средний,Новостройка
67000000.0,ЗАО,125.0,15.0,20.0,1.0,4.0,https://www.cian.ru/sale/flat/296524128/,536000.0,Средний,Новостройка
22887920.0,СЗАО,34.1,11.0,43.0,1.0,1.0,https://www.cian.ru/sale/flat/296524855/,671200.0,Средний,Новостройка
24192680.0,СЗАО,34.9,26.0,43.0,1.0,1.0,https://www.cian.ru/sale/flat/296524857/,693200.0,Средний,Новостройка
35235420.0,СЗАО,59.1,7.0,24.0,1.0,2.0,https://www.cian.ru/sale/flat/296524861/,596200.0,Средний,Новостройка
20998400.0,СЗАО,38.6,9.0,23.0,1.0,1.0,https://www.cian.ru/sale/flat/296524869/,544000.0,Средний,Новостройка
34371540.0,СЗАО,56.7,14.0,29.0,1.0,2.0,https://www.cian.ru/sale/flat/296524893/,606200.0,Средний,Новостройка
17250000.0,ВАО,49.62,28.0,33.0,1.0,2.0,https://www.cian.ru/sale/flat/296526099/,347642.08,Средний,Новостройка
29000000.0,ЮЗАО,60.5,7.0,34.0,1.0,2.0,https://www.cian.ru/sale/flat/296529745/,479338.84,Средний,Новостройка
15150000.0,ЗАО,31.0,5.0,5.0,0.0,1.0,https://www.cian.ru/sale/flat/296556180/,488709.68,Последний,Вторичка
21500000.0,СЗАО,75.5,3.0,22.0,0.0,3.0,https://www.cian.ru/sale/flat/296559364/,284768.21,Средний,Вторичка
31000000.0,ЦАО,76.1,1.0,5.0,0.0,4.0,https://www.cian.ru/sale/flat/296561070/,407358.74,Первый,Вторичка
10850000.0,ЮАО,41.2,7.0,14.0,0.0,1.0,https://www.cian.ru/sale/flat/296562644/,263349.51,Средний,Вторичка
49700000.0,ЮАО,130.0,28.0,33.0,0.0,4.0,https://www.cian.ru/sale/flat/296564081/,382307.69,Средний,Вторичка
45900000.0,ЦАО,65.0,4.0,8.0,0.0,2.0,https://www.cian.ru/sale/flat/296565916/,706153.85,Средний,Вторичка
27080000.0,САО,99.6,3.0,5.0,0.0,4.0,https://www.cian.ru/sale/flat/296566874/,271887.55,Средний,Вторичка
13400000.0,ЮАО,44.5,6.0,8.0,0.0,2.0,https://www.cian.ru/sale/flat/296570382/,301123.6,Средний,Вторичка
21200000.0,ЮАО,89.0,20.0,25.0,0.0,4.0,https://www.cian.ru/sale/flat/296571004/,238202.25,Средний,Вторичка
118000000.0,ЦАО,145.0,3.0,11.0,0.0,4.0,https://www.cian.ru/sale/flat/296571329/,813793.1,Средний,Вторичка
20800000.0,СВАО,95.9,8.0,22.0,0.0,4.0,https://www.cian.ru/sale/flat/296572798/,216892.6,Средний,Вторичка
19000000.0,ЮВАО,49.6,9.0,22.0,1.0,1.0,https://www.cian.ru/sale/flat/296575731/,383064.52,Средний,Новостройка
18018378.0,САО,46.5,30.0,32.0,1.0,1.0,https://www.cian.ru/sale/flat/296577488/,387492.0,Средний,Новостройка
23003481.0,ЗАО,53.8,5.0,21.0,1.0,2.0,https://www.cian.ru/sale/flat/296577508/,427574.0,Средний,Новостройка
28700000.0,ЮЗАО,63.0,20.0,42.0,0.0,2.0,https://www.cian.ru/sale/flat/296594564/,455555.56,Средний,Вторичка
70000000.0,САО,142.7,5.0,59.0,0.0,4.0,https://www.cian.ru/sale/flat/296599966/,490539.59,Средний,Вторичка
33000000.0,ВАО,85.1,2.0,8.0,0.0,4.0,https://www.cian.ru/sale/flat/296606587/,387779.08,Средний,Вторичка
14900000.0,ЗАО,35.7,16.0,33.0,1.0,1.0,https://www.cian.ru/sale/flat/296614283/,417366.95,Средний,Новостройка
26000000.0,ЮЗАО,90.0,12.0,16.0,0.0,4.0,https://www.cian.ru/sale/flat/296615476/,288888.89,Средний,Вторичка
17000000.0,ЮАО,63.5,4.0,9.0,0.0,4.0,https://www.cian.ru/sale/flat/296639718/,267716.54,Средний,Вторичка
24999000.0,ЗАО,70.0,21.0,31.0,0.0,3.0,https://www.cian.ru/sale/flat/296641605/,357128.57,Средний,Вторичка
63000000.0,ЦАО,168.0,4.0,5.0,0.0,3.0,https://www.cian.ru/sale/flat/296644413/,375000.0,Средний,Вторичка
327043150.0,ЗАО,221.0,2.0,6.0,0.0,4.0,https://www.cian.ru/sale/flat/296646329/,1479833.26,Средний,Вторичка
200000000.0,ЦАО,122.7,3.0,15.0,0.0,3.0,https://www.cian.ru/sale/flat/296649966/,1629991.85,Средний,Вторичка
13300000.0,СВАО,31.8,4.0,5.0,0.0,1.0,https://www.cian.ru/sale/flat/296658686/,418238.99,Средний,Вторичка
15500000.0,ЮЗАО,70.0,12.0,12.0,0.0,3.0,https://www.cian.ru/sale/flat/296664650/,221428.57,Последний,Вторичка
54900000.0,ЦАО,65.0,3.0,9.0,0.0,2.0,https://www.cian.ru/sale/flat/296673873/,844615.38,Средний,Вторичка
15950000.0,СЗАО,28.0,25.0,41.0,1.0,1.0,https://www.cian.ru/sale/flat/296680746/,569642.86,Средний,Новостройка
30000000.0,ЮВАО,98.7,10.0,22.0,0.0,4.0,https://www.cian.ru/sale/flat/296684639/,303951.37,Средний,Вторичка
36000000.0,ЮЗАО,86.7,23.0,42.0,0.0,4.0,https://www.cian.ru/sale/flat/296687659/,415224.91,Средний,Вторичка
15550000.0,ЗАО,38.0,9.0,17.0,0.0,1.0,https://www.cian.ru/sale/flat/296688010/,409210.53,Средний,Вторичка
13900000.0,ЮВАО,47.0,11.0,23.0,0.0,1.0,https://www.cian.ru/sale/flat/296689256/,295744.68,Средний,Вторичка
31500000.0,ЮАО,66.4,14.0,46.0,0.0,2.0,https://www.cian.ru/sale/flat/296690119/,474397.59,Средний,Вторичка
50600000.0,ЗАО,103.0,3.0,25.0,0.0,3.0,https://www.cian.ru/sale/flat/296703405/,491262.14,Средний,Вторичка
19890000.0,ЗАО,92.0,25.0,25.0,0.0,2.0,https://www.cian.ru/sale/flat/296709126/,216195.65,Последний,Вторичка
100000000.0,ЗАО,130.0,22.0,47.0,0.0,3.0,https://www.cian.ru/sale/flat/296709454/,769230.77,Средний,Вторичка
55000000.0,ЗАО,83.0,22.0,31.0,0.0,3.0,https://www.cian.ru/sale/flat/296710178/,662650.6,Средний,Вторичка
109000000.0,ЦАО,105.0,5.0,11.0,0.0,3.0,https://www.cian.ru/sale/flat/296710665/,1038095.24,Средний,Вторичка
37999000.0,ЦАО,81.0,5.0,6.0,0.0,3.0,https://www.cian.ru/sale/flat/296713094/,469123.46,Средний,Вторичка
170000000.0,ЦАО,166.0,4.0,6.0,0.0,4.0,https://www.cian.ru/sale/flat/296713177/,1024096.39,Средний,Вторичка
37336181.0,ЮЗАО,74.7,25.0,25.0,1.0,3.0,https://www.cian.ru/sale/flat/296720216/,499815.01,Последний,Новостройка
37000000.0,ЦАО,49.0,9.0,9.0,0.0,2.0,https://www.cian.ru/sale/flat/296723055/,755102.04,Последний,Вторичка
28000000.0,СЗАО,65.7,18.0,41.0,1.0,1.0,https://www.cian.ru/sale/flat/296739976/,426179.6,Средний,Новостройка
19700000.0,САО,50.5,27.0,44.0,0.0,2.0,https://www.cian.ru/sale/flat/296741786/,390099.01,Средний,Вторичка
31137876.0,СЗАО,69.3,34.0,47.0,1.0,2.0,https://www.cian.ru/sale/flat/296745557/,449320.0,Средний,Новостройка
19614228.0,СЗАО,41.9,36.0,47.0,1.0,1.0,https://www.cian.ru/sale/flat/296745558/,468120.0,Средний,Новостройка
34112000.0,СЗАО,83.2,36.0,47.0,1.0,3.0,https://www.cian.ru/sale/flat/296745560/,410000.0,Средний,Новостройка
19762560.0,СЗАО,43.8,36.0,47.0,1.0,1.0,https://www.cian.ru/sale/flat/296745561/,451200.0,Средний,Новостройка
29638482.0,СЗАО,68.1,23.0,47.0,1.0,2.0,https://www.cian.ru/sale/flat/296745563/,435220.0,Средний,Новостройка
35399500.0,СЗАО,85.3,39.0,47.0,1.0,3.0,https://www.cian.ru/sale/flat/296745590/,415000.0,Средний,Новостройка
29359584.0,СЗАО,64.8,42.0,47.0,1.0,2.0,https://www.cian.ru/sale/flat/296745601/,453080.0,Средний,Новостройка
29603232.0,СЗАО,64.8,45.0,47.0,1.0,2.0,https://www.cian.ru/sale/flat/296745609/,456840.0,Средний,Новостройка
30320640.0,СЗАО,72.0,41.0,47.0,1.0,2.0,https://www.cian.ru/sale/flat/296745611/,421120.0,Средний,Новостройка
38324000.0,СЗАО,87.1,47.0,47.0,1.0,3.0,https://www.cian.ru/sale/flat/296745621/,440000.0,Последний,Новостройка
55902000.0,СЗАО,133.1,43.0,47.0,1.0,4.0,https://www.cian.ru/sale/flat/296745632/,420000.0,Средний,Новостройка
25368000.0,СЗАО,56.0,40.0,47.0,1.0,2.0,https://www.cian.ru/sale/flat/296745634/,453000.0,Средний,Новостройка
26649000.0,СЗАО,56.7,47.0,47.0,1.0,2.0,https://www.cian.ru/sale/flat/296745635/,470000.0,Последний,Новостройка
30244500.0,СЗАО,71.5,40.0,47.0,1.0,2.0,https://www.cian.ru/sale/flat/296745638/,423000.0,Средний,Новостройка
9120000.0,ЮВАО,36.0,4.0,9.0,0.0,1.0,https://www.cian.ru/sale/flat/296747241/,253333.33,Средний,Вторичка
49798312.0,ЮЗАО,96.4,21.0,25.0,1.0,3.0,https://www.cian.ru/sale/flat/296747293/,516580.0,Средний,Новостройка
32921279.0,ЮЗАО,64.3,25.0,25.0,1.0,2.0,https://www.cian.ru/sale/flat/296747296/,511995.01,Последний,Новостройка
9790000.0,ЮВАО,33.3,4.0,9.0,0.0,1.0,https://www.cian.ru/sale/flat/296748808/,293993.99,Средний,Вторичка
27000000.0,СЗАО,76.1,7.0,47.0,0.0,3.0,https://www.cian.ru/sale/flat/296751936/,354796.32,Средний,Вторичка
16959780.0,СВАО,51.3,11.0,22.0,1.0,2.0,https://www.cian.ru/sale/flat/296754079/,330600.0,Средний,Новостройка
25856000.0,СВАО,80.8,10.0,22.0,1.0,3.0,https://www.cian.ru/sale/flat/296754087/,320000.0,Средний,Новостройка
13354800.0,СВАО,35.9,10.0,22.0,1.0,1.0,https://www.cian.ru/sale/flat/296754090/,372000.0,Средний,Новостройка
12015600.0,СВАО,32.3,10.0,22.0,1.0,1.0,https://www.cian.ru/sale/flat/296754092/,372000.0,Средний,Новостройка
17423703.0,СВАО,52.3,13.0,22.0,1.0,2.0,https://www.cian.ru/sale/flat/296754095/,333149.2,Средний,Новостройка
17711798.0,ЗАО,41.1,32.0,32.0,1.0,1.0,https://www.cian.ru/sale/flat/296760108/,430943.99,Последний,Новостройка
16225132.0,ЗАО,35.8,32.0,32.0,1.0,1.0,https://www.cian.ru/sale/flat/296760109/,453215.98,Последний,Новостройка
96169560.0,СЗАО,149.2,3.0,21.0,1.0,4.0,https://www.cian.ru/sale/flat/296760315/,644568.1,Средний,Новостройка
34585280.0,СЗАО,70.1,3.0,13.0,1.0,2.0,https://www.cian.ru/sale/flat/296760316/,493370.61,Средний,Новостройка
28500000.0,САО,82.5,4.0,8.0,0.0,4.0,https://www.cian.ru/sale/flat/296773542/,345454.55,Средний,Вторичка
38665705.0,СЗАО,82.7,3.0,33.0,1.0,4.0,https://www.cian.ru/sale/flat/296774483/,467541.78,Средний,Новостройка
11950000.0,ЗАО,41.0,3.0,5.0,0.0,2.0,https://www.cian.ru/sale/flat/296776601/,291463.41,Средний,Вторичка
130707000.0,ЦАО,94.0,12.0,14.0,0.0,3.0,https://www.cian.ru/sale/flat/296777810/,1390500.0,Средний,Вторичка
19000000.0,САО,47.0,35.0,35.0,0.0,1.0,https://www.cian.ru/sale/flat/296780495/,404255.32,Последний,Вторичка
183000000.0,ЦАО,158.0,5.0,7.0,0.0,4.0,https://www.cian.ru/sale/flat/296784846/,1158227.85,Средний,Вторичка
38999999.0,ЗАО,107.0,10.0,14.0,0.0,4.0,https://www.cian.ru/sale/flat/296785000/,364485.97,Средний,Вторичка
91000000.0,ЦАО,87.6,7.0,21.0,0.0,3.0,https://www.cian.ru/sale/flat/296785937/,1038812.79,Средний,Вторичка
14790000.0,ЮАО,44.7,5.0,8.0,0.0,2.0,https://www.cian.ru/sale/flat/296801651/,330872.48,Средний,Вторичка
50000000.0,САО,115.0,8.0,23.0,0.0,3.0,https://www.cian.ru/sale/flat/296811013/,434782.61,Средний,Вторичка
13700000.0,ВАО,39.3,16.0,22.0,0.0,1.0,https://www.cian.ru/sale/flat/296816715/,348600.51,Средний,Вторичка
32500000.0,ЗАО,51.1,14.0,26.0,0.0,2.0,https://www.cian.ru/sale/flat/296828562/,636007.83,Средний,Вторичка
20200000.0,СЗАО,72.7,4.0,5.0,0.0,3.0,https://www.cian.ru/sale/flat/296830257/,277854.2,Средний,Вторичка
12299000.0,ЮВАО,89.9,13.0,17.0,0.0,4.0,https://www.cian.ru/sale/flat/296830664/,136807.56,Средний,Вторичка
27050593.0,ЮАО,42.14,10.0,29.0,1.0,1.0,https://www.cian.ru/sale/flat/296831918/,641922.0,Средний,Новостройка
26020054.0,ЮАО,45.33,8.0,29.0,1.0,2.0,https://www.cian.ru/sale/flat/296831921/,574013.99,Средний,Новостройка
33444818.0,ЮАО,71.71,6.0,29.0,1.0,2.0,https://www.cian.ru/sale/flat/296831923/,466389.88,Средний,Новостройка
65000000.0,ЗАО,163.0,22.0,23.0,0.0,3.0,https://www.cian.ru/sale/flat/296833235/,398773.01,Средний,Вторичка
98000000.0,ЦАО,110.4,3.0,13.0,0.0,4.0,https://www.cian.ru/sale/flat/296835523/,887681.16,Средний,Вторичка
18900000.0,ЦАО,33.0,8.0,12.0,0.0,1.0,https://www.cian.ru/sale/flat/296836592/,572727.27,Средний,Вторичка
58600000.0,ЦАО,56.58,3.0,21.0,0.0,2.0,https://www.cian.ru/sale/flat/296838582/,1035701.66,Средний,Вторичка
95000000.0,ЦАО,92.12,3.0,21.0,0.0,3.0,https://www.cian.ru/sale/flat/296838583/,1031263.57,Средний,Вторичка
13900000.0,ЮАО,61.4,4.0,9.0,0.0,4.0,https://www.cian.ru/sale/flat/296846928/,226384.36,Средний,Вторичка
26750000.0,СЗАО,98.2,2.0,22.0,0.0,4.0,https://www.cian.ru/sale/flat/296856201/,272403.26,Средний,Вторичка
18700000.0,ЮВАО,48.4,15.0,27.0,1.0,2.0,https://www.cian.ru/sale/flat/296856934/,386363.64,Средний,Новостройка
75000000.0,ЗАО,140.0,11.0,17.0,0.0,4.0,https://www.cian.ru/sale/flat/296857564/,535714.29,Средний,Вторичка
165000000.0,ЦАО,107.0,5.0,15.0,0.0,3.0,https://www.cian.ru/sale/flat/296860897/,1542056.07,Средний,Вторичка
237000000.0,ЦАО,153.0,4.0,15.0,0.0,4.0,https://www.cian.ru/sale/flat/296860989/,1549019.61,Средний,Вторичка
39949508.0,ЮЗАО,165.6,21.0,21.0,1.0,4.0,https://www.cian.ru/sale/flat/296862789/,241240.99,Последний,Новостройка
40548707.0,ЮЗАО,160.5,21.0,21.0,1.0,4.0,https://www.cian.ru/sale/flat/296862790/,252639.92,Последний,Новостройка
13950000.0,ЗАО,73.0,1.0,17.0,0.0,3.0,https://www.cian.ru/sale/flat/296891678/,191095.89,Первый,Вторичка
73000000.0,ЦАО,148.6,6.0,12.0,0.0,3.0,https://www.cian.ru/sale/flat/296903834/,491251.68,Средний,Вторичка
28000000.0,ЦАО,45.0,6.0,10.0,0.0,2.0,https://www.cian.ru/sale/flat/296904237/,622222.22,Средний,Вторичка
35000000.0,ЮЗАО,100.0,2.0,19.0,0.0,4.0,https://www.cian.ru/sale/flat/296920103/,350000.0,Средний,Вторичка
18995000.0,ЮЗАО,81.0,13.0,14.0,0.0,3.0,https://www.cian.ru/sale/flat/296922765/,234506.17,Средний,Вторичка
19800000.0,САО,61.0,17.0,22.0,0.0,2.0,https://www.cian.ru/sale/flat/296923306/,324590.16,Средний,Вторичка
86000000.0,ЦАО,160.0,12.0,22.0,0.0,4.0,https://www.cian.ru/sale/flat/296940812/,537500.0,Средний,Вторичка
23990000.0,ЮВАО,100.0,18.0,22.0,0.0,4.0,https://www.cian.ru/sale/flat/296942983/,239900.0,Средний,Вторичка
250000000.0,ЦАО,124.7,3.0,14.0,0.0,3.0,https://www.cian.ru/sale/flat/296943732/,2004811.55,Средний,Вторичка
28300000.0,САО,80.0,3.0,5.0,0.0,4.0,https://www.cian.ru/sale/flat/296950596/,353750.0,Средний,Вторичка
23000000.0,ЗАО,30.0,3.0,52.0,0.0,1.0,https://www.cian.ru/sale/flat/296959546/,766666.67,Средний,Вторичка
28162946.0,САО,52.6,22.0,27.0,0.0,2.0,https://www.cian.ru/sale/flat/296976502/,535417.22,Средний,Вторичка
17500000.0,САО,37.0,2.0,22.0,0.0,1.0,https://www.cian.ru/sale/flat/296989997/,472972.97,Средний,Вторичка
12550000.0,ЮЗАО,45.0,4.0,12.0,0.0,2.0,https://www.cian.ru/sale/flat/297004181/,278888.89,Средний,Вторичка
11200000.0,ЗАО,31.4,6.0,9.0,0.0,1.0,https://www.cian.ru/sale/flat/297010912/,356687.9,Средний,Вторичка
14500000.0,СЗАО,35.7,13.0,21.0,1.0,1.0,https://www.cian.ru/sale/flat/297022451/,406162.46,Средний,Новостройка
373763600.0,ЦАО,244.9,9.0,14.0,0.0,4.0,https://www.cian.ru/sale/flat/297032515/,1526188.65,Средний,Вторичка
17088250.0,САО,77.7,13.0,14.0,1.0,3.0,https://www.cian.ru/sale/flat/297032832/,219926.0,Средний,Новостройка
18328700.0,САО,61.3,13.0,13.0,1.0,2.0,https://www.cian.ru/sale/flat/297032833/,299000.0,Последний,Новостройка
19427045.0,САО,83.9,11.0,13.0,1.0,3.0,https://www.cian.ru/sale/flat/297032835/,231550.0,Средний,Новостройка
18963034.0,САО,89.6,4.0,14.0,1.0,4.0,https://www.cian.ru/sale/flat/297032899/,211641.0,Средний,Новостройка
12702200.0,САО,42.2,5.0,13.0,1.0,1.0,https://www.cian.ru/sale/flat/297032934/,301000.0,Средний,Новостройка
20058305.0,САО,90.7,13.0,14.0,1.0,4.0,https://www.cian.ru/sale/flat/297032953/,221150.0,Средний,Новостройка
14518035.0,САО,52.9,13.0,14.0,1.0,2.0,https://www.cian.ru/sale/flat/297032963/,274443.01,Средний,Новостройка
15410798.0,САО,59.5,13.0,13.0,1.0,2.0,https://www.cian.ru/sale/flat/297032975/,259005.01,Последний,Новостройка
21349732.0,САО,109.8,8.0,15.0,1.0,4.0,https://www.cian.ru/sale/flat/297033138/,194442.0,Средний,Новостройка
18029400.0,САО,59.7,7.0,15.0,1.0,2.0,https://www.cian.ru/sale/flat/297033157/,302000.0,Средний,Новостройка
19678335.0,САО,101.3,5.0,15.0,1.0,4.0,https://www.cian.ru/sale/flat/297033401/,194258.0,Средний,Новостройка
19280443.0,САО,85.7,5.0,14.0,1.0,4.0,https://www.cian.ru/sale/flat/297033464/,224976.0,Средний,Новостройка
21322910.0,САО,83.8,14.0,14.0,1.0,3.0,https://www.cian.ru/sale/flat/297033466/,254450.0,Последний,Новостройка
15272858.0,САО,59.6,3.0,14.0,1.0,2.0,https://www.cian.ru/sale/flat/297033498/,256256.01,Средний,Новостройка
12327301.0,САО,42.1,13.0,14.0,1.0,1.0,https://www.cian.ru/sale/flat/297033534/,292810.0,Средний,Новостройка
14375962.0,САО,52.8,10.0,14.0,1.0,2.0,https://www.cian.ru/sale/flat/297033536/,272272.01,Средний,Новостройка
125700000.0,ЦАО,116.8,9.0,21.0,0.0,3.0,https://www.cian.ru/sale/flat/297039409/,1076198.63,Средний,Вторичка
17250000.0,СЗАО,63.0,3.0,9.0,0.0,4.0,https://www.cian.ru/sale/flat/297040398/,273809.52,Средний,Вторичка
8299999.0,СВАО,25.6,9.0,9.0,0.0,1.0,https://www.cian.ru/sale/flat/297042689/,324218.71,Последний,Вторичка
165000000.0,ЦАО,173.6,3.0,10.0,0.0,3.0,https://www.cian.ru/sale/flat/297042900/,950460.83,Средний,Вторичка
46000000.0,СЗАО,108.5,41.0,53.0,0.0,4.0,https://www.cian.ru/sale/flat/297047636/,423963.13,Средний,Вторичка
43000000.0,СЗАО,97.9,41.0,53.0,0.0,3.0,https://www.cian.ru/sale/flat/297047642/,439223.7,Средний,Вторичка
41500000.0,СЗАО,83.0,41.0,53.0,0.0,3.0,https://www.cian.ru/sale/flat/297047647/,500000.0,Средний,Вторичка
9400000.0,ЮВАО,37.8,5.0,12.0,0.0,1.0,https://www.cian.ru/sale/flat/297048212/,248677.25,Средний,Вторичка
11800000.0,ЮВАО,36.8,11.0,17.0,0.0,1.0,https://www.cian.ru/sale/flat/297048496/,320652.17,Средний,Вторичка
16299000.0,ЗАО,33.3,13.0,25.0,0.0,1.0,https://www.cian.ru/sale/flat/297049321/,489459.46,Средний,Вторичка
13050000.0,САО,34.1,17.0,18.0,1.0,2.0,https://www.cian.ru/sale/flat/297049404/,382697.95,Средний,Новостройка
230000000.0,ЦАО,142.0,5.0,9.0,0.0,3.0,https://www.cian.ru/sale/flat/297053129/,1619718.31,Средний,Вторичка
8450000.0,ЮВАО,33.1,9.0,9.0,0.0,1.0,https://www.cian.ru/sale/flat/297053574/,255287.01,Последний,Вторичка
27344041.0,ЮАО,69.6,9.0,13.0,1.0,2.0,https://www.cian.ru/sale/flat/297055267/,392874.15,Средний,Новостройка
32251208.0,ЮАО,90.4,3.0,10.0,1.0,3.0,https://www.cian.ru/sale/flat/297055270/,356761.15,Средний,Новостройка
130817260.0,ЗАО,165.0,40.0,53.0,0.0,4.0,https://www.cian.ru/sale/flat/297055902/,792831.88,Средний,Вторичка
21190000.0,ЦАО,34.1,2.0,9.0,0.0,1.0,https://www.cian.ru/sale/flat/297062106/,621407.62,Средний,Вторичка
32490000.0,ЦАО,57.4,6.0,8.0,0.0,3.0,https://www.cian.ru/sale/flat/297066005/,566027.87,Средний,Вторичка
24960000.0,САО,90.0,6.0,8.0,0.0,4.0,https://www.cian.ru/sale/flat/297067770/,277333.33,Средний,Вторичка
20300000.0,ВАО,71.1,9.0,16.0,0.0,4.0,https://www.cian.ru/sale/flat/297074040/,285513.36,Средний,Вторичка
36700000.0,ЗАО,53.0,20.0,22.0,0.0,2.0,https://www.cian.ru/sale/flat/297078194/,692452.83,Средний,Вторичка
38000000.0,ЗАО,67.0,9.0,14.0,0.0,3.0,https://www.cian.ru/sale/flat/297078401/,567164.18,Средний,Вторичка
53000000.0,ЮАО,87.0,6.0,18.0,0.0,3.0,https://www.cian.ru/sale/flat/297079276/,609195.4,Средний,Вторичка
15950000.0,ЗАО,53.0,6.0,14.0,0.0,2.0,https://www.cian.ru/sale/flat/297079796/,300943.4,Средний,Вторичка
57400000.0,ЗАО,194.3,8.0,13.0,0.0,4.0,https://www.cian.ru/sale/flat/297083103/,295419.45,Средний,Вторичка
18499000.0,СВАО,37.6,18.0,30.0,1.0,1.0,https://www.cian.ru/sale/flat/297083311/,491994.68,Средний,Новостройка
135000000.0,ЦАО,135.0,4.0,12.0,0.0,3.0,https://www.cian.ru/sale/flat/297085772/,1000000.0,Средний,Вторичка
14900000.0,ЮВАО,34.2,24.0,33.0,0.0,1.0,https://www.cian.ru/sale/flat/297087775/,435672.51,Средний,Вторичка
33500000.0,ЗАО,73.5,11.0,42.0,0.0,3.0,https://www.cian.ru/sale/flat/297087836/,455782.31,Средний,Вторичка
34990000.0,ЦАО,43.3,16.0,53.0,0.0,1.0,https://www.cian.ru/sale/flat/297089420/,808083.14,Средний,Вторичка
33000000.0,ЦАО,78.1,10.0,35.0,0.0,2.0,https://www.cian.ru/sale/flat/297092086/,422535.21,Средний,Вторичка
21000000.0,СВАО,55.0,19.0,20.0,1.0,2.0,https://www.cian.ru/sale/flat/297093635/,381818.18,Средний,Новостройка
26300000.0,ЗАО,70.0,17.0,33.0,0.0,2.0,https://www.cian.ru/sale/flat/297095339/,375714.29,Средний,Вторичка
31000000.0,СЗАО,70.6,9.0,13.0,1.0,2.0,https://www.cian.ru/sale/flat/297095390/,439093.48,Средний,Новостройка
31470250.0,ЗАО,87.5,5.0,21.0,1.0,3.0,https://www.cian.ru/sale/flat/297097522/,359660.0,Средний,Новостройка
34937106.0,ЮАО,71.19,4.0,9.0,1.0,2.0,https://www.cian.ru/sale/flat/297102396/,490758.62,Средний,Новостройка
37389096.0,ЮАО,66.86,19.0,21.0,1.0,2.0,https://www.cian.ru/sale/flat/297102397/,559214.72,Средний,Новостройка
10000000.0,ЮВАО,44.3,4.0,9.0,0.0,2.0,https://www.cian.ru/sale/flat/297115546/,225733.63,Средний,Вторичка
9200000.0,ЗАО,30.1,3.0,5.0,0.0,1.0,https://www.cian.ru/sale/flat/297115762/,305647.84,Средний,Вторичка
59000000.0,ЮЗАО,173.0,7.0,16.0,0.0,4.0,https://www.cian.ru/sale/flat/297117691/,341040.46,Средний,Вторичка
19000000.0,ЮАО,110.0,2.0,18.0,1.0,3.0,https://www.cian.ru/sale/flat/297118874/,172727.27,Средний,Новостройка
62000000.0,СЗАО,84.0,12.0,19.0,0.0,3.0,https://www.cian.ru/sale/flat/297119000/,738095.24,Средний,Вторичка
18500000.0,ЮВАО,90.7,4.0,12.0,0.0,4.0,https://www.cian.ru/sale/flat/297121259/,203969.13,Средний,Вторичка
196225890.0,ЦАО,195.1,4.0,7.0,0.0,4.0,https://www.cian.ru/sale/flat/297124780/,1005770.84,Средний,Вторичка
7500000.0,ВАО,32.6,8.0,9.0,0.0,1.0,https://www.cian.ru/sale/flat/297124834/,230061.35,Средний,Вторичка
118000000.0,ЦАО,125.0,2.0,7.0,0.0,3.0,https://www.cian.ru/sale/flat/297126142/,944000.0,Средний,Вторичка
12700000.0,ВАО,47.0,3.0,12.0,0.0,2.0,https://www.cian.ru/sale/flat/297126552/,270212.77,Средний,Вторичка
56649789.0,СЗАО,123.3,26.0,26.0,1.0,4.0,https://www.cian.ru/sale/flat/297129051/,459446.79,Последний,Новостройка
25500000.0,ЮВАО,100.0,3.0,23.0,0.0,4.0,https://www.cian.ru/sale/flat/297130208/,255000.0,Средний,Вторичка
14800000.0,ЗАО,44.0,1.0,9.0,0.0,2.0,https://www.cian.ru/sale/flat/297130856/,336363.64,Первый,Вторичка
52000000.0,ЗАО,69.23,3.0,13.0,0.0,2.0,https://www.cian.ru/sale/flat/297131630/,751119.46,Средний,Вторичка
35500000.0,ЮАО,88.1,2.0,14.0,1.0,2.0,https://www.cian.ru/sale/flat/297131672/,402951.19,Средний,Новостройка
17500000.0,ВАО,64.1,6.0,9.0,0.0,4.0,https://www.cian.ru/sale/flat/297133272/,273010.92,Средний,Вторичка
52000000.0,СВАО,160.0,3.0,4.0,0.0,4.0,https://www.cian.ru/sale/flat/297135718/,325000.0,Средний,Вторичка
28500000.0,ЮВАО,69.8,13.0,22.0,1.0,2.0,https://www.cian.ru/sale/flat/297146596/,408309.46,Средний,Новостройка
25500000.0,СЗАО,51.1,36.0,41.0,1.0,2.0,https://www.cian.ru/sale/flat/297149385/,499021.53,Средний,Новостройка
21800000.0,ЗАО,63.0,6.0,24.0,0.0,1.0,https://www.cian.ru/sale/flat/297150066/,346031.75,Средний,Вторичка
15600000.0,ЮАО,50.9,7.0,33.0,1.0,2.0,https://www.cian.ru/sale/flat/297150148/,306483.3,Средний,Новостройка
17646209.0,ВАО,38.86,6.0,20.0,1.0,1.0,https://www.cian.ru/sale/flat/297150977/,454096.99,Средний,Новостройка
17933958.0,ВАО,38.04,15.0,20.0,1.0,1.0,https://www.cian.ru/sale/flat/297150997/,471450.0,Средний,Новостройка
17466089.0,ВАО,44.05,2.0,20.0,1.0,2.0,https://www.cian.ru/sale/flat/297151000/,396505.99,Средний,Новостройка
32248627.0,ВАО,85.88,7.0,20.0,1.0,3.0,https://www.cian.ru/sale/flat/297151003/,375508.0,Средний,Новостройка
23229662.0,ВАО,55.21,10.0,20.0,1.0,2.0,https://www.cian.ru/sale/flat/297151021/,420750.99,Средний,Новостройка
27082583.0,ВАО,83.34,1.0,20.0,1.0,3.0,https://www.cian.ru/sale/flat/297151027/,324965.0,Первый,Новостройка
22652545.0,ВАО,56.5,1.0,20.0,1.0,2.0,https://www.cian.ru/sale/flat/297151029/,400930.0,Первый,Новостройка
36167338.0,ВАО,99.36,1.0,20.0,1.0,4.0,https://www.cian.ru/sale/flat/297151034/,364003.0,Первый,Новостройка
19559584.0,ВАО,47.09,2.0,20.0,1.0,2.0,https://www.cian.ru/sale/flat/297151036/,415365.98,Средний,Новостройка
25293037.0,ВАО,65.57,3.0,20.0,1.0,2.0,https://www.cian.ru/sale/flat/297151038/,385740.99,Средний,Новостройка
35000000.0,ЮАО,128.0,10.0,25.0,0.0,4.0,https://www.cian.ru/sale/flat/297156456/,273437.5,Средний,Вторичка
10600000.0,ВАО,42.5,7.0,16.0,0.0,1.0,https://www.cian.ru/sale/flat/297163771/,249411.76,Средний,Вторичка
35000000.0,САО,145.0,3.0,17.0,0.0,4.0,https://www.cian.ru/sale/flat/297164603/,241379.31,Средний,Вторичка
300000000.0,СЗАО,225.0,1.0,5.0,0.0,4.0,https://www.cian.ru/sale/flat/297166882/,1333333.33,Первый,Вторичка
29890000.0,ЦАО,45.0,26.0,35.0,1.0,1.0,https://www.cian.ru/sale/flat/297168961/,664222.22,Средний,Новостройка
51500000.0,САО,125.0,16.0,18.0,0.0,3.0,https://www.cian.ru/sale/flat/297173722/,412000.0,Средний,Вторичка
162000000.0,ЦАО,205.0,9.0,16.0,0.0,4.0,https://www.cian.ru/sale/flat/297175747/,790243.9,Средний,Вторичка
55334473.0,САО,72.1,32.0,41.0,1.0,2.0,https://www.cian.ru/sale/flat/297177676/,767468.42,Средний,Новостройка
63551039.0,САО,82.1,32.0,41.0,1.0,3.0,https://www.cian.ru/sale/flat/297177679/,774068.68,Средний,Новостройка
31000000.0,ЗАО,47.0,7.0,18.0,0.0,1.0,https://www.cian.ru/sale/flat/297195040/,659574.47,Средний,Вторичка
13960000.0,ЮАО,32.4,4.0,33.0,1.0,1.0,https://www.cian.ru/sale/flat/297201277/,430864.2,Средний,Новостройка
23500000.0,САО,107.2,11.0,12.0,0.0,4.0,https://www.cian.ru/sale/flat/297201767/,219216.42,Средний,Вторичка
44700000.0,СЗАО,61.2,35.0,37.0,0.0,2.0,https://www.cian.ru/sale/flat/297210375/,730392.16,Средний,Вторичка
14000000.0,ЮАО,54.0,6.0,9.0,0.0,3.0,https://www.cian.ru/sale/flat/297212699/,259259.26,Средний,Вторичка
35000000.0,САО,145.0,3.0,17.0,0.0,4.0,https://www.cian.ru/sale/flat/297215015/,241379.31,Средний,Вторичка
18300000.0,ЦАО,38.7,13.0,14.0,0.0,1.0,https://www.cian.ru/sale/flat/297215041/,472868.22,Средний,Вторичка
35000000.0,САО,145.0,3.0,17.0,0.0,4.0,https://www.cian.ru/sale/flat/297216793/,241379.31,Средний,Вторичка
165000000.0,ЦАО,163.7,5.0,18.0,0.0,4.0,https://www.cian.ru/sale/flat/297217894/,1007941.36,Средний,Вторичка
160000000.0,ЦАО,153.0,6.0,7.0,0.0,4.0,https://www.cian.ru/sale/flat/297231399/,1045751.63,Средний,Вторичка
9750000.0,ВАО,39.0,12.0,12.0,0.0,1.0,https://www.cian.ru/sale/flat/297233032/,250000.0,Последний,Вторичка
165000000.0,ЦАО,164.0,5.0,8.0,0.0,4.0,https://www.cian.ru/sale/flat/297233657/,1006097.56,Средний,Вторичка
12750000.0,ЗАО,46.0,7.0,9.0,0.0,2.0,https://www.cian.ru/sale/flat/297235125/,277173.91,Средний,Вторичка
13100000.0,ЗАО,53.2,4.0,17.0,0.0,2.0,https://www.cian.ru/sale/flat/297247458/,246240.6,Средний,Вторичка
12800000.0,ВАО,36.0,20.0,20.0,0.0,1.0,https://www.cian.ru/sale/flat/297249360/,355555.56,Последний,Вторичка
23900000.0,СЗАО,42.6,3.0,49.0,0.0,2.0,https://www.cian.ru/sale/flat/297256144/,561032.86,Средний,Вторичка
115000000.0,ЦАО,192.0,4.0,6.0,0.0,4.0,https://www.cian.ru/sale/flat/297256666/,598958.33,Средний,Вторичка
40000000.0,ЗАО,86.1,8.0,21.0,0.0,3.0,https://www.cian.ru/sale/flat/297256737/,464576.07,Средний,Вторичка
29976267.0,СВАО,58.9,22.0,22.0,1.0,2.0,https://www.cian.ru/sale/flat/297261569/,508934.92,Последний,Новостройка
9300000.0,ЮЗАО,38.3,2.0,14.0,0.0,1.0,https://www.cian.ru/sale/flat/297263854/,242819.84,Средний,Вторичка
38000000.0,ЗАО,70.0,25.0,52.0,0.0,2.0,https://www.cian.ru/sale/flat/297264053/,542857.14,Средний,Вторичка
17400000.0,СЗАО,39.1,3.0,27.0,0.0,1.0,https://www.cian.ru/sale/flat/297265242/,445012.79,Средний,Вторичка
12000000.0,СВАО,52.4,6.0,12.0,0.0,2.0,https://www.cian.ru/sale/flat/297265680/,229007.63,Средний,Вторичка
31500000.0,СЗАО,92.6,10.0,21.0,0.0,3.0,https://www.cian.ru/sale/flat/297267996/,340172.79,Средний,Вторичка
15300000.0,ЮЗАО,63.5,2.0,9.0,0.0,4.0,https://www.cian.ru/sale/flat/297284429/,240944.88,Средний,Вторичка
115000000.0,ЦАО,106.2,6.0,6.0,0.0,3.0,https://www.cian.ru/sale/flat/297295342/,1082862.52,Последний,Вторичка
20200000.0,СЗАО,38.0,11.0,23.0,0.0,1.0,https://www.cian.ru/sale/flat/297298638/,531578.95,Средний,Вторичка
43500000.0,ЦАО,110.4,2.0,7.0,0.0,4.0,https://www.cian.ru/sale/flat/297301329/,394021.74,Средний,Вторичка
11700000.0,ЗАО,31.8,8.0,9.0,0.0,1.0,https://www.cian.ru/sale/flat/297302521/,367924.53,Средний,Вторичка
19700000.0,ЗАО,50.2,3.0,17.0,0.0,2.0,https://www.cian.ru/sale/flat/297303391/,392430.28,Средний,Вторичка
22000000.0,СВАО,70.2,2.0,14.0,0.0,3.0,https://www.cian.ru/sale/flat/297304228/,313390.31,Средний,Вторичка
36100000.0,САО,92.1,13.0,24.0,0.0,4.0,https://www.cian.ru/sale/flat/297307400/,391965.26,Средний,Вторичка
140000000.0,ЦАО,95.7,3.0,7.0,0.0,3.0,https://www.cian.ru/sale/flat/297307916/,1462904.91,Средний,Вторичка
21000000.0,СЗАО,38.3,2.0,28.0,0.0,1.0,https://www.cian.ru/sale/flat/297312651/,548302.87,Средний,Вторичка
58298000.0,ЦАО,56.6,3.0,21.0,0.0,2.0,https://www.cian.ru/sale/flat/297313098/,1030000.0,Средний,Вторичка
94966000.0,ЦАО,92.2,3.0,21.0,0.0,3.0,https://www.cian.ru/sale/flat/297313101/,1030000.0,Средний,Вторичка
95000000.0,СЗАО,180.0,38.0,48.0,0.0,4.0,https://www.cian.ru/sale/flat/297318631/,527777.78,Средний,Вторичка
24000000.0,ЮВАО,104.9,2.0,23.0,0.0,4.0,https://www.cian.ru/sale/flat/297319991/,228789.32,Средний,Вторичка
8000000.0,ЮЗАО,38.2,12.0,17.0,0.0,1.0,https://www.cian.ru/sale/flat/297324682/,209424.08,Средний,Вторичка
25790000.0,ЗАО,64.5,33.0,41.0,0.0,2.0,https://www.cian.ru/sale/flat/297325651/,399844.96,Средний,Вторичка
32000000.0,СЗАО,75.6,17.0,36.0,0.0,3.0,https://www.cian.ru/sale/flat/297326583/,423280.42,Средний,Вторичка
19500000.0,ЮАО,42.8,9.0,14.0,1.0,1.0,https://www.cian.ru/sale/flat/297333633/,455607.48,Средний,Новостройка
14064700.0,ЗАО,34.9,19.0,21.0,1.0,1.0,https://www.cian.ru/sale/flat/297334702/,403000.0,Средний,Новостройка
29990000.0,СВАО,103.7,2.0,6.0,0.0,4.0,https://www.cian.ru/sale/flat/297346246/,289199.61,Средний,Вторичка
90000000.0,ЗАО,155.0,4.0,11.0,0.0,4.0,https://www.cian.ru/sale/flat/297349731/,580645.16,Средний,Вторичка
24000000.0,СВАО,101.2,1.0,12.0,0.0,4.0,https://www.cian.ru/sale/flat/297355119/,237154.15,Первый,Вторичка
107000000.0,ЦАО,108.0,9.0,21.0,0.0,3.0,https://www.cian.ru/sale/flat/297358384/,990740.74,Средний,Вторичка
150000000.0,ЦАО,137.0,7.0,21.0,0.0,4.0,https://www.cian.ru/sale/flat/297359672/,1094890.51,Средний,Вторичка
30000000.0,ЮЗАО,97.7,16.0,22.0,0.0,4.0,https://www.cian.ru/sale/flat/297359816/,307062.44,Средний,Вторичка
15970000.0,ЗАО,39.3,1.0,33.0,1.0,1.0,https://www.cian.ru/sale/flat/297360580/,406361.32,Первый,Новостройка
43950000.0,ЮАО,95.3,28.0,46.0,0.0,4.0,https://www.cian.ru/sale/flat/297366232/,461175.24,Средний,Вторичка
189000000.0,ЗАО,230.0,18.0,18.0,0.0,4.0,https://www.cian.ru/sale/flat/297366236/,821739.13,Последний,Вторичка
103322186.0,СЗАО,134.21,21.0,32.0,1.0,4.0,https://www.cian.ru/sale/flat/297368075/,769854.6,Средний,Новостройка
17200000.0,СВАО,43.8,30.0,32.0,0.0,1.0,https://www.cian.ru/sale/flat/297368415/,392694.06,Средний,Вторичка
25800000.0,ЮВАО,94.0,2.0,23.0,0.0,4.0,https://www.cian.ru/sale/flat/297368633/,274468.09,Средний,Вторичка
23200000.0,СЗАО,45.9,12.0,41.0,1.0,2.0,https://www.cian.ru/sale/flat/297369080/,505446.62,Средний,Новостройка
28000000.0,ЦАО,80.9,8.0,8.0,0.0,4.0,https://www.cian.ru/sale/flat/297372127/,346106.3,Последний,Вторичка
14300000.0,ЦАО,80.9,8.0,8.0,0.0,4.0,https://www.cian.ru/sale/flat/297372708/,176761.43,Последний,Вторичка
22500000.0,ЮВАО,98.5,4.0,5.0,0.0,4.0,https://www.cian.ru/sale/flat/297376640/,228426.4,Средний,Вторичка
28300000.0,ЗАО,60.0,22.0,29.0,0.0,3.0,https://www.cian.ru/sale/flat/297380955/,471666.67,Средний,Вторичка
29300000.0,ЮВАО,116.0,2.0,8.0,0.0,4.0,https://www.cian.ru/sale/flat/297396489/,252586.21,Средний,Вторичка
14900000.0,СЗАО,40.0,10.0,12.0,0.0,1.0,https://www.cian.ru/sale/flat/297396521/,372500.0,Средний,Вторичка
32500000.0,ЗАО,57.0,6.0,23.0,0.0,2.0,https://www.cian.ru/sale/flat/297407466/,570175.44,Средний,Вторичка
17550000.0,ЮВАО,57.5,7.0,17.0,0.0,2.0,https://www.cian.ru/sale/flat/297412548/,305217.39,Средний,Вторичка
8200000.0,САО,35.6,4.0,4.0,0.0,1.0,https://www.cian.ru/sale/flat/297414315/,230337.08,Последний,Вторичка
16300000.0,ЮЗАО,46.7,8.0,8.0,0.0,2.0,https://www.cian.ru/sale/flat/297418762/,349036.4,Последний,Вторичка
330000000.0,ЦАО,237.0,15.0,15.0,0.0,4.0,https://www.cian.ru/sale/flat/297419149/,1392405.06,Последний,Вторичка
7700000.0,ЮАО,32.0,7.0,9.0,0.0,1.0,https://www.cian.ru/sale/flat/297425926/,240625.0,Средний,Вторичка
28900000.0,ВАО,96.0,6.0,9.0,0.0,4.0,https://www.cian.ru/sale/flat/297427817/,301041.67,Средний,Вторичка
22464187.0,ЮВАО,74.4,32.0,33.0,1.0,3.0,https://www.cian.ru/sale/flat/297433562/,301938.0,Средний,Новостройка
17398243.0,САО,42.3,20.0,32.0,1.0,1.0,https://www.cian.ru/sale/flat/297433984/,411305.98,Средний,Новостройка
20004880.0,ЗАО,51.4,25.0,33.0,1.0,2.0,https://www.cian.ru/sale/flat/297434006/,389200.0,Средний,Новостройка
14945920.0,ЗАО,38.6,24.0,33.0,1.0,1.0,https://www.cian.ru/sale/flat/297434023/,387200.0,Средний,Новостройка
14467200.0,ЗАО,35.2,20.0,33.0,1.0,1.0,https://www.cian.ru/sale/flat/297434025/,411000.0,Средний,Новостройка
12590000.0,САО,44.3,9.0,9.0,0.0,2.0,https://www.cian.ru/sale/flat/297444092/,284198.65,Последний,Вторичка
17700000.0,ЮВАО,43.1,4.0,7.0,1.0,1.0,https://www.cian.ru/sale/flat/297446138/,410672.85,Средний,Новостройка
260000000.0,ЦАО,215.0,6.0,7.0,0.0,4.0,https://www.cian.ru/sale/flat/297449287/,1209302.33,Средний,Вторичка
76750000.0,ЦАО,160.0,22.0,22.0,0.0,4.0,https://www.cian.ru/sale/flat/297450928/,479687.5,Последний,Вторичка
25900000.0,ЮВАО,80.0,4.0,12.0,0.0,4.0,https://www.cian.ru/sale/flat/297453781/,323750.0,Средний,Вторичка
104500000.0,ЦАО,118.0,3.0,9.0,0.0,4.0,https://www.cian.ru/sale/flat/297454754/,885593.22,Средний,Вторичка
28900000.0,ЮАО,84.2,2.0,5.0,0.0,4.0,https://www.cian.ru/sale/flat/297457040/,343230.4,Средний,Вторичка
18900000.0,ЮВАО,73.5,3.0,12.0,0.0,4.0,https://www.cian.ru/sale/flat/297459059/,257142.86,Средний,Вторичка
52000000.0,ЦАО,51.0,3.0,21.0,0.0,2.0,https://www.cian.ru/sale/flat/297459147/,1019607.84,Средний,Вторичка
45188021.0,СЗАО,83.6,16.0,33.0,1.0,4.0,https://www.cian.ru/sale/flat/297460664/,540526.57,Средний,Новостройка
34608756.0,САО,81.4,25.0,29.0,1.0,3.0,https://www.cian.ru/sale/flat/297462084/,425168.99,Средний,Новостройка
23913372.0,ЗАО,60.7,9.0,21.0,1.0,2.0,https://www.cian.ru/sale/flat/297464706/,393960.0,Средний,Новостройка
24133872.0,ЗАО,62.0,2.0,21.0,1.0,2.0,https://www.cian.ru/sale/flat/297464716/,389256.0,Средний,Новостройка
24520188.0,ЗАО,66.0,7.0,21.0,1.0,2.0,https://www.cian.ru/sale/flat/297464730/,371518.0,Средний,Новостройка
9215000.0,ЮВАО,36.3,7.0,9.0,0.0,1.0,https://www.cian.ru/sale/flat/297465291/,253856.75,Средний,Вторичка
34800000.0,ЗАО,61.0,26.0,40.0,0.0,2.0,https://www.cian.ru/sale/flat/297470012/,570491.8,Средний,Вторичка
21500000.0,САО,77.8,6.0,7.0,0.0,3.0,https://www.cian.ru/sale/flat/297470489/,276349.61,Средний,Вторичка
29990000.0,ЦАО,61.2,9.0,9.0,0.0,3.0,https://www.cian.ru/sale/flat/297470764/,490032.68,Последний,Вторичка
29900000.0,ЗАО,90.1,9.0,9.0,0.0,4.0,https://www.cian.ru/sale/flat/297470820/,331853.5,Последний,Вторичка
15500000.0,СЗАО,42.0,17.0,25.0,0.0,1.0,https://www.cian.ru/sale/flat/297471744/,369047.62,Средний,Вторичка
16500000.0,СВАО,77.0,1.0,12.0,0.0,4.0,https://www.cian.ru/sale/flat/297471836/,214285.71,Первый,Вторичка
9120000.0,ЮВАО,36.1,4.0,9.0,0.0,1.0,https://www.cian.ru/sale/flat/297473076/,252631.58,Средний,Вторичка
21600000.0,САО,52.0,26.0,32.0,0.0,2.0,https://www.cian.ru/sale/flat/297477069/,415384.62,Средний,Вторичка
20990000.0,СВАО,69.3,6.0,8.0,0.0,3.0,https://www.cian.ru/sale/flat/297490071/,302886.0,Средний,Вторичка
24900000.0,СВАО,69.0,4.0,16.0,0.0,3.0,https://www.cian.ru/sale/flat/297493495/,360869.57,Средний,Вторичка
12100000.0,ЮАО,39.0,4.0,17.0,0.0,1.0,https://www.cian.ru/sale/flat/297493776/,310256.41,Средний,Вторичка
36790000.0,ЮАО,100.4,4.0,8.0,0.0,4.0,https://www.cian.ru/sale/flat/297494509/,366434.26,Средний,Вторичка
5900000.0,ЮАО,40.0,3.0,14.0,0.0,1.0,https://www.cian.ru/sale/flat/297496940/,147500.0,Средний,Вторичка
17750000.0,ВАО,49.0,23.0,33.0,1.0,2.0,https://www.cian.ru/sale/flat/297497038/,362244.9,Средний,Новостройка
168000000.0,ЗАО,190.0,8.0,11.0,0.0,4.0,https://www.cian.ru/sale/flat/297507632/,884210.53,Средний,Вторичка
36500000.0,ЗАО,67.0,7.0,28.0,0.0,2.0,https://www.cian.ru/sale/flat/297510568/,544776.12,Средний,Вторичка
24200000.0,СЗАО,42.0,9.0,48.0,0.0,1.0,https://www.cian.ru/sale/flat/297511312/,576190.48,Средний,Вторичка
20500000.0,ЮВАО,43.7,5.0,14.0,1.0,1.0,https://www.cian.ru/sale/flat/297514531/,469107.55,Средний,Новостройка
7900000.0,ЮВАО,23.2,19.0,25.0,0.0,1.0,https://www.cian.ru/sale/flat/297515488/,340517.24,Средний,Вторичка
20000000.0,ВАО,79.0,5.0,6.0,0.0,4.0,https://www.cian.ru/sale/flat/297525115/,253164.56,Средний,Вторичка
20880000.0,ЦАО,45.0,6.0,8.0,0.0,2.0,https://www.cian.ru/sale/flat/297532830/,464000.0,Средний,Вторичка
21900000.0,СЗАО,71.3,6.0,7.0,0.0,3.0,https://www.cian.ru/sale/flat/297537428/,307152.88,Средний,Вторичка
35000000.0,ЮЗАО,100.1,21.0,25.0,0.0,4.0,https://www.cian.ru/sale/flat/297540103/,349650.35,Средний,Вторичка
11200000.0,ЮЗАО,34.5,3.0,5.0,0.0,1.0,https://www.cian.ru/sale/flat/297540716/,324637.68,Средний,Вторичка
100000000.0,ЦАО,118.0,5.0,14.0,0.0,4.0,https://www.cian.ru/sale/flat/297543163/,847457.63,Средний,Вторичка
22700000.0,ЮЗАО,99.0,5.0,22.0,0.0,4.0,https://www.cian.ru/sale/flat/297544719/,229292.93,Средний,Вторичка
140000000.0,ЦАО,170.0,5.0,6.0,0.0,4.0,https://www.cian.ru/sale/flat/297546093/,823529.41,Средний,Вторичка
26000000.0,СЗАО,110.1,10.0,10.0,0.0,4.0,https://www.cian.ru/sale/flat/297548061/,236148.96,Последний,Вторичка
120000000.0,ЦАО,163.5,6.0,6.0,0.0,4.0,https://www.cian.ru/sale/flat/297548153/,733944.95,Последний,Вторичка
21000000.0,ЦАО,35.0,4.0,7.0,0.0,1.0,https://www.cian.ru/sale/flat/297548827/,600000.0,Средний,Вторичка
60000000.0,ЦАО,131.2,6.0,8.0,0.0,4.0,https://www.cian.ru/sale/flat/297549619/,457317.07,Средний,Вторичка
70000000.0,ЦАО,76.1,5.0,12.0,0.0,2.0,https://www.cian.ru/sale/flat/297550308/,919842.31,Средний,Вторичка
155000000.0,ЦАО,188.0,8.0,21.0,0.0,4.0,https://www.cian.ru/sale/flat/297550310/,824468.09,Средний,Вторичка
17900000.0,СЗАО,35.0,3.0,33.0,0.0,1.0,https://www.cian.ru/sale/flat/297550566/,511428.57,Средний,Вторичка
7990000.0,ВАО,30.4,7.0,9.0,0.0,1.0,https://www.cian.ru/sale/flat/297551830/,262828.95,Средний,Вторичка
47000000.0,ЮЗАО,95.0,11.0,24.0,0.0,2.0,https://www.cian.ru/sale/flat/297552348/,494736.84,Средний,Вторичка
130000000.0,ЦАО,193.0,7.0,8.0,0.0,4.0,https://www.cian.ru/sale/flat/297553018/,673575.13,Средний,Вторичка
22790000.0,ЗАО,40.0,18.0,27.0,0.0,2.0,https://www.cian.ru/sale/flat/297554191/,569750.0,Средний,Вторичка
13900000.0,ЗАО,76.8,1.0,14.0,0.0,4.0,https://www.cian.ru/sale/flat/297556834/,180989.58,Первый,Вторичка
9600000.0,СВАО,37.9,8.0,22.0,0.0,1.0,https://www.cian.ru/sale/flat/297560632/,253298.15,Средний,Вторичка
12800000.0,САО,39.0,6.0,12.0,0.0,2.0,https://www.cian.ru/sale/flat/297560669/,328205.13,Средний,Вторичка
31800000.0,СЗАО,56.0,25.0,47.0,0.0,2.0,https://www.cian.ru/sale/flat/297561369/,567857.14,Средний,Вторичка
18973473.0,ЮЗАО,87.3,2.0,21.0,1.0,3.0,https://www.cian.ru/sale/flat/297569207/,217336.46,Средний,Новостройка
18574202.0,ЮЗАО,84.9,2.0,21.0,1.0,4.0,https://www.cian.ru/sale/flat/297569208/,218777.41,Средний,Новостройка
40938547.0,ЮЗАО,159.7,23.0,23.0,1.0,4.0,https://www.cian.ru/sale/flat/297569209/,256346.57,Последний,Новостройка
231520000.0,ЗАО,149.5,8.0,9.0,0.0,4.0,https://www.cian.ru/sale/flat/297578042/,1548628.76,Средний,Вторичка
11100000.0,ЮЗАО,46.6,7.0,14.0,0.0,2.0,https://www.cian.ru/sale/flat/297580299/,238197.42,Средний,Вторичка
140000000.0,САО,201.3,7.0,10.0,0.0,4.0,https://www.cian.ru/sale/flat/297581765/,695479.38,Средний,Вторичка
13000000.0,ВАО,105.5,4.0,16.0,0.0,4.0,https://www.cian.ru/sale/flat/297582881/,123222.75,Средний,Вторичка
169900000.0,ЗАО,180.0,3.0,8.0,0.0,4.0,https://www.cian.ru/sale/flat/297586854/,943888.89,Средний,Вторичка
83200000.0,САО,104.5,3.0,15.0,0.0,4.0,https://www.cian.ru/sale/flat/297588490/,796172.25,Средний,Вторичка
22900000.0,ЮЗАО,116.6,2.0,14.0,0.0,4.0,https://www.cian.ru/sale/flat/297590641/,196397.94,Средний,Вторичка
170000000.0,ЦАО,180.0,2.0,8.0,0.0,4.0,https://www.cian.ru/sale/flat/297590813/,944444.44,Средний,Вторичка
125000000.0,САО,169.5,23.0,25.0,0.0,4.0,https://www.cian.ru/sale/flat/297603832/,737463.13,Средний,Вторичка
185000000.0,САО,195.0,13.0,15.0,0.0,4.0,https://www.cian.ru/sale/flat/297612196/,948717.95,Средний,Вторичка
194800000.0,ЗАО,160.8,47.0,54.0,0.0,3.0,https://www.cian.ru/sale/flat/297615874/,1211442.79,Средний,Вторичка
23500000.0,СЗАО,44.4,9.0,13.0,1.0,1.0,https://www.cian.ru/sale/flat/297622443/,529279.28,Средний,Новостройка
62000000.0,ЦАО,110.0,4.0,6.0,0.0,4.0,https://www.cian.ru/sale/flat/297624203/,563636.36,Средний,Вторичка
15000000.0,ЮАО,59.7,2.0,9.0,0.0,3.0,https://www.cian.ru/sale/flat/297636835/,251256.28,Средний,Вторичка
150000000.0,ЦАО,174.1,13.0,21.0,0.0,4.0,https://www.cian.ru/sale/flat/297641473/,861573.81,Средний,Вторичка
30377215.0,СЗАО,61.3,16.0,43.0,1.0,2.0,https://www.cian.ru/sale/flat/297642441/,495550.0,Средний,Новостройка
21084012.0,СЗАО,37.6,18.0,23.0,1.0,1.0,https://www.cian.ru/sale/flat/297642475/,560745.0,Средний,Новостройка
67011840.0,СЗАО,110.8,19.0,23.0,1.0,4.0,https://www.cian.ru/sale/flat/297642477/,604800.0,Средний,Новостройка
22700000.0,ЮЗАО,99.5,11.0,22.0,0.0,4.0,https://www.cian.ru/sale/flat/297648133/,228140.7,Средний,Вторичка
17600000.0,ЗАО,36.0,23.0,25.0,0.0,1.0,https://www.cian.ru/sale/flat/297661462/,488888.89,Средний,Вторичка
11300000.0,СВАО,37.1,2.0,9.0,0.0,2.0,https://www.cian.ru/sale/flat/297667857/,304582.21,Средний,Вторичка
35147910.0,ЦАО,88.09,10.0,41.0,0.0,4.0,https://www.cian.ru/sale/flat/297669809/,399000.0,Средний,Вторичка
88000000.0,ЦАО,73.0,7.0,21.0,0.0,2.0,https://www.cian.ru/sale/flat/297673737/,1205479.45,Средний,Вторичка
51000000.0,ЦАО,75.6,7.0,9.0,0.0,3.0,https://www.cian.ru/sale/flat/297675648/,674603.17,Средний,Вторичка
30000000.0,ЮВАО,70.5,10.0,22.0,1.0,3.0,https://www.cian.ru/sale/flat/297676437/,425531.91,Средний,Новостройка
27500000.0,СВАО,85.4,31.0,32.0,1.0,3.0,https://www.cian.ru/sale/flat/297677038/,322014.05,Средний,Новостройка
28990000.0,ЦАО,49.8,6.0,22.0,0.0,2.0,https://www.cian.ru/sale/flat/297677928/,582128.51,Средний,Вторичка
200000000.0,ЦАО,122.9,4.0,8.0,0.0,3.0,https://www.cian.ru/sale/flat/297678043/,1627339.3,Средний,Вторичка
51140277.0,ЮАО,85.2,28.0,40.0,1.0,3.0,https://www.cian.ru/sale/flat/297678055/,600237.99,Средний,Новостройка
72000000.0,ЦАО,98.0,5.0,6.0,0.0,4.0,https://www.cian.ru/sale/flat/297680385/,734693.88,Средний,Вторичка
67500000.0,ЦАО,88.0,2.0,5.0,0.0,3.0,https://www.cian.ru/sale/flat/297681232/,767045.45,Средний,Вторичка
11650000.0,СВАО,33.0,4.0,9.0,0.0,1.0,https://www.cian.ru/sale/flat/297683894/,353030.3,Средний,Вторичка
22500000.0,САО,60.0,10.0,17.0,0.0,2.0,https://www.cian.ru/sale/flat/297684810/,375000.0,Средний,Вторичка
73990000.0,ЦАО,150.0,8.0,9.0,0.0,3.0,https://www.cian.ru/sale/flat/297693816/,493266.67,Средний,Вторичка
16595378.0,ЗАО,34.1,16.0,21.0,1.0,1.0,https://www.cian.ru/sale/flat/297698007/,486667.98,Средний,Новостройка
12600000.0,СЗАО,39.0,7.0,12.0,0.0,1.0,https://www.cian.ru/sale/flat/297699499/,323076.92,Средний,Вторичка
58800000.0,ЮЗАО,162.0,38.0,51.0,0.0,3.0,https://www.cian.ru/sale/flat/297707010/,362962.96,Средний,Вторичка
45800000.0,ЗАО,78.0,36.0,53.0,0.0,2.0,https://www.cian.ru/sale/flat/297716380/,587179.49,Средний,Вторичка
141138300.0,ЦАО,110.0,3.0,11.0,0.0,3.0,https://www.cian.ru/sale/flat/297718370/,1283075.45,Средний,Вторичка
77500000.0,ЗАО,97.7,2.0,12.0,1.0,3.0,https://www.cian.ru/sale/flat/297719004/,793244.63,Средний,Новостройка
77000000.0,ЗАО,97.4,2.0,12.0,1.0,3.0,https://www.cian.ru/sale/flat/297719006/,790554.41,Средний,Новостройка
20900000.0,САО,56.3,6.0,9.0,0.0,3.0,https://www.cian.ru/sale/flat/297719132/,371225.58,Средний,Вторичка
22290000.0,СЗАО,54.4,11.0,21.0,0.0,2.0,https://www.cian.ru/sale/flat/297720778/,409742.65,Средний,Вторичка
14200000.0,СВАО,42.4,2.0,23.0,0.0,1.0,https://www.cian.ru/sale/flat/297722022/,334905.66,Средний,Вторичка
140000000.0,ЦАО,103.0,3.0,7.0,0.0,3.0,https://www.cian.ru/sale/flat/297725136/,1359223.3,Средний,Вторичка
30900000.0,САО,41.9,12.0,41.0,0.0,1.0,https://www.cian.ru/sale/flat/297726343/,737470.17,Средний,Вторичка
77000000.0,ЮЗАО,177.8,7.0,20.0,0.0,4.0,https://www.cian.ru/sale/flat/297727468/,433070.87,Средний,Вторичка
7890000.0,ЮЗАО,26.9,1.0,9.0,0.0,1.0,https://www.cian.ru/sale/flat/297727663/,293308.55,Первый,Вторичка
18500000.0,ЮВАО,35.1,27.0,30.0,0.0,1.0,https://www.cian.ru/sale/flat/297730158/,527065.53,Средний,Вторичка
77500000.0,ЗАО,97.7,2.0,12.0,0.0,3.0,https://www.cian.ru/sale/flat/297731681/,793244.63,Средний,Вторичка
77000000.0,ЗАО,97.4,2.0,12.0,0.0,3.0,https://www.cian.ru/sale/flat/297731682/,790554.41,Средний,Вторичка
8250000.0,ЮВАО,32.6,1.0,9.0,0.0,1.0,https://www.cian.ru/sale/flat/297731761/,253067.48,Первый,Вторичка
24900000.0,СВАО,53.3,19.0,48.0,0.0,2.0,https://www.cian.ru/sale/flat/297733145/,467166.98,Средний,Вторичка
27000000.0,ВАО,100.0,8.0,9.0,0.0,4.0,https://www.cian.ru/sale/flat/297744152/,270000.0,Средний,Вторичка
38500000.0,СЗАО,78.2,29.0,33.0,0.0,2.0,https://www.cian.ru/sale/flat/297744464/,492327.37,Средний,Вторичка
170000000.0,ЦАО,166.3,4.0,6.0,0.0,4.0,https://www.cian.ru/sale/flat/297747833/,1022248.95,Средний,Вторичка
85900000.0,ЦАО,61.8,3.0,4.0,0.0,2.0,https://www.cian.ru/sale/flat/297753284/,1389967.64,Средний,Вторичка
36990000.0,ЦАО,96.0,3.0,17.0,0.0,4.0,https://www.cian.ru/sale/flat/297753749/,385312.5,Средний,Вторичка
30000000.0,ЮЗАО,91.8,1.0,7.0,0.0,4.0,https://www.cian.ru/sale/flat/297754597/,326797.39,Первый,Вторичка
12700000.0,ВАО,47.2,7.0,12.0,0.0,2.0,https://www.cian.ru/sale/flat/297759977/,269067.8,Средний,Вторичка
67800000.0,СЗАО,131.1,20.0,21.0,1.0,4.0,https://www.cian.ru/sale/flat/297760200/,517162.47,Средний,Новостройка
31000000.0,СЗАО,59.4,14.0,43.0,1.0,3.0,https://www.cian.ru/sale/flat/297765120/,521885.52,Средний,Новостройка
330000000.0,ЦАО,202.0,5.0,9.0,0.0,4.0,https://www.cian.ru/sale/flat/297766672/,1633663.37,Средний,Вторичка
55000000.0,ЦАО,61.4,3.0,9.0,0.0,2.0,https://www.cian.ru/sale/flat/297766719/,895765.47,Средний,Вторичка
24499999.0,СЗАО,48.3,17.0,30.0,1.0,2.0,https://www.cian.ru/sale/flat/297766869/,507246.36,Средний,Новостройка
20999999.0,СЗАО,41.5,25.0,30.0,1.0,1.0,https://www.cian.ru/sale/flat/297766871/,506024.07,Средний,Новостройка
13200000.0,ЮВАО,32.2,12.0,33.0,0.0,1.0,https://www.cian.ru/sale/flat/297769271/,409937.89,Средний,Вторичка
15900000.0,ЮВАО,64.0,6.0,9.0,0.0,4.0,https://www.cian.ru/sale/flat/297769984/,248437.5,Средний,Вторичка
23300000.0,САО,90.9,2.0,14.0,0.0,4.0,https://www.cian.ru/sale/flat/297770178/,256325.63,Средний,Вторичка
15000000.0,ЗАО,64.0,9.0,9.0,0.0,4.0,https://www.cian.ru/sale/flat/297772053/,234375.0,Последний,Вторичка
34000000.0,СВАО,107.8,4.0,6.0,0.0,4.0,https://www.cian.ru/sale/flat/297772107/,315398.89,Средний,Вторичка
56000000.0,ЮЗАО,94.3,5.0,23.0,0.0,3.0,https://www.cian.ru/sale/flat/297774449/,593849.42,Средний,Вторичка
127000000.0,ЦАО,128.0,6.0,21.0,0.0,3.0,https://www.cian.ru/sale/flat/297776226/,992187.5,Средний,Вторичка
75000000.0,ЗАО,90.0,7.0,18.0,0.0,3.0,https://www.cian.ru/sale/flat/297776871/,833333.33,Средний,Вторичка
43000000.0,ЗАО,120.5,2.0,11.0,0.0,3.0,https://www.cian.ru/sale/flat/297786925/,356846.47,Средний,Вторичка
25000000.0,СВАО,43.0,6.0,11.0,0.0,1.0,https://www.cian.ru/sale/flat/297788340/,581395.35,Средний,Вторичка
33000000.0,ЦАО,76.0,5.0,16.0,0.0,4.0,https://www.cian.ru/sale/flat/297790207/,434210.53,Средний,Вторичка
29519672.0,ЮАО,60.9,5.0,10.0,1.0,2.0,https://www.cian.ru/sale/flat/297791449/,484723.68,Средний,Новостройка
29900000.0,ЮЗАО,97.3,14.0,16.0,0.0,4.0,https://www.cian.ru/sale/flat/297793556/,307297.02,Средний,Вторичка
11999000.0,ЮВАО,55.2,7.0,19.0,0.0,2.0,https://www.cian.ru/sale/flat/297796650/,217373.19,Средний,Вторичка
23500000.0,СВАО,60.0,4.0,12.0,0.0,3.0,https://www.cian.ru/sale/flat/297804958/,391666.67,Средний,Вторичка
104900000.0,ЦАО,78.0,7.0,12.0,0.0,2.0,https://www.cian.ru/sale/flat/297805133/,1344871.79,Средний,Вторичка
99900000.0,ЦАО,70.0,12.0,33.0,0.0,2.0,https://www.cian.ru/sale/flat/297813183/,1427142.86,Средний,Вторичка
23900000.0,СЗАО,54.0,16.0,30.0,0.0,2.0,https://www.cian.ru/sale/flat/297814123/,442592.59,Средний,Вторичка
11400000.0,ЮЗАО,35.0,2.0,5.0,0.0,1.0,https://www.cian.ru/sale/flat/297817464/,325714.29,Средний,Вторичка
7950000.0,ЮВАО,31.0,9.0,9.0,0.0,1.0,https://www.cian.ru/sale/flat/297818711/,256451.61,Последний,Вторичка
14700000.0,САО,32.9,1.0,5.0,0.0,1.0,https://www.cian.ru/sale/flat/297827474/,446808.51,Первый,Вторичка
150000000.0,ЦАО,133.8,4.0,8.0,0.0,3.0,https://www.cian.ru/sale/flat/297827504/,1121076.23,Средний,Вторичка
25200000.0,ЗАО,49.0,20.0,23.0,0.0,1.0,https://www.cian.ru/sale/flat/297827625/,514285.71,Средний,Вторичка
32950000.0,ВАО,102.3,5.0,23.0,0.0,4.0,https://www.cian.ru/sale/flat/297827675/,322091.89,Средний,Вторичка
11000000.0,ВАО,45.4,5.0,9.0,0.0,2.0,https://www.cian.ru/sale/flat/297829179/,242290.75,Средний,Вторичка
30000000.0,САО,54.0,5.0,24.0,0.0,2.0,https://www.cian.ru/sale/flat/297833437/,555555.56,Средний,Вторичка
40000000.0,СВАО,109.0,11.0,38.0,0.0,3.0,https://www.cian.ru/sale/flat/297834603/,366972.48,Средний,Вторичка
28000000.0,САО,61.4,6.0,24.0,0.0,2.0,https://www.cian.ru/sale/flat/297839099/,456026.06,Средний,Вторичка
45200000.0,ЮАО,87.0,3.0,7.0,0.0,3.0,https://www.cian.ru/sale/flat/297841539/,519540.23,Средний,Вторичка
24500000.0,САО,39.9,15.0,24.0,0.0,1.0,https://www.cian.ru/sale/flat/297841625/,614035.09,Средний,Вторичка
12950000.0,СВАО,44.7,4.0,14.0,0.0,2.0,https://www.cian.ru/sale/flat/297842232/,289709.17,Средний,Вторичка
11300000.0,САО,62.0,6.0,15.0,0.0,2.0,https://www.cian.ru/sale/flat/297843866/,182258.06,Средний,Вторичка
66000000.0,САО,110.0,4.0,57.0,0.0,2.0,https://www.cian.ru/sale/flat/297845963/,600000.0,Средний,Вторичка
9300000.0,САО,31.5,8.0,9.0,0.0,1.0,https://www.cian.ru/sale/flat/297846883/,295238.1,Средний,Вторичка
11199999.0,ЮЗАО,32.0,7.0,9.0,0.0,1.0,https://www.cian.ru/sale/flat/297849335/,349999.97,Средний,Вторичка
62000000.0,ВАО,117.0,14.0,20.0,0.0,4.0,https://www.cian.ru/sale/flat/297851975/,529914.53,Средний,Вторичка
260000000.0,ЦАО,230.0,6.0,7.0,0.0,4.0,https://www.cian.ru/sale/flat/297857098/,1130434.78,Средний,Вторичка
75000000.0,САО,116.0,18.0,57.0,0.0,3.0,https://www.cian.ru/sale/flat/297857392/,646551.72,Средний,Вторичка
9800000.0,ЮВАО,38.0,17.0,17.0,0.0,1.0,https://www.cian.ru/sale/flat/297858614/,257894.74,Последний,Вторичка
43000000.0,ЗАО,109.0,30.0,39.0,0.0,4.0,https://www.cian.ru/sale/flat/297859382/,394495.41,Средний,Вторичка
36121000.0,СЗАО,88.1,39.0,47.0,1.0,3.0,https://www.cian.ru/sale/flat/297864057/,410000.0,Средний,Новостройка
23700000.0,САО,43.0,3.0,41.0,0.0,2.0,https://www.cian.ru/sale/flat/297874677/,551162.79,Средний,Вторичка
29000000.0,ЮЗАО,129.1,4.0,4.0,0.0,4.0,https://www.cian.ru/sale/flat/297875151/,224632.07,Последний,Вторичка
17500000.0,СВАО,57.0,5.0,17.0,0.0,2.0,https://www.cian.ru/sale/flat/297877542/,307017.54,Средний,Вторичка
31866943.0,ЮАО,63.86,26.0,26.0,1.0,2.0,https://www.cian.ru/sale/flat/297878514/,499012.57,Последний,Новостройка
27000000.0,СЗАО,56.7,7.0,43.0,1.0,2.0,https://www.cian.ru/sale/flat/297879015/,476190.48,Средний,Новостройка
37900000.0,СЗАО,81.0,23.0,25.0,0.0,3.0,https://www.cian.ru/sale/flat/297879693/,467901.23,Средний,Вторичка
16300000.0,СВАО,62.7,2.0,12.0,0.0,3.0,https://www.cian.ru/sale/flat/297881966/,259968.1,Средний,Вторичка
10750000.0,ВАО,40.0,17.0,24.0,0.0,1.0,https://www.cian.ru/sale/flat/297883038/,268750.0,Средний,Вторичка
30775875.0,ЗАО,46.02,44.0,57.0,1.0,1.0,https://www.cian.ru/sale/flat/297883607/,668750.0,Средний,Новостройка
34500000.0,САО,87.0,15.0,34.0,0.0,3.0,https://www.cian.ru/sale/flat/297893636/,396551.72,Средний,Вторичка
130000000.0,ЦАО,95.0,6.0,7.0,0.0,2.0,https://www.cian.ru/sale/flat/297894351/,1368421.05,Средний,Вторичка
107890000.0,ЦАО,100.5,4.0,5.0,0.0,4.0,https://www.cian.ru/sale/flat/297901375/,1073532.34,Средний,Вторичка
644957125.0,ЦАО,222.0,4.0,8.0,0.0,4.0,https://www.cian.ru/sale/flat/297901402/,2905212.27,Средний,Вторичка
8150000.0,ВАО,33.1,3.0,9.0,0.0,1.0,https://www.cian.ru/sale/flat/297901577/,246223.56,Средний,Вторичка
10300000.0,СВАО,37.5,13.0,16.0,0.0,1.0,https://www.cian.ru/sale/flat/297902239/,274666.67,Средний,Вторичка
22000000.0,СЗАО,72.0,1.0,4.0,0.0,4.0,https://www.cian.ru/sale/flat/297902949/,305555.56,Первый,Вторичка
18600000.0,ЮАО,37.7,8.0,9.0,0.0,2.0,https://www.cian.ru/sale/flat/297903197/,493368.7,Средний,Вторичка
15899000.0,ЮВАО,38.1,5.0,15.0,0.0,1.0,https://www.cian.ru/sale/flat/297903207/,417296.59,Средний,Вторичка
15550000.0,ЮВАО,50.1,3.0,16.0,0.0,2.0,https://www.cian.ru/sale/flat/297903439/,310379.24,Средний,Вторичка
8200000.0,САО,35.6,3.0,4.0,0.0,1.0,https://www.cian.ru/sale/flat/297903469/,230337.08,Средний,Вторичка
242899015.0,ЦАО,172.1,4.0,6.0,0.0,3.0,https://www.cian.ru/sale/flat/297904271/,1411383.0,Средний,Вторичка
93000000.0,ЦАО,110.0,2.0,5.0,0.0,3.0,https://www.cian.ru/sale/flat/297904821/,845454.55,Средний,Вторичка
43800000.0,ЗАО,76.0,13.0,26.0,0.0,3.0,https://www.cian.ru/sale/flat/297908676/,576315.79,Средний,Вторичка
12850000.0,ЮЗАО,35.5,2.0,10.0,0.0,1.0,https://www.cian.ru/sale/flat/297908781/,361971.83,Средний,Вторичка
12000000.0,ЮВАО,44.9,2.0,9.0,0.0,2.0,https://www.cian.ru/sale/flat/297910425/,267260.58,Средний,Вторичка
36000000.0,ЗАО,62.5,30.0,37.0,0.0,2.0,https://www.cian.ru/sale/flat/297912278/,576000.0,Средний,Вторичка
95000000.0,СЗАО,171.7,38.0,48.0,0.0,4.0,https://www.cian.ru/sale/flat/297912415/,553290.62,Средний,Вторичка
152990000.0,ЦАО,206.0,9.0,16.0,0.0,3.0,https://www.cian.ru/sale/flat/297913645/,742669.9,Средний,Вторичка
11800000.0,ВАО,46.7,8.0,9.0,0.0,2.0,https://www.cian.ru/sale/flat/297917379/,252676.66,Средний,Вторичка
83000000.0,ЦАО,100.0,4.0,12.0,0.0,4.0,https://www.cian.ru/sale/flat/297919203/,830000.0,Средний,Вторичка
16500000.0,ЮАО,58.6,7.0,8.0,0.0,2.0,https://www.cian.ru/sale/flat/297928971/,281569.97,Средний,Вторичка
92000000.0,ЗАО,137.0,6.0,12.0,0.0,4.0,https://www.cian.ru/sale/flat/297929292/,671532.85,Средний,Вторичка
31500000.0,ЗАО,77.5,7.0,20.0,0.0,2.0,https://www.cian.ru/sale/flat/297930843/,406451.61,Средний,Вторичка
39000000.0,ЮАО,52.0,3.0,5.0,0.0,2.0,https://www.cian.ru/sale/flat/297935793/,750000.0,Средний,Вторичка
9500000.0,ВАО,40.6,4.0,12.0,0.0,1.0,https://www.cian.ru/sale/flat/297937991/,233990.15,Средний,Вторичка
24990000.0,ВАО,60.0,5.0,9.0,0.0,2.0,https://www.cian.ru/sale/flat/297941141/,416500.0,Средний,Вторичка
24500000.0,ЗАО,68.9,28.0,30.0,0.0,2.0,https://www.cian.ru/sale/flat/297942360/,355587.81,Средний,Вторичка
25300000.0,СВАО,104.0,9.0,22.0,0.0,4.0,https://www.cian.ru/sale/flat/297943051/,243269.23,Средний,Вторичка
8250000.0,ЮАО,34.2,9.0,9.0,0.0,1.0,https://www.cian.ru/sale/flat/297943447/,241228.07,Последний,Вторичка
27300000.0,СВАО,90.0,6.0,25.0,0.0,4.0,https://www.cian.ru/sale/flat/297945043/,303333.33,Средний,Вторичка
325000000.0,ЦАО,212.0,4.0,12.0,0.0,4.0,https://www.cian.ru/sale/flat/297946122/,1533018.87,Средний,Вторичка
25750000.0,ЮАО,86.6,32.0,33.0,0.0,4.0,https://www.cian.ru/sale/flat/297946515/,297344.11,Средний,Вторичка
83000000.0,ЦАО,100.9,4.0,12.0,0.0,4.0,https://www.cian.ru/sale/flat/297946581/,822596.63,Средний,Вторичка
115000000.0,ЦАО,115.0,4.0,5.0,0.0,4.0,https://www.cian.ru/sale/flat/297947520/,1000000.0,Средний,Вторичка
60000000.0,САО,120.8,9.0,16.0,0.0,3.0,https://www.cian.ru/sale/flat/297948203/,496688.74,Средний,Вторичка
135000000.0,ЦАО,106.3,8.0,18.0,0.0,3.0,https://www.cian.ru/sale/flat/297949569/,1269990.59,Средний,Вторичка
27000000.0,СЗАО,49.8,9.0,30.0,0.0,2.0,https://www.cian.ru/sale/flat/297951633/,542168.67,Средний,Вторичка
21800000.0,ЗАО,36.3,25.0,26.0,0.0,1.0,https://www.cian.ru/sale/flat/297951795/,600550.96,Средний,Вторичка
89999999.0,ЗАО,96.0,8.0,9.0,0.0,3.0,https://www.cian.ru/sale/flat/297954913/,937499.99,Средний,Вторичка
34500000.0,ЗАО,57.5,13.0,20.0,0.0,2.0,https://www.cian.ru/sale/flat/297957053/,600000.0,Средний,Вторичка
16799999.0,ЮВАО,38.7,26.0,27.0,0.0,2.0,https://www.cian.ru/sale/flat/297957070/,434108.5,Средний,Вторичка
27000000.0,САО,91.0,1.0,15.0,0.0,4.0,https://www.cian.ru/sale/flat/297958646/,296703.3,Первый,Вторичка
21500000.0,САО,100.0,1.0,5.0,0.0,4.0,https://www.cian.ru/sale/flat/297960664/,215000.0,Первый,Вторичка
11800000.0,ЮАО,46.2,7.0,12.0,0.0,2.0,https://www.cian.ru/sale/flat/297961592/,255411.26,Средний,Вторичка
112000000.0,ЗАО,152.4,40.0,53.0,0.0,4.0,https://www.cian.ru/sale/flat/297971288/,734908.14,Средний,Вторичка
5700000.0,ЦАО,43.0,1.0,6.0,0.0,1.0,https://www.cian.ru/sale/flat/297971520/,132558.14,Первый,Вторичка
31000000.0,ЦАО,71.0,1.0,4.0,0.0,4.0,https://www.cian.ru/sale/flat/297980242/,436619.72,Первый,Вторичка
39890881.0,ЗАО,110.34,21.0,29.0,1.0,3.0,https://www.cian.ru/sale/flat/297984090/,361526.93,Средний,Новостройка
23270466.0,ЗАО,56.04,23.0,29.0,1.0,2.0,https://www.cian.ru/sale/flat/297984100/,415247.43,Средний,Новостройка
26178239.0,ЗАО,74.08,22.0,29.0,1.0,3.0,https://www.cian.ru/sale/flat/297984103/,353377.96,Средний,Новостройка
44472124.0,ЗАО,118.73,29.0,29.0,1.0,3.0,https://www.cian.ru/sale/flat/297984122/,374565.18,Последний,Новостройка
45966010.0,ЗАО,129.76,29.0,30.0,1.0,4.0,https://www.cian.ru/sale/flat/297984127/,354238.67,Средний,Новостройка
28807461.0,ЗАО,79.02,24.0,30.0,1.0,3.0,https://www.cian.ru/sale/flat/297984160/,364559.11,Средний,Новостройка
35485181.0,ЗАО,98.34,21.0,30.0,1.0,4.0,https://www.cian.ru/sale/flat/297984163/,360841.78,Средний,Новостройка
37145181.0,ЗАО,103.16,25.0,30.0,1.0,3.0,https://www.cian.ru/sale/flat/297984171/,360073.49,Средний,Новостройка
30637927.0,ЗАО,77.5,24.0,30.0,1.0,3.0,https://www.cian.ru/sale/flat/297984204/,395328.09,Средний,Новостройка
33996062.0,ЗАО,101.97,17.0,30.0,1.0,3.0,https://www.cian.ru/sale/flat/297984234/,333392.78,Средний,Новостройка
22499067.0,ЗАО,65.26,4.0,30.0,1.0,3.0,https://www.cian.ru/sale/flat/297984252/,344760.45,Средний,Новостройка
32749223.0,ЗАО,93.64,22.0,30.0,1.0,4.0,https://www.cian.ru/sale/flat/297984298/,349735.4,Средний,Новостройка
28141244.0,ЗАО,68.27,25.0,30.0,1.0,3.0,https://www.cian.ru/sale/flat/297984309/,412205.13,Средний,Новостройка
21931606.0,ЗАО,51.95,17.0,30.0,1.0,2.0,https://www.cian.ru/sale/flat/297984331/,422167.58,Средний,Новостройка
34755337.0,ЗАО,95.34,10.0,30.0,1.0,4.0,https://www.cian.ru/sale/flat/297984334/,364540.98,Средний,Новостройка
36342383.0,ЗАО,95.5,28.0,30.0,1.0,3.0,https://www.cian.ru/sale/flat/297984338/,380548.51,Средний,Новостройка
42351088.0,ЗАО,116.11,30.0,30.0,1.0,4.0,https://www.cian.ru/sale/flat/297984371/,364749.7,Последний,Новостройка
43768290.0,ЗАО,115.41,26.0,29.0,1.0,4.0,https://www.cian.ru/sale/flat/297986145/,379241.75,Средний,Новостройка
25265285.0,ЗАО,56.99,29.0,29.0,1.0,2.0,https://www.cian.ru/sale/flat/297986147/,443328.39,Последний,Новостройка
42495337.0,ЗАО,116.64,24.0,29.0,1.0,3.0,https://www.cian.ru/sale/flat/297986178/,364329.02,Средний,Новостройка
46117927.0,ЗАО,122.71,26.0,29.0,1.0,4.0,https://www.cian.ru/sale/flat/297986183/,375828.6,Средний,Новостройка
47697617.0,ЗАО,125.18,29.0,29.0,1.0,4.0,https://www.cian.ru/sale/flat/297986192/,381032.25,Последний,Новостройка
20087358.0,ЗАО,47.83,20.0,29.0,1.0,2.0,https://www.cian.ru/sale/flat/297986195/,419974.03,Средний,Новостройка
95000000.0,ЗАО,157.0,44.0,53.0,0.0,4.0,https://www.cian.ru/sale/flat/297988218/,605095.54,Средний,Вторичка
25000000.0,САО,46.7,2.0,29.0,0.0,2.0,https://www.cian.ru/sale/flat/297990129/,535331.91,Средний,Вторичка
68000000.0,СЗАО,110.0,8.0,18.0,0.0,3.0,https://www.cian.ru/sale/flat/297992165/,618181.82,Средний,Вторичка
19900000.0,ЮАО,49.0,7.0,17.0,0.0,2.0,https://www.cian.ru/sale/flat/297994423/,406122.45,Средний,Вторичка
128000000.0,ЗАО,233.0,38.0,39.0,0.0,4.0,https://www.cian.ru/sale/flat/297997014/,549356.22,Средний,Вторичка
31000000.0,СЗАО,58.3,4.0,12.0,1.0,2.0,https://www.cian.ru/sale/flat/297999260/,531732.42,Средний,Новостройка
71000000.0,СЗАО,150.0,22.0,32.0,0.0,4.0,https://www.cian.ru/sale/flat/297999581/,473333.33,Средний,Вторичка
71500000.0,СЗАО,175.0,3.0,14.0,0.0,4.0,https://www.cian.ru/sale/flat/297999583/,408571.43,Средний,Вторичка
250000000.0,ЦАО,124.5,3.0,8.0,0.0,3.0,https://www.cian.ru/sale/flat/298000257/,2008032.13,Средний,Вторичка
95000000.0,ЗАО,160.0,4.0,15.0,0.0,3.0,https://www.cian.ru/sale/flat/298002096/,593750.0,Средний,Вторичка
99000000.0,СВАО,123.0,1.0,3.0,0.0,3.0,https://www.cian.ru/sale/flat/298002956/,804878.05,Первый,Вторичка
17990000.0,ЗАО,41.1,27.0,41.0,0.0,2.0,https://www.cian.ru/sale/flat/298002960/,437712.9,Средний,Вторичка
28000000.0,СЗАО,60.9,10.0,43.0,0.0,2.0,https://www.cian.ru/sale/flat/298003416/,459770.11,Средний,Вторичка
8300000.0,ВАО,32.3,2.0,9.0,0.0,1.0,https://www.cian.ru/sale/flat/298004529/,256965.94,Средний,Вторичка
44000000.0,ЦАО,102.5,3.0,4.0,0.0,4.0,https://www.cian.ru/sale/flat/298004713/,429268.29,Средний,Вторичка
24900000.0,СЗАО,43.5,2.0,13.0,1.0,1.0,https://www.cian.ru/sale/flat/298007869/,572413.79,Средний,Новостройка
135000000.0,ЦАО,106.3,8.0,8.0,0.0,3.0,https://www.cian.ru/sale/flat/298011670/,1269990.59,Последний,Вторичка
35000000.0,ЦАО,71.7,19.0,21.0,0.0,3.0,https://www.cian.ru/sale/flat/298012743/,488145.05,Средний,Вторичка
9120000.0,ЮВАО,36.1,4.0,9.0,0.0,1.0,https://www.cian.ru/sale/flat/298016618/,252631.58,Средний,Вторичка
12500000.0,САО,30.0,2.0,9.0,0.0,1.0,https://www.cian.ru/sale/flat/298017739/,416666.67,Средний,Вторичка
13500000.0,ЗАО,47.0,8.0,14.0,0.0,2.0,https://www.cian.ru/sale/flat/298019738/,287234.04,Средний,Вторичка
139810000.0,ЦАО,127.1,23.0,67.0,1.0,4.0,https://www.cian.ru/sale/flat/298020355/,1100000.0,Средний,Новостройка
30000000.0,ЮАО,100.4,9.0,10.0,0.0,3.0,https://www.cian.ru/sale/flat/298020860/,298804.78,Средний,Вторичка
30000000.0,ЮАО,100.4,9.0,10.0,0.0,4.0,https://www.cian.ru/sale/flat/298020862/,298804.78,Средний,Вторичка
9600000.0,ЮАО,31.9,10.0,12.0,0.0,1.0,https://www.cian.ru/sale/flat/298021673/,300940.44,Средний,Вторичка
15900000.0,ЮАО,40.6,15.0,23.0,0.0,1.0,https://www.cian.ru/sale/flat/298021901/,391625.62,Средний,Вторичка
24700000.0,САО,100.0,4.0,5.0,0.0,4.0,https://www.cian.ru/sale/flat/298024340/,247000.0,Средний,Вторичка
108153660.0,ЗАО,117.4,8.0,12.0,1.0,3.0,https://www.cian.ru/sale/flat/298028295/,921240.72,Средний,Новостройка
40259120.0,ЮВАО,84.8,9.0,26.0,1.0,3.0,https://www.cian.ru/sale/flat/298028375/,474753.77,Средний,Новостройка
58411680.0,ЮВАО,123.9,14.0,26.0,1.0,4.0,https://www.cian.ru/sale/flat/298028575/,471442.13,Средний,Новостройка
9400000.0,САО,39.1,1.0,12.0,0.0,1.0,https://www.cian.ru/sale/flat/298036066/,240409.21,Первый,Вторичка
10990000.0,ЮАО,37.0,10.0,12.0,0.0,1.0,https://www.cian.ru/sale/flat/298037035/,297027.03,Средний,Вторичка
14999900.0,ЮЗАО,58.5,9.0,14.0,0.0,2.0,https://www.cian.ru/sale/flat/298038160/,256408.55,Средний,Вторичка
28000000.0,СВАО,98.5,13.0,22.0,0.0,4.0,https://www.cian.ru/sale/flat/298049834/,284263.96,Средний,Вторичка
40000000.0,ЮЗАО,120.0,7.0,23.0,0.0,4.0,https://www.cian.ru/sale/flat/298049866/,333333.33,Средний,Вторичка
105000000.0,ЦАО,83.0,11.0,13.0,0.0,2.0,https://www.cian.ru/sale/flat/298050415/,1265060.24,Средний,Вторичка
19400000.0,СЗАО,38.0,11.0,24.0,1.0,1.0,https://www.cian.ru/sale/flat/298051122/,510526.32,Средний,Новостройка
11500000.0,ВАО,45.2,7.0,9.0,0.0,2.0,https://www.cian.ru/sale/flat/298054480/,254424.78,Средний,Вторичка
185000000.0,ЦАО,140.0,4.0,7.0,0.0,4.0,https://www.cian.ru/sale/flat/298055135/,1321428.57,Средний,Вторичка
15177043.0,ВАО,36.33,6.0,29.0,1.0,2.0,https://www.cian.ru/sale/flat/298055156/,417755.11,Средний,Новостройка
14502068.0,ВАО,33.51,6.0,29.0,1.0,1.0,https://www.cian.ru/sale/flat/298055159/,432768.37,Средний,Новостройка
15961450.0,ВАО,35.3,6.0,29.0,1.0,2.0,https://www.cian.ru/sale/flat/298055188/,452165.72,Средний,Новостройка
74890000.0,СВАО,106.0,21.0,22.0,0.0,3.0,https://www.cian.ru/sale/flat/298057479/,706509.43,Средний,Вторичка
25900000.0,ЮАО,47.2,12.0,43.0,1.0,2.0,https://www.cian.ru/sale/flat/298057811/,548728.81,Средний,Новостройка
12950000.0,ЮАО,53.5,16.0,17.0,0.0,2.0,https://www.cian.ru/sale/flat/298058278/,242056.07,Средний,Вторичка
17250000.0,СЗАО,63.0,3.0,9.0,0.0,4.0,https://www.cian.ru/sale/flat/298058962/,273809.52,Средний,Вторичка
16473000.0,ЮАО,57.8,25.0,26.0,1.0,2.0,https://www.cian.ru/sale/flat/298061099/,285000.0,Средний,Новостройка
105000000.0,ЗАО,200.0,11.0,21.0,0.0,4.0,https://www.cian.ru/sale/flat/298062594/,525000.0,Средний,Вторичка
9000000.0,САО,34.9,8.0,12.0,0.0,1.0,https://www.cian.ru/sale/flat/298065569/,257879.66,Средний,Вторичка
83000000.0,СВАО,130.0,14.0,23.0,0.0,3.0,https://www.cian.ru/sale/flat/298066142/,638461.54,Средний,Вторичка
31200000.0,ЗАО,82.5,15.0,31.0,0.0,3.0,https://www.cian.ru/sale/flat/298067788/,378181.82,Средний,Вторичка
99000000.0,ЦАО,90.0,16.0,20.0,0.0,3.0,https://www.cian.ru/sale/flat/298068249/,1100000.0,Средний,Вторичка
109900000.0,ЦАО,123.0,2.0,6.0,0.0,4.0,https://www.cian.ru/sale/flat/298068778/,893495.93,Средний,Вторичка
11700000.0,ЮАО,38.8,12.0,15.0,0.0,1.0,https://www.cian.ru/sale/flat/298072517/,301546.39,Средний,Вторичка
35562728.0,ЮАО,71.3,11.0,15.0,1.0,2.0,https://www.cian.ru/sale/flat/298084416/,498775.99,Средний,Новостройка
40331596.0,ЮАО,71.2,15.0,15.0,1.0,2.0,https://www.cian.ru/sale/flat/298084417/,566455.0,Последний,Новостройка
35500000.0,СВАО,98.0,4.0,11.0,0.0,3.0,https://www.cian.ru/sale/flat/298085132/,362244.9,Средний,Вторичка
15000000.0,ЦАО,32.8,11.0,12.0,0.0,1.0,https://www.cian.ru/sale/flat/298085850/,457317.07,Средний,Вторичка
23900000.0,ЮАО,80.0,3.0,24.0,0.0,2.0,https://www.cian.ru/sale/flat/298090813/,298750.0,Средний,Вторичка
10200000.0,ЮЗАО,33.0,3.0,9.0,0.0,1.0,https://www.cian.ru/sale/flat/298097974/,309090.91,Средний,Вторичка
7500000.0,ЗАО,30.4,5.0,5.0,0.0,1.0,https://www.cian.ru/sale/flat/298101474/,246710.53,Последний,Вторичка
11600000.0,СВАО,37.0,6.0,16.0,0.0,1.0,https://www.cian.ru/sale/flat/298103293/,313513.51,Средний,Вторичка
301095040.0,ЦАО,154.2,3.0,7.0,0.0,3.0,https://www.cian.ru/sale/flat/298111075/,1952626.72,Средний,Вторичка
11300000.0,ЮВАО,32.4,4.0,9.0,0.0,1.0,https://www.cian.ru/sale/flat/298111522/,348765.43,Средний,Вторичка
350000000.0,ЦАО,216.0,4.0,6.0,0.0,4.0,https://www.cian.ru/sale/flat/298112694/,1620370.37,Средний,Вторичка
199870086.0,ЦАО,142.6,8.0,10.0,0.0,4.0,https://www.cian.ru/sale/flat/298113923/,1401613.51,Средний,Вторичка
26990000.0,ЮВАО,64.0,16.0,21.0,1.0,2.0,https://www.cian.ru/sale/flat/298113963/,421718.75,Средний,Новостройка
8100000.0,ВАО,38.0,10.0,17.0,0.0,1.0,https://www.cian.ru/sale/flat/298115061/,213157.89,Средний,Вторичка
67000000.0,ЗАО,128.0,5.0,22.0,0.0,4.0,https://www.cian.ru/sale/flat/298116334/,523437.5,Средний,Вторичка
67980000.0,САО,115.0,3.0,57.0,0.0,3.0,https://www.cian.ru/sale/flat/298116885/,591130.43,Средний,Вторичка
34980000.0,ЗАО,100.0,6.0,9.0,0.0,4.0,https://www.cian.ru/sale/flat/298127662/,349800.0,Средний,Вторичка
236592359.0,ЦАО,168.8,8.0,10.0,0.0,4.0,https://www.cian.ru/sale/flat/298130366/,1401613.5,Средний,Вторичка
58000000.0,ЗАО,132.6,5.0,10.0,0.0,4.0,https://www.cian.ru/sale/flat/298130815/,437405.73,Средний,Вторичка
10700000.0,ЗАО,35.3,10.0,14.0,0.0,1.0,https://www.cian.ru/sale/flat/298131853/,303116.15,Средний,Вторичка
12100000.0,ЮВАО,52.0,17.0,18.0,0.0,2.0,https://www.cian.ru/sale/flat/298136780/,232692.31,Средний,Вторичка
22500000.0,СЗАО,45.1,2.0,13.0,1.0,1.0,https://www.cian.ru/sale/flat/298139761/,498891.35,Средний,Новостройка
169900000.0,ЗАО,152.0,4.0,10.0,1.0,4.0,https://www.cian.ru/sale/flat/298139775/,1117763.16,Средний,Новостройка
11900000.0,САО,37.2,2.0,12.0,0.0,2.0,https://www.cian.ru/sale/flat/298139887/,319892.47,Средний,Вторичка
110000000.0,ЗАО,217.0,4.0,38.0,0.0,4.0,https://www.cian.ru/sale/flat/298144507/,506912.44,Средний,Вторичка
290000000.0,ЦАО,202.0,4.0,9.0,0.0,4.0,https://www.cian.ru/sale/flat/298148100/,1435643.56,Средний,Вторичка
39134583.0,САО,74.7,16.0,26.0,1.0,3.0,https://www.cian.ru/sale/flat/298148454/,523890.0,Средний,Новостройка
113000000.0,ЦАО,152.0,5.0,5.0,0.0,3.0,https://www.cian.ru/sale/flat/298149867/,743421.05,Последний,Вторичка
12000000.0,ЮАО,53.3,11.0,17.0,0.0,2.0,https://www.cian.ru/sale/flat/298155397/,225140.71,Средний,Вторичка
194800000.0,ЗАО,160.8,47.0,50.0,0.0,3.0,https://www.cian.ru/sale/flat/298157610/,1211442.79,Средний,Вторичка
29500000.0,ЮАО,63.0,14.0,22.0,0.0,2.0,https://www.cian.ru/sale/flat/298157721/,468253.97,Средний,Вторичка
11990000.0,САО,41.0,1.0,5.0,0.0,2.0,https://www.cian.ru/sale/flat/298157794/,292439.02,Первый,Вторичка
92000000.0,ЗАО,136.5,6.0,12.0,0.0,4.0,https://www.cian.ru/sale/flat/298158048/,673992.67,Средний,Вторичка
11300000.0,ЮЗАО,36.0,12.0,12.0,0.0,1.0,https://www.cian.ru/sale/flat/298158138/,313888.89,Последний,Вторичка
130000000.0,СЗАО,143.6,30.0,36.0,0.0,4.0,https://www.cian.ru/sale/flat/298158751/,905292.48,Средний,Вторичка
11500000.0,СВАО,46.7,5.0,9.0,0.0,2.0,https://www.cian.ru/sale/flat/298158945/,246252.68,Средний,Вторичка
19000000.0,СЗАО,35.0,3.0,32.0,0.0,1.0,https://www.cian.ru/sale/flat/298159475/,542857.14,Средний,Вторичка
20999999.0,ЗАО,40.0,10.0,43.0,0.0,2.0,https://www.cian.ru/sale/flat/298161192/,524999.98,Средний,Вторичка
31999000.0,ЗАО,84.0,7.0,31.0,0.0,2.0,https://www.cian.ru/sale/flat/298161869/,380940.48,Средний,Вторичка
58800000.0,ЮЗАО,162.0,38.0,48.0,0.0,3.0,https://www.cian.ru/sale/flat/298163639/,362962.96,Средний,Вторичка
14500000.0,САО,38.3,11.0,17.0,0.0,1.0,https://www.cian.ru/sale/flat/298165816/,378590.08,Средний,Вторичка
108500000.0,ЦАО,97.0,4.0,5.0,0.0,4.0,https://www.cian.ru/sale/flat/298166662/,1118556.7,Средний,Вторичка
16500000.0,СЗАО,38.3,3.0,21.0,1.0,1.0,https://www.cian.ru/sale/flat/298166787/,430809.4,Средний,Новостройка
22500000.0,ЮАО,61.0,9.0,10.0,1.0,3.0,https://www.cian.ru/sale/flat/298167191/,368852.46,Средний,Новостройка
10950000.0,СЗАО,36.2,6.0,25.0,0.0,1.0,https://www.cian.ru/sale/flat/298169068/,302486.19,Средний,Вторичка
21530000.0,ЮАО,37.7,16.0,43.0,1.0,1.0,https://www.cian.ru/sale/flat/298169252/,571087.53,Средний,Новостройка
19400000.0,ВАО,72.1,6.0,16.0,0.0,4.0,https://www.cian.ru/sale/flat/298169684/,269070.74,Средний,Вторичка
27000000.0,ВАО,95.0,9.0,10.0,0.0,4.0,https://www.cian.ru/sale/flat/298170350/,284210.53,Средний,Вторичка
28400000.0,ЮВАО,105.7,14.0,23.0,0.0,4.0,https://www.cian.ru/sale/flat/298170409/,268684.96,Средний,Вторичка
9800000.0,ВАО,35.5,8.0,12.0,0.0,1.0,https://www.cian.ru/sale/flat/298174244/,276056.34,Средний,Вторичка
35900000.0,ЮВАО,75.4,21.0,22.0,1.0,2.0,https://www.cian.ru/sale/flat/298189600/,476127.32,Средний,Новостройка
34900000.0,ЮВАО,65.7,4.0,22.0,1.0,2.0,https://www.cian.ru/sale/flat/298189601/,531202.44,Средний,Новостройка
10490000.0,СВАО,37.0,7.0,12.0,0.0,1.0,https://www.cian.ru/sale/flat/298191085/,283513.51,Средний,Вторичка
15100000.0,ЗАО,55.1,2.0,5.0,0.0,2.0,https://www.cian.ru/sale/flat/298195728/,274047.19,Средний,Вторичка
24300000.0,СВАО,90.0,1.0,12.0,0.0,4.0,https://www.cian.ru/sale/flat/298197083/,270000.0,Первый,Вторичка
55000000.0,ЗАО,69.0,11.0,14.0,0.0,2.0,https://www.cian.ru/sale/flat/298199191/,797101.45,Средний,Вторичка
13500000.0,ЮЗАО,29.8,4.0,8.0,0.0,1.0,https://www.cian.ru/sale/flat/298204608/,453020.13,Средний,Вторичка
109700000.0,ЦАО,212.0,11.0,24.0,0.0,4.0,https://www.cian.ru/sale/flat/298205927/,517452.83,Средний,Вторичка
10700000.0,СВАО,37.0,15.0,17.0,0.0,1.0,https://www.cian.ru/sale/flat/298208285/,289189.19,Средний,Вторичка
210000000.0,ЦАО,172.0,8.0,14.0,0.0,4.0,https://www.cian.ru/sale/flat/298209370/,1220930.23,Средний,Вторичка
60000000.0,САО,128.0,22.0,23.0,0.0,3.0,https://www.cian.ru/sale/flat/298211319/,468750.0,Средний,Вторичка
11290000.0,ЮВАО,37.2,6.0,14.0,0.0,1.0,https://www.cian.ru/sale/flat/298211447/,303494.62,Средний,Вторичка
127000000.0,ЗАО,101.0,5.0,9.0,0.0,3.0,https://www.cian.ru/sale/flat/298212883/,1257425.74,Средний,Вторичка
10600000.0,САО,37.3,2.0,17.0,0.0,1.0,https://www.cian.ru/sale/flat/298213552/,284182.31,Средний,Вторичка
22040000.0,СЗАО,48.9,2.0,23.0,1.0,1.0,https://www.cian.ru/sale/flat/298217137/,450715.75,Средний,Новостройка
20600000.0,ВАО,85.4,1.0,5.0,0.0,4.0,https://www.cian.ru/sale/flat/298220641/,241217.8,Первый,Вторичка
21650000.0,ЮЗАО,100.0,10.0,22.0,0.0,4.0,https://www.cian.ru/sale/flat/298220790/,216500.0,Средний,Вторичка
15000000.0,СВАО,63.0,3.0,9.0,0.0,4.0,https://www.cian.ru/sale/flat/298220970/,238095.24,Средний,Вторичка
25200000.0,ВАО,94.5,15.0,17.0,0.0,4.0,https://www.cian.ru/sale/flat/298222997/,266666.67,Средний,Вторичка
45500000.0,ЗАО,70.0,20.0,24.0,0.0,3.0,https://www.cian.ru/sale/flat/298223333/,650000.0,Средний,Вторичка
21300000.0,САО,53.5,20.0,33.0,0.0,2.0,https://www.cian.ru/sale/flat/298223339/,398130.84,Средний,Вторичка
83000000.0,ЦАО,120.0,3.0,29.0,0.0,4.0,https://www.cian.ru/sale/flat/298224144/,691666.67,Средний,Вторичка
75000000.0,ЗАО,100.0,21.0,28.0,0.0,3.0,https://www.cian.ru/sale/flat/298227447/,750000.0,Средний,Вторичка
11999999.0,ВАО,44.4,5.0,9.0,0.0,2.0,https://www.cian.ru/sale/flat/298227898/,270270.25,Средний,Вторичка
14900000.0,ЮВАО,55.0,5.0,12.0,0.0,2.0,https://www.cian.ru/sale/flat/298228405/,270909.09,Средний,Вторичка
18400000.0,СЗАО,35.0,6.0,33.0,1.0,1.0,https://www.cian.ru/sale/flat/298231338/,525714.29,Средний,Новостройка
29000000.0,ЮАО,82.0,11.0,25.0,1.0,3.0,https://www.cian.ru/sale/flat/298248906/,353658.54,Средний,Новостройка
39900000.0,СВАО,105.0,22.0,22.0,0.0,4.0,https://www.cian.ru/sale/flat/298249754/,380000.0,Последний,Вторичка
14450000.0,САО,48.3,1.0,9.0,0.0,2.0,https://www.cian.ru/sale/flat/298252053/,299171.84,Первый,Вторичка
15800000.0,ЮВАО,36.8,3.0,9.0,0.0,1.0,https://www.cian.ru/sale/flat/298255017/,429347.83,Средний,Вторичка
12710000.0,ЮЗАО,42.5,29.0,34.0,0.0,1.0,https://www.cian.ru/sale/flat/298255599/,299058.82,Средний,Вторичка
83000000.0,ЦАО,99.6,4.0,12.0,0.0,4.0,https://www.cian.ru/sale/flat/298255926/,833333.33,Средний,Вторичка
13300000.0,ЮВАО,42.0,15.0,17.0,0.0,1.0,https://www.cian.ru/sale/flat/298260764/,316666.67,Средний,Вторичка
32800000.0,ЮЗАО,48.73,4.0,17.0,1.0,2.0,https://www.cian.ru/sale/flat/298262006/,673096.66,Средний,Новостройка
355075420.0,ЦАО,171.9,2.0,5.0,0.0,4.0,https://www.cian.ru/sale/flat/298263572/,2065592.9,Средний,Вторичка
8645000.0,ЮВАО,34.7,8.0,9.0,0.0,1.0,https://www.cian.ru/sale/flat/298263575/,249135.45,Средний,Вторичка
35000000.0,ЗАО,81.0,1.0,15.0,0.0,3.0,https://www.cian.ru/sale/flat/298264674/,432098.77,Первый,Вторичка
14600000.0,ВАО,37.3,7.0,33.0,1.0,1.0,https://www.cian.ru/sale/flat/298264753/,391420.91,Средний,Новостройка
29990000.0,ЗАО,81.0,18.0,20.0,0.0,4.0,https://www.cian.ru/sale/flat/298268379/,370246.91,Средний,Вторичка
63000000.0,ЗАО,112.5,15.0,18.0,0.0,3.0,https://www.cian.ru/sale/flat/298273658/,560000.0,Средний,Вторичка
77000000.0,ЦАО,109.0,4.0,5.0,0.0,4.0,https://www.cian.ru/sale/flat/298275471/,706422.02,Средний,Вторичка
21500000.0,ЦАО,36.0,6.0,14.0,0.0,1.0,https://www.cian.ru/sale/flat/298275621/,597222.22,Средний,Вторичка
25000000.0,ЮАО,51.5,7.0,26.0,1.0,2.0,https://www.cian.ru/sale/flat/298277252/,485436.89,Средний,Новостройка
19700000.0,ЗАО,41.7,24.0,24.0,1.0,1.0,https://www.cian.ru/sale/flat/298277263/,472422.06,Последний,Новостройка
11090000.0,СВАО,42.7,2.0,5.0,0.0,2.0,https://www.cian.ru/sale/flat/298282165/,259718.97,Средний,Вторичка
28300000.0,ЮЗАО,92.7,2.0,17.0,0.0,4.0,https://www.cian.ru/sale/flat/298283879/,305285.87,Средний,Вторичка
7350000.0,ЮАО,35.5,1.0,9.0,0.0,1.0,https://www.cian.ru/sale/flat/298284201/,207042.25,Первый,Вторичка
15000000.0,ВАО,36.46,16.0,33.0,1.0,1.0,https://www.cian.ru/sale/flat/298292536/,411409.76,Средний,Новостройка
10600000.0,СЗАО,37.1,13.0,17.0,0.0,1.0,https://www.cian.ru/sale/flat/298296311/,285714.29,Средний,Вторичка
8400000.0,ЮВАО,35.0,3.0,9.0,0.0,1.0,https://www.cian.ru/sale/flat/298296711/,240000.0,Средний,Вторичка
36000000.0,ЗАО,62.5,30.0,35.0,0.0,3.0,https://www.cian.ru/sale/flat/298296722/,576000.0,Средний,Вторичка
8990000.0,ВАО,32.7,5.0,9.0,0.0,1.0,https://www.cian.ru/sale/flat/298297454/,274923.55,Средний,Вторичка
13900000.0,ЗАО,44.9,3.0,16.0,0.0,2.0,https://www.cian.ru/sale/flat/298298500/,309576.84,Средний,Вторичка
31122705.0,ЮАО,63.3,8.0,8.0,1.0,2.0,https://www.cian.ru/sale/flat/298310713/,491669.91,Последний,Новостройка
132000000.0,ЦАО,103.0,12.0,20.0,0.0,2.0,https://www.cian.ru/sale/flat/298311584/,1281553.4,Средний,Вторичка
19162944.0,САО,40.8,35.0,36.0,1.0,1.0,https://www.cian.ru/sale/flat/298317466/,469680.0,Средний,Новостройка
31000000.0,ЮЗАО,66.5,26.0,34.0,0.0,2.0,https://www.cian.ru/sale/flat/298322864/,466165.41,Средний,Вторичка
54999999.0,САО,110.0,9.0,24.0,0.0,4.0,https://www.cian.ru/sale/flat/298323140/,499999.99,Средний,Вторичка
45800000.0,ЮАО,97.1,2.0,7.0,0.0,3.0,https://www.cian.ru/sale/flat/298324265/,471678.68,Средний,Вторичка
21500000.0,СЗАО,46.3,22.0,25.0,0.0,2.0,https://www.cian.ru/sale/flat/298324396/,464362.85,Средний,Вторичка
43600000.0,ЦАО,90.3,3.0,3.0,0.0,2.0,https://www.cian.ru/sale/flat/298324517/,482834.99,Последний,Вторичка
14650000.0,СВАО,58.0,5.0,17.0,0.0,2.0,https://www.cian.ru/sale/flat/298324638/,252586.21,Средний,Вторичка
40500000.0,ЦАО,82.2,13.0,33.0,1.0,4.0,https://www.cian.ru/sale/flat/298324727/,492700.73,Средний,Новостройка
16400000.0,САО,67.5,1.0,10.0,0.0,2.0,https://www.cian.ru/sale/flat/298325378/,242962.96,Первый,Вторичка
28500000.0,ЮАО,98.0,3.0,22.0,0.0,4.0,https://www.cian.ru/sale/flat/298329410/,290816.33,Средний,Вторичка
50806724.0,ЦАО,49.2,2.0,9.0,1.0,1.0,https://www.cian.ru/sale/flat/298329420/,1032656.99,Средний,Новостройка
155724450.0,ЦАО,131.7,4.0,9.0,1.0,3.0,https://www.cian.ru/sale/flat/298329452/,1182418.0,Средний,Новостройка
76077459.0,ЦАО,60.8,4.0,9.0,1.0,1.0,https://www.cian.ru/sale/flat/298329457/,1251274.0,Средний,Новостройка
133000000.0,ЗАО,110.9,3.0,8.0,0.0,3.0,https://www.cian.ru/sale/flat/298332329/,1199278.63,Средний,Вторичка
30679670.0,ЮАО,46.64,19.0,21.0,1.0,1.0,https://www.cian.ru/sale/flat/298332731/,657797.38,Средний,Новостройка
206004314.0,ЦАО,161.09,5.0,7.0,1.0,3.0,https://www.cian.ru/sale/flat/298333736/,1278815.04,Средний,Новостройка
347734754.0,ЦАО,281.51,6.0,7.0,1.0,4.0,https://www.cian.ru/sale/flat/298333739/,1235248.32,Средний,Новостройка
35355960.0,ЗАО,62.2,5.0,28.0,1.0,3.0,https://www.cian.ru/sale/flat/298334015/,568423.79,Средний,Новостройка
35359547.0,ЗАО,61.4,11.0,28.0,1.0,3.0,https://www.cian.ru/sale/flat/298334028/,575888.39,Средний,Новостройка
51061106.0,ЗАО,96.9,14.0,28.0,1.0,4.0,https://www.cian.ru/sale/flat/298334037/,526946.4,Средний,Новостройка
29476161.0,ЗАО,44.7,24.0,28.0,1.0,2.0,https://www.cian.ru/sale/flat/298334053/,659421.95,Средний,Новостройка
54883872.0,ЗАО,92.1,28.0,28.0,1.0,4.0,https://www.cian.ru/sale/flat/298334082/,595916.09,Последний,Новостройка
50936201.0,ЗАО,100.3,14.0,28.0,1.0,4.0,https://www.cian.ru/sale/flat/298334109/,507838.49,Средний,Новостройка
37585483.0,ЗАО,62.7,15.0,28.0,1.0,2.0,https://www.cian.ru/sale/flat/298334112/,599449.49,Средний,Новостройка
48223003.0,ЗАО,103.0,2.0,28.0,1.0,4.0,https://www.cian.ru/sale/flat/298334117/,468184.5,Средний,Новостройка
44424100.0,ЗАО,87.4,12.0,28.0,1.0,3.0,https://www.cian.ru/sale/flat/298334143/,508284.9,Средний,Новостройка
46968827.0,ЗАО,80.5,12.0,28.0,1.0,3.0,https://www.cian.ru/sale/flat/298334147/,583463.69,Средний,Новостройка
55801770.0,ЗАО,100.5,11.0,28.0,1.0,4.0,https://www.cian.ru/sale/flat/298334150/,555241.49,Средний,Новостройка
41481601.0,ЗАО,76.4,15.0,28.0,1.0,3.0,https://www.cian.ru/sale/flat/298334172/,542952.89,Средний,Новостройка
43341568.0,ЗАО,81.4,3.0,28.0,1.0,3.0,https://www.cian.ru/sale/flat/298334195/,532451.7,Средний,Новостройка
42965711.0,ЗАО,81.7,5.0,28.0,1.0,3.0,https://www.cian.ru/sale/flat/298334198/,525896.1,Средний,Новостройка
39580323.0,ЗАО,73.5,9.0,28.0,1.0,2.0,https://www.cian.ru/sale/flat/298334214/,538507.8,Средний,Новостройка
54204855.0,ЗАО,106.8,10.0,28.0,1.0,4.0,https://www.cian.ru/sale/flat/298334225/,507536.1,Средний,Новостройка
50284439.0,ЗАО,106.3,6.0,28.0,1.0,4.0,https://www.cian.ru/sale/flat/298334233/,473042.7,Средний,Новостройка
32701895.0,ЗАО,63.0,12.0,28.0,1.0,2.0,https://www.cian.ru/sale/flat/298334237/,519077.7,Средний,Новостройка
35320672.0,ЗАО,62.6,20.0,28.0,1.0,3.0,https://www.cian.ru/sale/flat/298334244/,564227.99,Средний,Новостройка
48759256.0,ЗАО,83.8,25.0,28.0,1.0,3.0,https://www.cian.ru/sale/flat/298334250/,581852.7,Средний,Новостройка
46304360.0,ЗАО,93.2,2.0,28.0,1.0,4.0,https://www.cian.ru/sale/flat/298334262/,496827.9,Средний,Новостройка
34510079.0,ЗАО,63.0,11.0,28.0,1.0,2.0,https://www.cian.ru/sale/flat/298334272/,547779.03,Средний,Новостройка
38051387.0,ЗАО,64.3,15.0,28.0,1.0,3.0,https://www.cian.ru/sale/flat/298334277/,591778.96,Средний,Новостройка
34783321.0,ЗАО,62.6,15.0,28.0,1.0,3.0,https://www.cian.ru/sale/flat/298334283/,555644.11,Средний,Новостройка
52025537.0,ЗАО,96.8,17.0,28.0,1.0,4.0,https://www.cian.ru/sale/flat/298334292/,537453.89,Средний,Новостройка
49812523.0,ЗАО,107.0,5.0,28.0,1.0,4.0,https://www.cian.ru/sale/flat/298334313/,465537.6,Средний,Новостройка
40971691.0,ЗАО,90.1,2.0,28.0,1.0,3.0,https://www.cian.ru/sale/flat/298334316/,454735.75,Средний,Новостройка
51584345.0,ЗАО,105.9,7.0,28.0,1.0,4.0,https://www.cian.ru/sale/flat/298334342/,487104.3,Средний,Новостройка
53321754.0,ЗАО,105.4,8.0,28.0,1.0,4.0,https://www.cian.ru/sale/flat/298334349/,505898.99,Средний,Новостройка
41007509.0,ЗАО,79.0,3.0,15.0,1.0,3.0,https://www.cian.ru/sale/flat/298334356/,519082.39,Средний,Новостройка
43161758.0,ЗАО,87.9,3.0,15.0,1.0,3.0,https://www.cian.ru/sale/flat/298334358/,491032.51,Средний,Новостройка
24018796.0,ЗАО,40.3,9.0,15.0,1.0,2.0,https://www.cian.ru/sale/flat/298334379/,595999.9,Средний,Новостройка
60709446.0,ЗАО,110.6,9.0,15.0,1.0,3.0,https://www.cian.ru/sale/flat/298334381/,548910.0,Средний,Новостройка
26442849.0,ЗАО,45.6,3.0,15.0,1.0,1.0,https://www.cian.ru/sale/flat/298334390/,579887.04,Средний,Новостройка
26993838.0,ЗАО,45.8,4.0,15.0,1.0,2.0,https://www.cian.ru/sale/flat/298334391/,589385.11,Средний,Новостройка
23981169.0,ЗАО,40.5,6.0,15.0,1.0,1.0,https://www.cian.ru/sale/flat/298334392/,592127.63,Средний,Новостройка
48726508.0,ЗАО,100.2,7.0,15.0,1.0,4.0,https://www.cian.ru/sale/flat/298334395/,486292.5,Средний,Новостройка
51165641.0,ЗАО,103.2,15.0,15.0,1.0,4.0,https://www.cian.ru/sale/flat/298334403/,495791.09,Последний,Новостройка
37061335.0,САО,107.4,2.0,8.0,1.0,4.0,https://www.cian.ru/sale/flat/298334644/,345077.61,Средний,Новостройка
39492363.0,САО,119.8,2.0,8.0,1.0,4.0,https://www.cian.ru/sale/flat/298334654/,329652.45,Средний,Новостройка
27623332.0,САО,66.1,2.0,8.0,1.0,3.0,https://www.cian.ru/sale/flat/298334663/,417902.15,Средний,Новостройка
38074939.0,САО,110.8,2.0,8.0,1.0,4.0,https://www.cian.ru/sale/flat/298334668/,343636.63,Средний,Новостройка
35744481.0,САО,80.3,6.0,8.0,1.0,3.0,https://www.cian.ru/sale/flat/298334678/,445136.75,Средний,Новостройка
40063560.0,САО,113.1,26.0,35.0,1.0,4.0,https://www.cian.ru/sale/flat/298334701/,354231.3,Средний,Новостройка
28827070.0,САО,69.4,7.0,35.0,1.0,3.0,https://www.cian.ru/sale/flat/298334722/,415375.65,Средний,Новостройка
25313093.0,САО,57.5,12.0,35.0,1.0,3.0,https://www.cian.ru/sale/flat/298334724/,440227.7,Средний,Новостройка
33380220.0,САО,86.8,7.0,35.0,1.0,4.0,https://www.cian.ru/sale/flat/298334728/,384564.75,Средний,Новостройка
21910757.0,САО,44.2,16.0,35.0,1.0,2.0,https://www.cian.ru/sale/flat/298334747/,495718.48,Средний,Новостройка
35423560.0,САО,91.1,26.0,35.0,1.0,4.0,https://www.cian.ru/sale/flat/298334760/,388842.59,Средний,Новостройка
37041877.0,САО,100.4,26.0,35.0,1.0,4.0,https://www.cian.ru/sale/flat/298334764/,368943.0,Средний,Новостройка
11990000.0,САО,34.3,13.0,14.0,1.0,1.0,https://www.cian.ru/sale/flat/298335323/,349562.68,Средний,Новостройка
20463155.0,САО,39.7,16.0,35.0,1.0,2.0,https://www.cian.ru/sale/flat/298335378/,515444.71,Средний,Новостройка
11400000.0,ЗАО,45.7,8.0,9.0,0.0,2.0,https://www.cian.ru/sale/flat/298336498/,249452.95,Средний,Вторичка
9950000.0,САО,31.7,1.0,9.0,0.0,1.0,https://www.cian.ru/sale/flat/298337714/,313880.13,Первый,Вторичка
21990000.0,САО,66.7,18.0,32.0,1.0,2.0,https://www.cian.ru/sale/flat/298338222/,329685.16,Средний,Новостройка
68000000.0,СВАО,130.0,4.0,23.0,0.0,4.0,https://www.cian.ru/sale/flat/298340306/,523076.92,Средний,Вторичка
54750000.0,ЮАО,85.0,10.0,14.0,0.0,4.0,https://www.cian.ru/sale/flat/298340542/,644117.65,Средний,Вторичка
49900000.0,ЮВАО,113.0,7.0,30.0,0.0,4.0,https://www.cian.ru/sale/flat/298340818/,441592.92,Средний,Вторичка
65000000.0,СЗАО,127.3,13.0,13.0,0.0,4.0,https://www.cian.ru/sale/flat/298341609/,510604.87,Последний,Вторичка
24500000.0,ВАО,60.0,5.0,20.0,0.0,2.0,https://www.cian.ru/sale/flat/298341798/,408333.33,Средний,Вторичка
65000000.0,ЗАО,95.0,13.0,14.0,0.0,4.0,https://www.cian.ru/sale/flat/298343428/,684210.53,Средний,Вторичка
102000000.0,ЗАО,137.0,8.0,12.0,0.0,4.0,https://www.cian.ru/sale/flat/298346043/,744525.55,Средний,Вторичка
18200000.0,СЗАО,50.0,22.0,22.0,0.0,2.0,https://www.cian.ru/sale/flat/298346336/,364000.0,Последний,Вторичка
27000000.0,СВАО,78.0,2.0,35.0,0.0,3.0,https://www.cian.ru/sale/flat/298346378/,346153.85,Средний,Вторичка
21000000.0,ЮАО,74.6,3.0,9.0,0.0,4.0,https://www.cian.ru/sale/flat/298351444/,281501.34,Средний,Вторичка
63600000.0,ЗАО,95.0,13.0,14.0,0.0,4.0,https://www.cian.ru/sale/flat/298357161/,669473.68,Средний,Вторичка
13700000.0,ЮВАО,62.1,9.0,9.0,0.0,4.0,https://www.cian.ru/sale/flat/298360928/,220611.92,Последний,Вторичка
130000000.0,ЦАО,193.0,7.0,8.0,0.0,4.0,https://www.cian.ru/sale/flat/298364458/,673575.13,Средний,Вторичка
32139585.0,ЗАО,93.49,12.0,29.0,1.0,3.0,https://www.cian.ru/sale/flat/298365016/,343775.64,Средний,Новостройка
7300000.0,ЮЗАО,30.6,1.0,3.0,0.0,1.0,https://www.cian.ru/sale/flat/298365407/,238562.09,Первый,Вторичка
12400000.0,ЮАО,38.4,22.0,22.0,0.0,1.0,https://www.cian.ru/sale/flat/298369798/,322916.67,Последний,Вторичка
115000000.0,ЮАО,124.0,12.0,14.0,0.0,3.0,https://www.cian.ru/sale/flat/298372126/,927419.35,Средний,Вторичка
11299000.0,СВАО,42.7,24.0,25.0,1.0,1.0,https://www.cian.ru/sale/flat/298373641/,264613.58,Средний,Новостройка
10150000.0,СВАО,32.6,4.0,9.0,0.0,1.0,https://www.cian.ru/sale/flat/298373961/,311349.69,Средний,Вторичка
28500000.0,ЮЗАО,122.7,7.0,8.0,0.0,2.0,https://www.cian.ru/sale/flat/298375248/,232273.84,Средний,Вторичка
44300000.0,ЗАО,108.6,25.0,28.0,0.0,3.0,https://www.cian.ru/sale/flat/298378425/,407918.97,Средний,Вторичка
39584600.0,ВАО,105.25,1.0,29.0,1.0,4.0,https://www.cian.ru/sale/flat/298378515/,376100.71,Первый,Новостройка
39414200.0,ВАО,101.9,1.0,29.0,1.0,3.0,https://www.cian.ru/sale/flat/298378519/,386792.93,Первый,Новостройка
20970000.0,ЗАО,48.4,18.0,31.0,0.0,2.0,https://www.cian.ru/sale/flat/298378802/,433264.46,Средний,Вторичка
85000000.0,ЦАО,200.0,2.0,4.0,0.0,4.0,https://www.cian.ru/sale/flat/298379426/,425000.0,Средний,Вторичка
165000000.0,ЦАО,120.0,2.0,21.0,0.0,3.0,https://www.cian.ru/sale/flat/298380201/,1375000.0,Средний,Вторичка
43500000.0,ЮЗАО,66.7,6.0,18.0,0.0,2.0,https://www.cian.ru/sale/flat/298381829/,652173.91,Средний,Вторичка
16999000.0,ЮВАО,62.2,19.0,26.0,0.0,2.0,https://www.cian.ru/sale/flat/298382822/,273295.82,Средний,Вторичка
8250000.0,ВАО,32.2,2.0,9.0,0.0,1.0,https://www.cian.ru/sale/flat/298382874/,256211.18,Средний,Вторичка
18999999.0,ЗАО,60.0,2.0,23.0,0.0,2.0,https://www.cian.ru/sale/flat/298382931/,316666.65,Средний,Вторичка
15900000.0,ЮАО,44.35,3.0,15.0,1.0,2.0,https://www.cian.ru/sale/flat/298396891/,358511.84,Средний,Новостройка
18250000.0,ЗАО,42.2,14.0,21.0,1.0,1.0,https://www.cian.ru/sale/flat/298396928/,432464.45,Средний,Новостройка
10300000.0,ЮВАО,33.8,25.0,25.0,1.0,1.0,https://www.cian.ru/sale/flat/298397020/,304733.73,Последний,Новостройка
14983854.0,СВАО,37.5,5.0,22.0,1.0,1.0,https://www.cian.ru/sale/flat/298401390/,399569.44,Средний,Новостройка
21679509.0,СВАО,59.1,5.0,22.0,1.0,2.0,https://www.cian.ru/sale/flat/298401391/,366827.56,Средний,Новостройка
22142467.0,СВАО,60.2,7.0,22.0,1.0,2.0,https://www.cian.ru/sale/flat/298401392/,367815.07,Средний,Новостройка
14216588.0,СВАО,34.0,10.0,22.0,1.0,1.0,https://www.cian.ru/sale/flat/298401393/,418134.94,Средний,Новостройка
28198410.0,СЗАО,71.8,3.0,25.0,1.0,2.0,https://www.cian.ru/sale/flat/298401426/,392735.52,Средний,Новостройка
9850000.0,ЮВАО,38.0,7.0,17.0,0.0,1.0,https://www.cian.ru/sale/flat/298401519/,259210.53,Средний,Вторичка
102120000.0,ЗАО,125.6,12.0,14.0,1.0,4.0,https://www.cian.ru/sale/flat/298402501/,813057.32,Средний,Новостройка
31701104.0,ЮЗАО,68.3,16.0,25.0,1.0,2.0,https://www.cian.ru/sale/flat/298403126/,464145.01,Средний,Новостройка
30048408.0,ЮЗАО,65.6,14.0,25.0,1.0,2.0,https://www.cian.ru/sale/flat/298403133/,458055.0,Средний,Новостройка
7500000.0,ЮВАО,19.7,25.0,25.0,1.0,1.0,https://www.cian.ru/sale/flat/298407427/,380710.66,Последний,Новостройка
17900000.0,СВАО,39.49,6.0,31.0,1.0,1.0,https://www.cian.ru/sale/flat/298408364/,453279.31,Средний,Новостройка
16390000.0,ЗАО,63.6,2.0,9.0,0.0,3.0,https://www.cian.ru/sale/flat/298413599/,257704.4,Средний,Вторичка
12999999.0,СЗАО,38.0,12.0,12.0,0.0,1.0,https://www.cian.ru/sale/flat/298414628/,342105.24,Последний,Вторичка
73000000.0,ЦАО,72.0,5.0,21.0,1.0,1.0,https://www.cian.ru/sale/flat/298416859/,1013888.89,Средний,Новостройка
34450000.0,ВАО,83.8,19.0,19.0,0.0,3.0,https://www.cian.ru/sale/flat/298418671/,411097.85,Последний,Вторичка
14000000.0,ЮАО,32.4,4.0,33.0,1.0,1.0,https://www.cian.ru/sale/flat/298421748/,432098.77,Средний,Новостройка
15800000.0,ЮЗАО,42.0,7.0,9.0,0.0,2.0,https://www.cian.ru/sale/flat/298429447/,376190.48,Средний,Вторичка
10150000.0,ЮАО,36.2,2.0,17.0,0.0,1.0,https://www.cian.ru/sale/flat/298431321/,280386.74,Средний,Вторичка
48000000.0,ЗАО,125.0,2.0,28.0,0.0,4.0,https://www.cian.ru/sale/flat/298434619/,384000.0,Средний,Вторичка
33100000.0,ЗАО,106.7,3.0,25.0,0.0,4.0,https://www.cian.ru/sale/flat/298435133/,310215.56,Средний,Вторичка
10500000.0,СЗАО,47.3,1.0,9.0,0.0,2.0,https://www.cian.ru/sale/flat/298436420/,221987.32,Первый,Вторичка
39500000.0,ЗАО,121.0,2.0,14.0,0.0,4.0,https://www.cian.ru/sale/flat/298449196/,326446.28,Средний,Вторичка
44900000.0,ВАО,134.7,1.0,6.0,0.0,4.0,https://www.cian.ru/sale/flat/298451321/,333333.33,Первый,Вторичка
12500000.0,ЮАО,51.3,5.0,12.0,0.0,2.0,https://www.cian.ru/sale/flat/298456361/,243664.72,Средний,Вторичка
59000000.0,СЗАО,107.0,30.0,53.0,0.0,4.0,https://www.cian.ru/sale/flat/298457776/,551401.87,Средний,Вторичка
14950000.0,СВАО,78.0,1.0,12.0,0.0,4.0,https://www.cian.ru/sale/flat/298459827/,191666.67,Первый,Вторичка
27000000.0,ЮВАО,58.0,26.0,26.0,1.0,2.0,https://www.cian.ru/sale/flat/298461651/,465517.24,Последний,Новостройка
28900000.0,ЮВАО,88.0,4.0,9.0,0.0,3.0,https://www.cian.ru/sale/flat/298462132/,328409.09,Средний,Вторичка
17500000.0,ЮАО,63.0,8.0,9.0,0.0,3.0,https://www.cian.ru/sale/flat/298462548/,277777.78,Средний,Вторичка
9550000.0,ВАО,41.0,1.0,5.0,0.0,2.0,https://www.cian.ru/sale/flat/298462549/,232926.83,Первый,Вторичка
12700000.0,ЗАО,35.3,14.0,21.0,1.0,1.0,https://www.cian.ru/sale/flat/298463243/,359773.37,Средний,Новостройка
18000000.0,СЗАО,36.3,11.0,36.0,0.0,1.0,https://www.cian.ru/sale/flat/298464053/,495867.77,Средний,Вторичка
10100000.0,ЮАО,21.1,2.0,26.0,0.0,1.0,https://www.cian.ru/sale/flat/298464986/,478672.99,Средний,Вторичка
8500000.0,ЮЗАО,32.2,1.0,9.0,0.0,1.0,https://www.cian.ru/sale/flat/298465348/,263975.16,Первый,Вторичка
65000000.0,СЗАО,127.3,13.0,13.0,0.0,4.0,https://www.cian.ru/sale/flat/298465471/,510604.87,Последний,Вторичка
165000000.0,ЦАО,161.0,5.0,18.0,0.0,4.0,https://www.cian.ru/sale/flat/298468273/,1024844.72,Средний,Вторичка
65234000.0,ЦАО,50.18,10.0,21.0,1.0,2.0,https://www.cian.ru/sale/flat/298468511/,1300000.0,Средний,Новостройка
240000000.0,ЦАО,170.0,3.0,6.0,0.0,4.0,https://www.cian.ru/sale/flat/298470038/,1411764.71,Средний,Вторичка
8300000.0,ЮЗАО,38.2,12.0,16.0,0.0,1.0,https://www.cian.ru/sale/flat/298470529/,217277.49,Средний,Вторичка
83000000.0,ЦАО,171.3,5.0,25.0,0.0,4.0,https://www.cian.ru/sale/flat/298472219/,484530.06,Средний,Вторичка
23500000.0,СЗАО,52.3,13.0,25.0,1.0,2.0,https://www.cian.ru/sale/flat/298473301/,449330.78,Средний,Новостройка
180000000.0,ЗАО,168.9,25.0,31.0,0.0,4.0,https://www.cian.ru/sale/flat/298473997/,1065719.36,Средний,Вторичка
95000000.0,ЦАО,77.0,3.0,18.0,0.0,2.0,https://www.cian.ru/sale/flat/298474189/,1233766.23,Средний,Вторичка
33900000.0,СЗАО,90.0,2.0,24.0,0.0,3.0,https://www.cian.ru/sale/flat/298474271/,376666.67,Средний,Вторичка
23500000.0,СЗАО,46.6,32.0,43.0,1.0,1.0,https://www.cian.ru/sale/flat/298474842/,504291.85,Средний,Новостройка
186881800.0,ЦАО,170.0,2.0,6.0,0.0,4.0,https://www.cian.ru/sale/flat/298478046/,1099304.71,Средний,Вторичка
23900000.0,ЗАО,46.0,31.0,39.0,0.0,1.0,https://www.cian.ru/sale/flat/298481387/,519565.22,Средний,Вторичка
11890000.0,ЗАО,37.5,5.0,9.0,0.0,2.0,https://www.cian.ru/sale/flat/298481554/,317066.67,Средний,Вторичка
442233340.0,ЦАО,157.0,2.0,6.0,0.0,3.0,https://www.cian.ru/sale/flat/298482969/,2816772.87,Средний,Вторичка
31000000.0,ЗАО,82.5,15.0,37.0,0.0,3.0,https://www.cian.ru/sale/flat/298483604/,375757.58,Средний,Вторичка
41000000.0,ЗАО,101.0,11.0,28.0,0.0,3.0,https://www.cian.ru/sale/flat/298483713/,405940.59,Средний,Вторичка
16500000.0,ЮАО,38.8,3.0,14.0,1.0,1.0,https://www.cian.ru/sale/flat/298484253/,425257.73,Средний,Новостройка
8200000.0,САО,36.0,4.0,4.0,0.0,1.0,https://www.cian.ru/sale/flat/298484384/,227777.78,Последний,Вторичка
15600000.0,САО,56.1,2.0,16.0,0.0,2.0,https://www.cian.ru/sale/flat/298485263/,278074.87,Средний,Вторичка
20300000.0,СЗАО,90.5,1.0,16.0,0.0,4.0,https://www.cian.ru/sale/flat/298485891/,224309.39,Первый,Вторичка
20500000.0,ЮЗАО,54.5,5.0,8.0,0.0,2.0,https://www.cian.ru/sale/flat/298487950/,376146.79,Средний,Вторичка
12100000.0,ВАО,39.0,10.0,24.0,0.0,1.0,https://www.cian.ru/sale/flat/298488707/,310256.41,Средний,Вторичка
27400000.0,ЮЗАО,100.0,17.0,25.0,0.0,4.0,https://www.cian.ru/sale/flat/298494048/,274000.0,Средний,Вторичка
103412500.0,ЗАО,138.1,7.0,12.0,1.0,3.0,https://www.cian.ru/sale/flat/298496128/,748823.32,Средний,Новостройка
99000000.0,ЗАО,108.5,15.0,19.0,0.0,3.0,https://www.cian.ru/sale/flat/298499782/,912442.4,Средний,Вторичка
14500000.0,ЮВАО,38.2,8.0,9.0,0.0,2.0,https://www.cian.ru/sale/flat/298501611/,379581.15,Средний,Вторичка
20500000.0,ЗАО,68.5,18.0,24.0,0.0,2.0,https://www.cian.ru/sale/flat/298502665/,299270.07,Средний,Вторичка
9900000.0,ЮЗАО,34.2,13.0,16.0,0.0,1.0,https://www.cian.ru/sale/flat/298503162/,289473.68,Средний,Вторичка
26500000.0,ЗАО,45.67,3.0,5.0,0.0,2.0,https://www.cian.ru/sale/flat/298503716/,580249.62,Средний,Вторичка
41900000.0,ЗАО,70.0,11.0,14.0,0.0,3.0,https://www.cian.ru/sale/flat/298504143/,598571.43,Средний,Вторичка
75000000.0,ЗАО,106.0,15.0,19.0,0.0,3.0,https://www.cian.ru/sale/flat/298504349/,707547.17,Средний,Вторичка
17500000.0,ЗАО,75.6,2.0,12.0,0.0,4.0,https://www.cian.ru/sale/flat/298505192/,231481.48,Средний,Вторичка
185000000.0,ЦАО,117.7,4.0,8.0,0.0,3.0,https://www.cian.ru/sale/flat/298508096/,1571792.69,Средний,Вторичка
47950000.0,СВАО,108.0,13.0,20.0,0.0,3.0,https://www.cian.ru/sale/flat/298515260/,443981.48,Средний,Вторичка
119000000.0,ЦАО,111.0,3.0,5.0,0.0,3.0,https://www.cian.ru/sale/flat/298515885/,1072072.07,Средний,Вторичка
34700000.0,ЮАО,78.8,22.0,26.0,1.0,3.0,https://www.cian.ru/sale/flat/298516007/,440355.33,Средний,Новостройка
11990000.0,ЗАО,36.6,2.0,9.0,0.0,1.0,https://www.cian.ru/sale/flat/298517117/,327595.63,Средний,Вторичка
14999000.0,ЗАО,41.0,2.0,12.0,0.0,1.0,https://www.cian.ru/sale/flat/298517952/,365829.27,Средний,Вторичка
29300000.0,СЗАО,52.0,5.0,19.0,0.0,2.0,https://www.cian.ru/sale/flat/298519060/,563461.54,Средний,Вторичка
140000000.0,ЦАО,145.0,3.0,5.0,0.0,4.0,https://www.cian.ru/sale/flat/298519318/,965517.24,Средний,Вторичка
21700000.0,СВАО,44.8,6.0,23.0,0.0,1.0,https://www.cian.ru/sale/flat/298519482/,484375.0,Средний,Вторичка
9380000.0,ЮВАО,39.0,9.0,12.0,0.0,1.0,https://www.cian.ru/sale/flat/298520114/,240512.82,Средний,Вторичка
7750000.0,ЮВАО,23.0,5.0,16.0,0.0,1.0,https://www.cian.ru/sale/flat/298521910/,336956.52,Средний,Вторичка
29990000.0,ЮВАО,101.6,9.0,22.0,0.0,4.0,https://www.cian.ru/sale/flat/298522495/,295177.17,Средний,Вторичка
84000000.0,САО,82.0,25.0,37.0,0.0,3.0,https://www.cian.ru/sale/flat/298522497/,1024390.24,Средний,Вторичка
19748103.0,ЗАО,62.3,2.0,23.0,1.0,2.0,https://www.cian.ru/sale/flat/298525426/,316984.0,Средний,Новостройка
21230289.0,ЗАО,59.3,23.0,23.0,1.0,2.0,https://www.cian.ru/sale/flat/298525427/,358014.99,Последний,Новостройка
21000000.0,СЗАО,34.0,6.0,36.0,0.0,1.0,https://www.cian.ru/sale/flat/298526069/,617647.06,Средний,Вторичка
25990000.0,ЮВАО,99.2,18.0,21.0,0.0,4.0,https://www.cian.ru/sale/flat/298526532/,261995.97,Средний,Вторичка
14000000.0,СВАО,37.0,13.0,17.0,0.0,1.0,https://www.cian.ru/sale/flat/298527239/,378378.38,Средний,Вторичка
40600000.0,ЗАО,87.0,6.0,9.0,0.0,4.0,https://www.cian.ru/sale/flat/298527240/,466666.67,Средний,Вторичка
10500000.0,ВАО,38.7,3.0,9.0,0.0,1.0,https://www.cian.ru/sale/flat/298527999/,271317.83,Средний,Вторичка
88000000.0,ЦАО,70.0,6.0,10.0,0.0,2.0,https://www.cian.ru/sale/flat/298529365/,1257142.86,Средний,Вторичка
38000000.0,ЗАО,70.0,25.0,52.0,0.0,3.0,https://www.cian.ru/sale/flat/298529940/,542857.14,Средний,Вторичка
8200000.0,ЮВАО,38.5,16.0,17.0,0.0,1.0,https://www.cian.ru/sale/flat/298532932/,212987.01,Средний,Вторичка
231222680.0,ЦАО,140.0,2.0,4.0,0.0,3.0,https://www.cian.ru/sale/flat/298534721/,1651590.57,Средний,Вторичка
37900000.0,ЗАО,76.0,12.0,51.0,0.0,3.0,https://www.cian.ru/sale/flat/298534723/,498684.21,Средний,Вторичка
38700000.0,ЗАО,78.0,40.0,51.0,0.0,3.0,https://www.cian.ru/sale/flat/298534726/,496153.85,Средний,Вторичка
45800000.0,ЗАО,78.0,36.0,52.0,0.0,3.0,https://www.cian.ru/sale/flat/298534728/,587179.49,Средний,Вторичка
43900000.0,ЗАО,106.0,31.0,39.0,0.0,4.0,https://www.cian.ru/sale/flat/298534731/,414150.94,Средний,Вторичка
11600000.0,ЮВАО,54.0,9.0,17.0,0.0,2.0,https://www.cian.ru/sale/flat/298537664/,214814.81,Средний,Вторичка
18400000.0,ЮАО,39.9,19.0,20.0,1.0,1.0,https://www.cian.ru/sale/flat/298538613/,461152.88,Средний,Новостройка
9800000.0,ЗАО,33.5,6.0,9.0,0.0,1.0,https://www.cian.ru/sale/flat/298538616/,292537.31,Средний,Вторичка
11700000.0,ЮАО,23.4,13.0,26.0,1.0,1.0,https://www.cian.ru/sale/flat/298544924/,500000.0,Средний,Новостройка
8200000.0,САО,35.7,4.0,4.0,0.0,1.0,https://www.cian.ru/sale/flat/298546312/,229691.88,Последний,Вторичка
50000000.0,СЗАО,93.0,16.0,19.0,0.0,4.0,https://www.cian.ru/sale/flat/298549610/,537634.41,Средний,Вторичка
16990000.0,ЮВАО,82.95,16.0,26.0,1.0,3.0,https://www.cian.ru/sale/flat/298552421/,204822.18,Средний,Новостройка
21900000.0,СЗАО,67.2,1.0,5.0,0.0,2.0,https://www.cian.ru/sale/flat/298554181/,325892.86,Первый,Вторичка
14500000.0,САО,37.9,12.0,17.0,0.0,1.0,https://www.cian.ru/sale/flat/298554787/,382585.75,Средний,Вторичка
16480000.0,ЮАО,38.0,4.0,19.0,0.0,1.0,https://www.cian.ru/sale/flat/298556166/,433684.21,Средний,Вторичка
10900000.0,ЗАО,34.9,2.0,14.0,0.0,1.0,https://www.cian.ru/sale/flat/298556528/,312320.92,Средний,Вторичка
12999999.0,СВАО,58.3,2.0,9.0,0.0,3.0,https://www.cian.ru/sale/flat/298557542/,222984.55,Средний,Вторичка
54890000.0,ЦАО,60.0,3.0,16.0,0.0,3.0,https://www.cian.ru/sale/flat/298558213/,914833.33,Средний,Вторичка
17300000.0,ЮВАО,42.0,26.0,30.0,1.0,1.0,https://www.cian.ru/sale/flat/298558261/,411904.76,Средний,Новостройка
49900000.0,ЮАО,102.5,10.0,18.0,0.0,4.0,https://www.cian.ru/sale/flat/298558458/,486829.27,Средний,Вторичка
9700000.0,ЗАО,37.2,4.0,9.0,0.0,2.0,https://www.cian.ru/sale/flat/298558706/,260752.69,Средний,Вторичка
15200000.0,СВАО,44.5,5.0,9.0,0.0,2.0,https://www.cian.ru/sale/flat/298559075/,341573.03,Средний,Вторичка
140000000.0,ЦАО,201.0,3.0,5.0,0.0,4.0,https://www.cian.ru/sale/flat/298560697/,696517.41,Средний,Вторичка
59500000.0,САО,81.7,3.0,40.0,0.0,2.0,https://www.cian.ru/sale/flat/298562397/,728274.17,Средний,Вторичка
53000000.0,ВАО,92.0,5.0,19.0,0.0,4.0,https://www.cian.ru/sale/flat/298562985/,576086.96,Средний,Вторичка
72300000.0,СЗАО,94.0,13.0,22.0,0.0,3.0,https://www.cian.ru/sale/flat/298565480/,769148.94,Средний,Вторичка
21000000.0,ЮАО,51.6,13.0,28.0,1.0,2.0,https://www.cian.ru/sale/flat/298566212/,406976.74,Средний,Новостройка
25500000.0,ЮАО,63.39,4.0,16.0,1.0,2.0,https://www.cian.ru/sale/flat/298568717/,402271.65,Средний,Новостройка
56000000.0,ЗАО,98.07,12.0,14.0,1.0,4.0,https://www.cian.ru/sale/flat/298568723/,571020.7,Средний,Новостройка
16500000.0,ЗАО,60.5,11.0,15.0,0.0,2.0,https://www.cian.ru/sale/flat/298570903/,272727.27,Средний,Вторичка
31000000.0,ЗАО,58.5,4.0,25.0,0.0,2.0,https://www.cian.ru/sale/flat/298572082/,529914.53,Средний,Вторичка
14500000.0,ЮЗАО,37.5,5.0,14.0,0.0,1.0,https://www.cian.ru/sale/flat/298572994/,386666.67,Средний,Вторичка
20400000.0,САО,77.0,5.0,12.0,0.0,3.0,https://www.cian.ru/sale/flat/298575010/,264935.06,Средний,Вторичка
49881989.0,ЦАО,83.9,3.0,22.0,1.0,3.0,https://www.cian.ru/sale/flat/298576221/,594540.99,Средний,Новостройка
50418495.0,ЦАО,85.5,5.0,22.0,1.0,3.0,https://www.cian.ru/sale/flat/298576223/,589690.0,Средний,Новостройка
53777997.0,ЦАО,84.1,11.0,22.0,1.0,3.0,https://www.cian.ru/sale/flat/298576228/,639453.0,Средний,Новостройка
24674179.0,ЦАО,36.8,12.0,22.0,1.0,2.0,https://www.cian.ru/sale/flat/298576230/,670493.99,Средний,Новостройка
64764098.0,ЦАО,105.9,19.0,22.0,1.0,4.0,https://www.cian.ru/sale/flat/298576251/,611559.0,Средний,Новостройка
33870474.0,ЦАО,49.8,7.0,22.0,1.0,2.0,https://www.cian.ru/sale/flat/298576259/,680130.0,Средний,Новостройка
43340026.0,ЦАО,67.9,12.0,22.0,1.0,3.0,https://www.cian.ru/sale/flat/298576264/,638291.99,Средний,Новостройка
33644405.0,ЦАО,45.8,15.0,22.0,1.0,2.0,https://www.cian.ru/sale/flat/298576270/,734594.0,Средний,Новостройка
29060395.0,ЦАО,42.5,19.0,22.0,1.0,2.0,https://www.cian.ru/sale/flat/298576274/,683774.0,Средний,Новостройка
25490000.0,СВАО,89.3,17.0,25.0,1.0,3.0,https://www.cian.ru/sale/flat/298576678/,285442.33,Средний,Новостройка
14900000.0,СВАО,63.0,8.0,9.0,0.0,4.0,https://www.cian.ru/sale/flat/298576679/,236507.94,Средний,Вторичка
35990000.0,ЦАО,70.0,7.0,7.0,0.0,2.0,https://www.cian.ru/sale/flat/298576741/,514142.86,Последний,Вторичка
47000000.0,СЗАО,72.2,19.0,44.0,1.0,3.0,https://www.cian.ru/sale/flat/298578210/,650969.53,Средний,Новостройка
30000000.0,ЗАО,94.3,20.0,31.0,0.0,4.0,https://www.cian.ru/sale/flat/298578355/,318133.62,Средний,Вторичка
9640000.0,ЮАО,42.0,13.0,16.0,0.0,1.0,https://www.cian.ru/sale/flat/298583239/,229523.81,Средний,Вторичка
19821140.0,ЗАО,43.68,29.0,30.0,1.0,2.0,https://www.cian.ru/sale/flat/298589269/,453780.68,Средний,Новостройка
23117099.0,ЗАО,58.98,29.0,30.0,1.0,2.0,https://www.cian.ru/sale/flat/298589271/,391948.1,Средний,Новостройка
23650000.0,СЗАО,46.7,31.0,36.0,0.0,1.0,https://www.cian.ru/sale/flat/298593226/,506423.98,Средний,Вторичка
11300000.0,ВАО,38.0,17.0,17.0,0.0,1.0,https://www.cian.ru/sale/flat/298596946/,297368.42,Последний,Вторичка
20400000.0,ЦАО,53.6,7.0,12.0,0.0,2.0,https://www.cian.ru/sale/flat/298598845/,380597.01,Средний,Вторичка
14200000.0,СЗАО,40.6,18.0,25.0,0.0,1.0,https://www.cian.ru/sale/flat/298599181/,349753.69,Средний,Вторичка
44715100.0,СВАО,90.7,3.0,37.0,1.0,3.0,https://www.cian.ru/sale/flat/298603447/,493000.0,Средний,Новостройка
45269400.0,СВАО,108.3,13.0,37.0,1.0,4.0,https://www.cian.ru/sale/flat/298603455/,418000.0,Средний,Новостройка
21625600.0,СВАО,43.6,2.0,37.0,1.0,1.0,https://www.cian.ru/sale/flat/298603471/,496000.0,Средний,Новостройка
32022800.0,СВАО,71.8,2.0,37.0,1.0,2.0,https://www.cian.ru/sale/flat/298603477/,446000.0,Средний,Новостройка
36521600.0,СВАО,80.8,4.0,37.0,1.0,3.0,https://www.cian.ru/sale/flat/298603482/,452000.0,Средний,Новостройка
40903500.0,СВАО,100.5,4.0,37.0,1.0,3.0,https://www.cian.ru/sale/flat/298603484/,407000.0,Средний,Новостройка
21386800.0,СВАО,42.1,6.0,37.0,1.0,1.0,https://www.cian.ru/sale/flat/298603491/,508000.0,Средний,Новостройка
24198300.0,СВАО,50.1,6.0,37.0,1.0,1.0,https://www.cian.ru/sale/flat/298603495/,483000.0,Средний,Новостройка
40601100.0,СВАО,96.9,8.0,37.0,1.0,3.0,https://www.cian.ru/sale/flat/298603539/,419000.0,Средний,Новостройка
30879200.0,СВАО,63.8,11.0,37.0,1.0,2.0,https://www.cian.ru/sale/flat/298603585/,484000.0,Средний,Новостройка
26978000.0,СВАО,57.4,11.0,37.0,1.0,2.0,https://www.cian.ru/sale/flat/298603590/,470000.0,Средний,Новостройка
33132600.0,СВАО,69.9,11.0,37.0,1.0,3.0,https://www.cian.ru/sale/flat/298603595/,474000.0,Средний,Новостройка
22689200.0,СВАО,43.3,11.0,37.0,1.0,1.0,https://www.cian.ru/sale/flat/298603598/,524000.0,Средний,Новостройка
32895000.0,СВАО,77.4,2.0,32.0,1.0,3.0,https://www.cian.ru/sale/flat/298603929/,425000.0,Средний,Новостройка
44096000.0,СВАО,106.0,3.0,32.0,1.0,3.0,https://www.cian.ru/sale/flat/298603960/,416000.0,Средний,Новостройка
40813500.0,СВАО,89.7,11.0,32.0,1.0,3.0,https://www.cian.ru/sale/flat/298603970/,455000.0,Средний,Новостройка
45849000.0,СВАО,98.6,10.0,32.0,1.0,3.0,https://www.cian.ru/sale/flat/298603990/,465000.0,Средний,Новостройка
57093500.0,СВАО,128.3,12.0,32.0,1.0,4.0,https://www.cian.ru/sale/flat/298604026/,445000.0,Средний,Новостройка
37355500.0,СВАО,82.1,12.0,32.0,1.0,3.0,https://www.cian.ru/sale/flat/298604030/,455000.0,Средний,Новостройка
38013800.0,СВАО,81.4,18.0,32.0,1.0,3.0,https://www.cian.ru/sale/flat/298604046/,467000.0,Средний,Новостройка
16983000.0,СВАО,27.0,28.0,32.0,1.0,1.0,https://www.cian.ru/sale/flat/298604075/,629000.0,Средний,Новостройка
45812800.0,СВАО,109.6,4.0,32.0,1.0,3.0,https://www.cian.ru/sale/flat/298604099/,418000.0,Средний,Новостройка
115302000.0,СВАО,174.7,32.0,32.0,1.0,4.0,https://www.cian.ru/sale/flat/298604109/,660000.0,Последний,Новостройка
43608000.0,СВАО,94.8,5.0,32.0,1.0,3.0,https://www.cian.ru/sale/flat/298604111/,460000.0,Средний,Новостройка
36885600.0,СВАО,87.2,2.0,32.0,1.0,3.0,https://www.cian.ru/sale/flat/298604114/,423000.0,Средний,Новостройка
70395800.0,СВАО,134.6,33.0,34.0,1.0,4.0,https://www.cian.ru/sale/flat/298604116/,523000.0,Средний,Новостройка
40081000.0,СВАО,74.5,12.0,34.0,1.0,3.0,https://www.cian.ru/sale/flat/298604118/,538000.0,Средний,Новостройка
47708400.0,СВАО,95.8,11.0,34.0,1.0,3.0,https://www.cian.ru/sale/flat/298604122/,498000.0,Средний,Новостройка
41553600.0,СВАО,78.7,12.0,34.0,1.0,3.0,https://www.cian.ru/sale/flat/298604126/,528000.0,Средний,Новостройка
47337000.0,СВАО,93.0,11.0,34.0,1.0,3.0,https://www.cian.ru/sale/flat/298604128/,509000.0,Средний,Новостройка
47701200.0,СВАО,93.9,11.0,34.0,1.0,3.0,https://www.cian.ru/sale/flat/298604132/,508000.0,Средний,Новостройка
90265800.0,СВАО,142.6,34.0,34.0,1.0,4.0,https://www.cian.ru/sale/flat/298604135/,633000.0,Последний,Новостройка
47000000.0,ЮАО,79.5,4.0,5.0,0.0,3.0,https://www.cian.ru/sale/flat/298604697/,591194.97,Средний,Вторичка
12300000.0,СВАО,46.1,1.0,12.0,0.0,2.0,https://www.cian.ru/sale/flat/298605362/,266811.28,Первый,Вторичка
116298800.0,ЮЗАО,174.1,22.0,32.0,1.0,3.0,https://www.cian.ru/sale/flat/298609355/,668000.0,Средний,Новостройка
105000000.0,СЗАО,137.1,4.0,19.0,0.0,4.0,https://www.cian.ru/sale/flat/298609954/,765864.33,Средний,Вторичка
33250000.0,ЗАО,62.9,10.0,28.0,0.0,3.0,https://www.cian.ru/sale/flat/298614348/,528616.85,Средний,Вторичка
21000000.0,ВАО,79.9,4.0,5.0,0.0,3.0,https://www.cian.ru/sale/flat/298614396/,262828.54,Средний,Вторичка
37000000.0,СЗАО,68.2,25.0,33.0,0.0,2.0,https://www.cian.ru/sale/flat/298615837/,542521.99,Средний,Вторичка
31079570.0,САО,103.2,2.0,12.0,0.0,3.0,https://www.cian.ru/sale/flat/298617205/,301158.62,Средний,Вторичка
29504877.0,САО,86.1,3.0,12.0,0.0,4.0,https://www.cian.ru/sale/flat/298617209/,342681.5,Средний,Вторичка
22500000.0,ЦАО,50.0,3.0,8.0,0.0,2.0,https://www.cian.ru/sale/flat/298617996/,450000.0,Средний,Вторичка
9700000.0,ВАО,44.8,1.0,5.0,0.0,2.0,https://www.cian.ru/sale/flat/298618899/,216517.86,Первый,Вторичка
12000000.0,САО,36.6,4.0,24.0,0.0,1.0,https://www.cian.ru/sale/flat/298620400/,327868.85,Средний,Вторичка
17480000.0,ЦАО,44.9,11.0,16.0,0.0,1.0,https://www.cian.ru/sale/flat/298620907/,389309.58,Средний,Вторичка
22262535.0,ЮВАО,65.7,2.0,30.0,0.0,3.0,https://www.cian.ru/sale/flat/298620957/,338851.37,Средний,Вторичка
9500000.0,ЮЗАО,35.0,1.0,9.0,0.0,1.0,https://www.cian.ru/sale/flat/298622113/,271428.57,Первый,Вторичка
29000000.0,ЮЗАО,99.5,2.0,22.0,0.0,4.0,https://www.cian.ru/sale/flat/298623372/,291457.29,Средний,Вторичка
17200000.0,ЗАО,78.0,1.0,14.0,0.0,4.0,https://www.cian.ru/sale/flat/298623374/,220512.82,Первый,Вторичка
21900000.0,СЗАО,55.4,19.0,21.0,0.0,2.0,https://www.cian.ru/sale/flat/298623531/,395306.86,Средний,Вторичка
20000000.0,ЗАО,55.3,2.0,54.0,1.0,1.0,https://www.cian.ru/sale/flat/298623574/,361663.65,Средний,Новостройка
13500000.0,ЮВАО,53.0,6.0,12.0,0.0,2.0,https://www.cian.ru/sale/flat/298624347/,254716.98,Средний,Вторичка
45500000.0,ЦАО,71.0,3.0,6.0,0.0,4.0,https://www.cian.ru/sale/flat/298637776/,640845.07,Средний,Вторичка
130000000.0,ЦАО,150.0,3.0,13.0,0.0,3.0,https://www.cian.ru/sale/flat/298642379/,866666.67,Средний,Вторичка
98000000.0,СЗАО,141.0,16.0,17.0,0.0,4.0,https://www.cian.ru/sale/flat/298645481/,695035.46,Средний,Вторичка
12200000.0,СЗАО,29.0,14.0,22.0,0.0,1.0,https://www.cian.ru/sale/flat/298645710/,420689.66,Средний,Вторичка
110000000.0,ЦАО,95.0,9.0,67.0,0.0,3.0,https://www.cian.ru/sale/flat/298647465/,1157894.74,Средний,Вторичка
55000000.0,СЗАО,82.0,28.0,48.0,0.0,2.0,https://www.cian.ru/sale/flat/298650795/,670731.71,Средний,Вторичка
11800000.0,СЗАО,38.0,3.0,5.0,0.0,2.0,https://www.cian.ru/sale/flat/298654353/,310526.32,Средний,Вторичка
20934650.0,СВАО,52.9,26.0,27.0,1.0,1.0,https://www.cian.ru/sale/flat/298655772/,395740.08,Средний,Новостройка
40080000.0,СВАО,119.1,20.0,27.0,1.0,3.0,https://www.cian.ru/sale/flat/298655839/,336523.93,Средний,Новостройка
42301000.0,СВАО,125.7,15.0,27.0,1.0,3.0,https://www.cian.ru/sale/flat/298655856/,336523.47,Средний,Новостройка
12399000.0,ВАО,41.0,6.0,14.0,0.0,1.0,https://www.cian.ru/sale/flat/298657199/,302414.63,Средний,Вторичка
25000000.0,ЮАО,80.0,4.0,5.0,0.0,3.0,https://www.cian.ru/sale/flat/298657571/,312500.0,Средний,Вторичка
12699000.0,СВАО,35.4,10.0,17.0,0.0,1.0,https://www.cian.ru/sale/flat/298657575/,358728.81,Средний,Вторичка
21000000.0,ЮВАО,53.0,18.0,24.0,0.0,2.0,https://www.cian.ru/sale/flat/298660598/,396226.42,Средний,Вторичка
32890000.0,ЗАО,86.1,20.0,35.0,0.0,3.0,https://www.cian.ru/sale/flat/298661948/,381997.68,Средний,Вторичка
7500000.0,ЮАО,33.0,5.0,9.0,0.0,1.0,https://www.cian.ru/sale/flat/298662291/,227272.73,Средний,Вторичка
11100000.0,ВАО,38.0,1.0,9.0,0.0,2.0,https://www.cian.ru/sale/flat/298662594/,292105.26,Первый,Вторичка
11900000.0,ЮВАО,44.8,1.0,5.0,0.0,2.0,https://www.cian.ru/sale/flat/298662616/,265625.0,Первый,Вторичка
17900000.0,ЮАО,63.0,9.0,9.0,0.0,4.0,https://www.cian.ru/sale/flat/298664300/,284126.98,Последний,Вторичка
12500000.0,СВАО,52.8,12.0,26.0,1.0,2.0,https://www.cian.ru/sale/flat/298664411/,236742.42,Средний,Новостройка
12500000.0,САО,59.6,12.0,14.0,1.0,2.0,https://www.cian.ru/sale/flat/298664454/,209731.54,Средний,Новостройка
29300000.0,СЗАО,65.3,23.0,44.0,1.0,3.0,https://www.cian.ru/sale/flat/298664484/,448698.32,Средний,Новостройка
29000000.0,ЮВАО,75.0,21.0,27.0,1.0,3.0,https://www.cian.ru/sale/flat/298664553/,386666.67,Средний,Новостройка
14100000.0,САО,36.73,17.0,31.0,1.0,1.0,https://www.cian.ru/sale/flat/298664660/,383882.38,Средний,Новостройка
27800000.0,ЗАО,46.9,32.0,41.0,1.0,2.0,https://www.cian.ru/sale/flat/298664674/,592750.53,Средний,Новостройка
120303960.0,СЗАО,118.2,42.0,43.0,1.0,4.0,https://www.cian.ru/sale/flat/298665066/,1017800.0,Средний,Новостройка
12500000.0,ЮВАО,55.0,8.0,19.0,0.0,2.0,https://www.cian.ru/sale/flat/298665303/,227272.73,Средний,Вторичка
43690000.0,САО,95.0,19.0,20.0,0.0,3.0,https://www.cian.ru/sale/flat/298666298/,459894.74,Средний,Вторичка
11200000.0,ВАО,50.4,9.0,12.0,0.0,2.0,https://www.cian.ru/sale/flat/298668459/,222222.22,Средний,Вторичка
14700000.0,ЦАО,30.0,3.0,5.0,0.0,1.0,https://www.cian.ru/sale/flat/298670679/,490000.0,Средний,Вторичка
14850000.0,СВАО,62.5,6.0,9.0,0.0,4.0,https://www.cian.ru/sale/flat/298673623/,237600.0,Средний,Вторичка
18300000.0,ЮАО,64.6,11.0,12.0,0.0,3.0,https://www.cian.ru/sale/flat/298678425/,283281.73,Средний,Вторичка
15500000.0,ЮАО,62.0,2.0,9.0,0.0,4.0,https://www.cian.ru/sale/flat/298679810/,250000.0,Средний,Вторичка
20450000.0,ЮАО,43.09,3.0,20.0,1.0,1.0,https://www.cian.ru/sale/flat/298680296/,474588.07,Средний,Новостройка
26000000.0,ЦАО,81.6,4.0,17.0,0.0,3.0,https://www.cian.ru/sale/flat/298681167/,318627.45,Средний,Вторичка
18400000.0,ВАО,86.3,3.0,12.0,0.0,4.0,https://www.cian.ru/sale/flat/298681334/,213209.73,Средний,Вторичка
67000000.0,ЗАО,200.0,28.0,30.0,0.0,4.0,https://www.cian.ru/sale/flat/298684212/,335000.0,Средний,Вторичка
34000000.0,СЗАО,65.0,5.0,13.0,1.0,2.0,https://www.cian.ru/sale/flat/298696354/,523076.92,Средний,Новостройка
28000000.0,СЗАО,65.0,3.0,13.0,1.0,2.0,https://www.cian.ru/sale/flat/298696548/,430769.23,Средний,Новостройка
12400000.0,СВАО,45.0,4.0,12.0,0.0,2.0,https://www.cian.ru/sale/flat/298697084/,275555.56,Средний,Вторичка
8000000.0,ВАО,30.0,5.0,9.0,0.0,1.0,https://www.cian.ru/sale/flat/298700761/,266666.67,Средний,Вторичка
16200000.0,ЮАО,42.0,12.0,12.0,0.0,1.0,https://www.cian.ru/sale/flat/298704944/,385714.29,Последний,Вторичка
11000000.0,ЗАО,41.0,5.0,5.0,0.0,2.0,https://www.cian.ru/sale/flat/298705735/,268292.68,Последний,Вторичка
10800000.0,САО,38.1,12.0,17.0,0.0,1.0,https://www.cian.ru/sale/flat/298706698/,283464.57,Средний,Вторичка
21500000.0,ЦАО,45.5,5.0,8.0,0.0,2.0,https://www.cian.ru/sale/flat/298707597/,472527.47,Средний,Вторичка
11400000.0,ЮВАО,43.0,2.0,9.0,0.0,2.0,https://www.cian.ru/sale/flat/298709399/,265116.28,Средний,Вторичка
12500000.0,ЮВАО,57.9,18.0,22.0,0.0,2.0,https://www.cian.ru/sale/flat/298714960/,215889.46,Средний,Вторичка
182209755.0,ЦАО,165.9,9.0,18.0,0.0,4.0,https://www.cian.ru/sale/flat/298717136/,1098310.76,Средний,Вторичка
41500000.0,ЦАО,68.0,4.0,6.0,0.0,2.0,https://www.cian.ru/sale/flat/298723575/,610294.12,Средний,Вторичка
15500000.0,ВАО,52.7,6.0,12.0,0.0,2.0,https://www.cian.ru/sale/flat/298725493/,294117.65,Средний,Вторичка
15990000.0,СЗАО,43.0,5.0,9.0,0.0,2.0,https://www.cian.ru/sale/flat/298726692/,371860.47,Средний,Вторичка
18603000.0,ЮАО,47.7,3.0,9.0,0.0,2.0,https://www.cian.ru/sale/flat/298726841/,390000.0,Средний,Вторичка
93000000.0,ЗАО,117.0,9.0,39.0,0.0,3.0,https://www.cian.ru/sale/flat/298726967/,794871.79,Средний,Вторичка
12500000.0,ВАО,40.0,7.0,12.0,0.0,1.0,https://www.cian.ru/sale/flat/298728706/,312500.0,Средний,Вторичка
9100000.0,ЮВАО,33.0,4.0,9.0,0.0,1.0,https://www.cian.ru/sale/flat/298728880/,275757.58,Средний,Вторичка
450000000.0,ЦАО,270.0,11.0,13.0,0.0,4.0,https://www.cian.ru/sale/flat/298729079/,1666666.67,Средний,Вторичка
12490000.0,ЮВАО,38.0,12.0,14.0,0.0,1.0,https://www.cian.ru/sale/flat/298730339/,328684.21,Средний,Вторичка
23000000.0,ЗАО,61.9,2.0,24.0,0.0,2.0,https://www.cian.ru/sale/flat/298732812/,371567.04,Средний,Вторичка
38900000.0,ЮАО,72.49,13.0,29.0,0.0,2.0,https://www.cian.ru/sale/flat/298734321/,536625.74,Средний,Вторичка
205134182.0,ЦАО,167.1,1.0,7.0,0.0,4.0,https://www.cian.ru/sale/flat/298735125/,1227613.3,Первый,Вторичка
89900000.0,ЗАО,105.6,10.0,18.0,0.0,3.0,https://www.cian.ru/sale/flat/298735155/,851325.76,Средний,Вторичка
16000000.0,ЮЗАО,54.2,6.0,21.0,1.0,2.0,https://www.cian.ru/sale/flat/298735725/,295202.95,Средний,Новостройка
641574564.0,ЦАО,254.3,7.0,8.0,0.0,4.0,https://www.cian.ru/sale/flat/298736311/,2522904.3,Средний,Вторичка
10600000.0,САО,30.0,5.0,5.0,0.0,1.0,https://www.cian.ru/sale/flat/298743351/,353333.33,Последний,Вторичка
18800000.0,СЗАО,34.7,19.0,44.0,1.0,1.0,https://www.cian.ru/sale/flat/298745465/,541786.74,Средний,Новостройка
7000000.0,ЮВАО,21.5,23.0,25.0,1.0,1.0,https://www.cian.ru/sale/flat/298746990/,325581.4,Средний,Новостройка
39500000.0,ЮАО,70.8,2.0,6.0,0.0,3.0,https://www.cian.ru/sale/flat/298748592/,557909.6,Средний,Вторичка
8190000.0,ВАО,35.4,4.0,12.0,0.0,1.0,https://www.cian.ru/sale/flat/298749193/,231355.93,Средний,Вторичка
30600000.0,ЗАО,71.0,4.0,25.0,0.0,2.0,https://www.cian.ru/sale/flat/298749234/,430985.92,Средний,Вторичка
215000000.0,ЦАО,119.0,2.0,6.0,0.0,3.0,https://www.cian.ru/sale/flat/298749524/,1806722.69,Средний,Вторичка
15300000.0,ВАО,40.0,13.0,33.0,1.0,2.0,https://www.cian.ru/sale/flat/298751444/,382500.0,Средний,Новостройка
290000000.0,ЦАО,158.6,3.0,6.0,0.0,3.0,https://www.cian.ru/sale/flat/298752008/,1828499.37,Средний,Вторичка
29990000.0,ЗАО,72.0,4.0,31.0,0.0,3.0,https://www.cian.ru/sale/flat/298752474/,416527.78,Средний,Вторичка
28900000.0,СЗАО,65.6,12.0,36.0,0.0,2.0,https://www.cian.ru/sale/flat/298752696/,440548.78,Средний,Вторичка
14000000.0,САО,43.0,6.0,8.0,0.0,2.0,https://www.cian.ru/sale/flat/298753215/,325581.4,Средний,Вторичка
48000000.0,ЗАО,65.0,7.0,14.0,0.0,2.0,https://www.cian.ru/sale/flat/298754084/,738461.54,Средний,Вторичка
26500000.0,ЗАО,81.0,28.0,32.0,0.0,4.0,https://www.cian.ru/sale/flat/298754663/,327160.49,Средний,Вторичка
13400000.0,ЮЗАО,39.0,13.0,16.0,0.0,1.0,https://www.cian.ru/sale/flat/298755272/,343589.74,Средний,Вторичка
25000000.0,СЗАО,80.0,23.0,24.0,0.0,2.0,https://www.cian.ru/sale/flat/298758094/,312500.0,Средний,Вторичка
15500000.0,ВАО,68.1,2.0,9.0,0.0,4.0,https://www.cian.ru/sale/flat/298758515/,227606.46,Средний,Вторичка
30798000.0,ЗАО,48.0,4.0,27.0,0.0,2.0,https://www.cian.ru/sale/flat/298759023/,641625.0,Средний,Вторичка
11700000.0,ЮАО,38.4,9.0,17.0,0.0,1.0,https://www.cian.ru/sale/flat/298772084/,304687.5,Средний,Вторичка
21900000.0,ВАО,78.2,1.0,9.0,0.0,4.0,https://www.cian.ru/sale/flat/298780572/,280051.15,Первый,Вторичка
31968800.0,СВАО,71.2,3.0,37.0,1.0,2.0,https://www.cian.ru/sale/flat/298781520/,449000.0,Средний,Новостройка
30250000.0,ЮЗАО,100.5,17.0,22.0,0.0,4.0,https://www.cian.ru/sale/flat/298782318/,300995.02,Средний,Вторичка
17990000.0,ЗАО,42.8,4.0,5.0,0.0,2.0,https://www.cian.ru/sale/flat/298783896/,420327.1,Средний,Вторичка
8700000.0,ЮАО,30.0,3.0,12.0,0.0,1.0,https://www.cian.ru/sale/flat/298783952/,290000.0,Средний,Вторичка
35500000.0,ЮЗАО,86.7,23.0,42.0,0.0,4.0,https://www.cian.ru/sale/flat/298784070/,409457.9,Средний,Вторичка
175000000.0,ЦАО,136.5,14.0,16.0,0.0,4.0,https://www.cian.ru/sale/flat/298786225/,1282051.28,Средний,Вторичка
371250000.0,ЦАО,165.0,3.0,7.0,0.0,4.0,https://www.cian.ru/sale/flat/298786229/,2250000.0,Средний,Вторичка
30450000.0,ЗАО,100.0,2.0,22.0,0.0,4.0,https://www.cian.ru/sale/flat/298786251/,304500.0,Средний,Вторичка
85000000.0,ЗАО,104.0,9.0,14.0,0.0,3.0,https://www.cian.ru/sale/flat/298786403/,817307.69,Средний,Вторичка
75000000.0,ЗАО,104.0,14.0,26.0,0.0,4.0,https://www.cian.ru/sale/flat/298786938/,721153.85,Средний,Вторичка
12200000.0,САО,37.8,3.0,17.0,0.0,1.0,https://www.cian.ru/sale/flat/298787848/,322751.32,Средний,Вторичка
37000000.0,ЮАО,63.0,12.0,20.0,0.0,2.0,https://www.cian.ru/sale/flat/298792032/,587301.59,Средний,Вторичка
211680000.0,ЦАО,176.4,7.0,7.0,0.0,4.0,https://www.cian.ru/sale/flat/298795836/,1200000.0,Последний,Вторичка
37000000.0,ЮЗАО,122.4,1.0,18.0,0.0,2.0,https://www.cian.ru/sale/flat/298795838/,302287.58,Первый,Вторичка
12500000.0,ЮАО,52.5,12.0,16.0,0.0,2.0,https://www.cian.ru/sale/flat/298796724/,238095.24,Средний,Вторичка
16400000.0,ЗАО,45.0,19.0,29.0,0.0,2.0,https://www.cian.ru/sale/flat/298799627/,364444.44,Средний,Вторичка
75000000.0,ЦАО,90.0,44.0,44.0,0.0,4.0,https://www.cian.ru/sale/flat/298802516/,833333.33,Последний,Вторичка
25900000.0,СЗАО,55.0,4.0,22.0,0.0,2.0,https://www.cian.ru/sale/flat/298802938/,470909.09,Средний,Вторичка
14990000.0,ВАО,54.0,7.0,12.0,0.0,2.0,https://www.cian.ru/sale/flat/298803552/,277592.59,Средний,Вторичка
49950000.0,ЗАО,236.0,2.0,25.0,0.0,3.0,https://www.cian.ru/sale/flat/298804262/,211652.54,Средний,Вторичка
22000000.0,ВАО,52.2,10.0,23.0,0.0,2.0,https://www.cian.ru/sale/flat/298804856/,421455.94,Средний,Вторичка
77000000.0,ЦАО,98.3,2.0,8.0,0.0,3.0,https://www.cian.ru/sale/flat/298804885/,783316.38,Средний,Вторичка
99000000.0,ЦАО,90.0,16.0,20.0,0.0,4.0,https://www.cian.ru/sale/flat/298805304/,1100000.0,Средний,Вторичка
28500000.0,СВАО,78.2,2.0,16.0,0.0,3.0,https://www.cian.ru/sale/flat/298805434/,364450.13,Средний,Вторичка
55000000.0,ЗАО,121.0,7.0,17.0,1.0,4.0,https://www.cian.ru/sale/flat/298805457/,454545.45,Средний,Новостройка
17499000.0,СЗАО,42.2,17.0,24.0,1.0,1.0,https://www.cian.ru/sale/flat/298805494/,414668.25,Средний,Новостройка
54890000.0,ЦАО,60.0,3.0,16.0,0.0,2.0,https://www.cian.ru/sale/flat/298805764/,914833.33,Средний,Вторичка
22000000.0,ЗАО,100.8,19.0,22.0,0.0,4.0,https://www.cian.ru/sale/flat/298806005/,218253.97,Средний,Вторичка
8300000.0,ЮВАО,30.0,2.0,5.0,0.0,1.0,https://www.cian.ru/sale/flat/298808258/,276666.67,Средний,Вторичка
12300000.0,ЗАО,30.7,2.0,4.0,0.0,1.0,https://www.cian.ru/sale/flat/298808458/,400651.47,Средний,Вторичка
18350000.0,ВАО,77.0,3.0,5.0,0.0,3.0,https://www.cian.ru/sale/flat/298808963/,238311.69,Средний,Вторичка
8000000.0,ЗАО,20.0,12.0,16.0,0.0,1.0,https://www.cian.ru/sale/flat/298811811/,400000.0,Средний,Вторичка
26590000.0,ЮАО,78.0,2.0,7.0,0.0,4.0,https://www.cian.ru/sale/flat/298811813/,340897.44,Средний,Вторичка
29000000.0,СЗАО,62.0,27.0,28.0,0.0,2.0,https://www.cian.ru/sale/flat/298815515/,467741.94,Средний,Вторичка
14500000.0,ЮАО,47.9,2.0,9.0,0.0,2.0,https://www.cian.ru/sale/flat/298819612/,302713.99,Средний,Вторичка
20300000.0,ЮВАО,60.1,8.0,20.0,0.0,2.0,https://www.cian.ru/sale/flat/298820904/,337770.38,Средний,Вторичка
37500000.0,ЦАО,115.0,6.0,8.0,0.0,4.0,https://www.cian.ru/sale/flat/298822261/,326086.96,Средний,Вторичка
13600000.0,ВАО,64.0,4.0,9.0,0.0,4.0,https://www.cian.ru/sale/flat/298823032/,212500.0,Средний,Вторичка
12399000.0,ЮВАО,37.8,14.0,17.0,0.0,1.0,https://www.cian.ru/sale/flat/298823679/,328015.87,Средний,Вторичка
28800000.0,СЗАО,64.0,17.0,44.0,1.0,3.0,https://www.cian.ru/sale/flat/298824506/,450000.0,Средний,Новостройка
70000000.0,ЦАО,124.0,9.0,18.0,0.0,3.0,https://www.cian.ru/sale/flat/298824528/,564516.13,Средний,Вторичка
160000000.0,ЗАО,180.0,2.0,9.0,0.0,4.0,https://www.cian.ru/sale/flat/298825074/,888888.89,Средний,Вторичка
175000000.0,ЦАО,146.0,10.0,14.0,0.0,3.0,https://www.cian.ru/sale/flat/298825149/,1198630.14,Средний,Вторичка
13500000.0,ЮВАО,55.0,5.0,9.0,0.0,2.0,https://www.cian.ru/sale/flat/298825949/,245454.55,Средний,Вторичка
14500000.0,ЮВАО,30.0,10.0,27.0,0.0,1.0,https://www.cian.ru/sale/flat/298826127/,483333.33,Средний,Вторичка
120000000.0,САО,213.8,19.0,57.0,0.0,4.0,https://www.cian.ru/sale/flat/298826487/,561272.22,Средний,Вторичка
34511400.0,СВАО,74.7,16.0,37.0,1.0,2.0,https://www.cian.ru/sale/flat/298828156/,462000.0,Средний,Новостройка
32810400.0,СВАО,75.6,2.0,37.0,1.0,2.0,https://www.cian.ru/sale/flat/298828169/,434000.0,Средний,Новостройка
32587200.0,СВАО,74.4,4.0,37.0,1.0,2.0,https://www.cian.ru/sale/flat/298828171/,438000.0,Средний,Новостройка
32929000.0,СВАО,74.5,6.0,37.0,1.0,2.0,https://www.cian.ru/sale/flat/298828174/,442000.0,Средний,Новостройка
34025200.0,СВАО,70.3,10.0,32.0,1.0,2.0,https://www.cian.ru/sale/flat/298828189/,484000.0,Средний,Новостройка
34398000.0,СВАО,75.6,11.0,32.0,1.0,2.0,https://www.cian.ru/sale/flat/298828193/,455000.0,Средний,Новостройка
32563200.0,СВАО,76.8,2.0,32.0,1.0,2.0,https://www.cian.ru/sale/flat/298828200/,424000.0,Средний,Новостройка
35189400.0,СВАО,78.9,3.0,32.0,1.0,2.0,https://www.cian.ru/sale/flat/298828204/,446000.0,Средний,Новостройка
35059500.0,СВАО,79.5,2.0,32.0,1.0,2.0,https://www.cian.ru/sale/flat/298828208/,441000.0,Средний,Новостройка
35907200.0,СВАО,78.4,9.0,32.0,1.0,2.0,https://www.cian.ru/sale/flat/298828231/,458000.0,Средний,Новостройка
37352000.0,СВАО,81.2,11.0,32.0,1.0,2.0,https://www.cian.ru/sale/flat/298828235/,460000.0,Средний,Новостройка
39655200.0,СВАО,80.6,27.0,32.0,1.0,2.0,https://www.cian.ru/sale/flat/298828249/,492000.0,Средний,Новостройка
11500000.0,ЮАО,45.0,2.0,12.0,0.0,2.0,https://www.cian.ru/sale/flat/298829548/,255555.56,Средний,Вторичка
44902000.0,ЗАО,81.0,6.0,14.0,0.0,3.0,https://www.cian.ru/sale/flat/298830282/,554345.68,Средний,Вторичка
19500000.0,ЮВАО,80.6,5.0,14.0,0.0,3.0,https://www.cian.ru/sale/flat/298830650/,241935.48,Средний,Вторичка
18000000.0,СЗАО,37.0,20.0,32.0,0.0,1.0,https://www.cian.ru/sale/flat/298830651/,486486.49,Средний,Вторичка
33500000.0,САО,63.0,2.0,12.0,0.0,2.0,https://www.cian.ru/sale/flat/298833137/,531746.03,Средний,Вторичка
50000000.0,СЗАО,83.5,28.0,44.0,0.0,3.0,https://www.cian.ru/sale/flat/298834128/,598802.4,Средний,Вторичка
11400000.0,ЮВАО,52.9,12.0,12.0,0.0,2.0,https://www.cian.ru/sale/flat/298835538/,215500.95,Последний,Вторичка
29300000.0,САО,111.2,16.0,19.0,0.0,4.0,https://www.cian.ru/sale/flat/298835941/,263489.21,Средний,Вторичка
17699000.0,СЗАО,77.6,19.0,20.0,1.0,3.0,https://www.cian.ru/sale/flat/298837021/,228079.9,Средний,Новостройка
18500000.0,СЗАО,41.0,12.0,28.0,0.0,1.0,https://www.cian.ru/sale/flat/298839224/,451219.51,Средний,Вторичка
25910000.0,СВАО,42.7,9.0,11.0,0.0,2.0,https://www.cian.ru/sale/flat/298839555/,606791.57,Средний,Вторичка
20000000.0,СЗАО,37.6,20.0,25.0,1.0,1.0,https://www.cian.ru/sale/flat/298839620/,531914.89,Средний,Новостройка
16999000.0,СВАО,38.0,5.0,11.0,0.0,1.0,https://www.cian.ru/sale/flat/298839861/,447342.11,Средний,Вторичка
55000000.0,ЦАО,41.0,7.0,21.0,0.0,2.0,https://www.cian.ru/sale/flat/298842309/,1341463.41,Средний,Вторичка
54000000.0,ЦАО,41.0,6.0,21.0,0.0,2.0,https://www.cian.ru/sale/flat/298842311/,1317073.17,Средний,Вторичка
150760000.0,ЦАО,140.9,16.0,20.0,0.0,4.0,https://www.cian.ru/sale/flat/298843473/,1069978.71,Средний,Вторичка
330000000.0,ЦАО,188.7,3.0,7.0,0.0,4.0,https://www.cian.ru/sale/flat/298844162/,1748807.63,Средний,Вторичка
112000000.0,ЗАО,152.4,40.0,53.0,0.0,4.0,https://www.cian.ru/sale/flat/298844325/,734908.14,Средний,Вторичка
165000000.0,ЦАО,164.0,5.0,20.0,0.0,4.0,https://www.cian.ru/sale/flat/298844331/,1006097.56,Средний,Вторичка
21000000.0,СВАО,66.5,4.0,9.0,0.0,3.0,https://www.cian.ru/sale/flat/298845375/,315789.47,Средний,Вторичка
8149000.0,ВАО,32.9,6.0,9.0,0.0,1.0,https://www.cian.ru/sale/flat/298846753/,247689.97,Средний,Вторичка
8000000.0,ЮВАО,30.1,7.0,9.0,0.0,1.0,https://www.cian.ru/sale/flat/298847221/,265780.73,Средний,Вторичка
10500000.0,ВАО,44.0,8.0,9.0,0.0,2.0,https://www.cian.ru/sale/flat/298847321/,238636.36,Средний,Вторичка
420000000.0,ЦАО,206.6,1.0,10.0,0.0,4.0,https://www.cian.ru/sale/flat/298847431/,2032913.84,Первый,Вторичка
71000000.0,САО,95.0,20.0,21.0,0.0,3.0,https://www.cian.ru/sale/flat/298851611/,747368.42,Средний,Вторичка
62290000.0,ЦАО,80.1,7.0,9.0,0.0,3.0,https://www.cian.ru/sale/flat/298863230/,777652.93,Средний,Вторичка
56095999.0,ЮЗАО,180.0,6.0,10.0,0.0,4.0,https://www.cian.ru/sale/flat/298865617/,311644.44,Средний,Вторичка
8590000.0,СЗАО,29.6,1.0,5.0,0.0,1.0,https://www.cian.ru/sale/flat/298868538/,290202.7,Первый,Вторичка
196225890.0,САО,177.1,32.0,37.0,0.0,4.0,https://www.cian.ru/sale/flat/298870082/,1107994.86,Средний,Вторичка
25000000.0,ВАО,80.0,19.0,24.0,0.0,3.0,https://www.cian.ru/sale/flat/298871161/,312500.0,Средний,Вторичка
8300000.0,ВАО,30.3,5.0,5.0,0.0,1.0,https://www.cian.ru/sale/flat/298872925/,273927.39,Последний,Вторичка
10800000.0,ЮАО,33.0,2.0,9.0,0.0,1.0,https://www.cian.ru/sale/flat/298873227/,327272.73,Средний,Вторичка
26000000.0,ЦАО,64.4,8.0,8.0,0.0,2.0,https://www.cian.ru/sale/flat/298874180/,403726.71,Последний,Вторичка
185000000.0,САО,146.9,8.0,24.0,0.0,4.0,https://www.cian.ru/sale/flat/298874653/,1259360.11,Средний,Вторичка
36500000.0,ЗАО,66.0,29.0,35.0,0.0,2.0,https://www.cian.ru/sale/flat/298874919/,553030.3,Средний,Вторичка
491725838.0,ЦАО,175.0,9.0,11.0,0.0,3.0,https://www.cian.ru/sale/flat/298876198/,2809861.93,Средний,Вторичка
93000000.0,ЗАО,216.0,15.0,44.0,0.0,4.0,https://www.cian.ru/sale/flat/298876471/,430555.56,Средний,Вторичка
14900000.0,ЮАО,40.2,24.0,25.0,0.0,1.0,https://www.cian.ru/sale/flat/298878638/,370646.77,Средний,Вторичка
20300000.0,ЮАО,64.7,14.0,16.0,0.0,3.0,https://www.cian.ru/sale/flat/298879818/,313755.8,Средний,Вторичка
25400000.0,СВАО,87.6,1.0,11.0,0.0,3.0,https://www.cian.ru/sale/flat/298879854/,289954.34,Первый,Вторичка
31900000.0,ЦАО,60.0,5.0,5.0,0.0,3.0,https://www.cian.ru/sale/flat/298880124/,531666.67,Последний,Вторичка
36800000.0,СЗАО,70.0,20.0,33.0,0.0,2.0,https://www.cian.ru/sale/flat/298882407/,525714.29,Средний,Вторичка
9215000.0,ЮВАО,36.5,9.0,9.0,0.0,1.0,https://www.cian.ru/sale/flat/298882717/,252465.75,Последний,Вторичка
17211750.0,ЮАО,79.5,5.0,45.0,0.0,2.0,https://www.cian.ru/sale/flat/298882868/,216500.0,Средний,Вторичка
14000000.0,СЗАО,58.2,7.0,9.0,0.0,3.0,https://www.cian.ru/sale/flat/298883796/,240549.83,Средний,Вторичка
29600000.0,СЗАО,65.1,23.0,41.0,1.0,2.0,https://www.cian.ru/sale/flat/298883973/,454685.1,Средний,Новостройка
59900000.0,ЗАО,138.9,2.0,22.0,0.0,4.0,https://www.cian.ru/sale/flat/298887700/,431245.5,Средний,Вторичка
46280000.0,ЗАО,75.0,10.0,14.0,1.0,2.0,https://www.cian.ru/sale/flat/298893326/,617066.67,Средний,Новостройка
49000000.0,ЗАО,77.4,12.0,14.0,1.0,2.0,https://www.cian.ru/sale/flat/298893334/,633074.94,Средний,Новостройка
135790000.0,ЗАО,172.9,14.0,14.0,1.0,3.0,https://www.cian.ru/sale/flat/298893338/,785367.26,Последний,Новостройка
136120000.0,ЗАО,177.9,14.0,14.0,1.0,3.0,https://www.cian.ru/sale/flat/298893339/,765148.96,Последний,Новостройка
7990000.0,ЮЗАО,38.2,12.0,16.0,0.0,1.0,https://www.cian.ru/sale/flat/298901375/,209162.3,Средний,Вторичка
19500000.0,ЮВАО,84.0,7.0,8.0,0.0,4.0,https://www.cian.ru/sale/flat/298902914/,232142.86,Средний,Вторичка
24700000.0,СВАО,94.7,6.0,24.0,0.0,4.0,https://www.cian.ru/sale/flat/298903130/,260823.65,Средний,Вторичка
110000000.0,ЦАО,156.5,6.0,9.0,0.0,4.0,https://www.cian.ru/sale/flat/298903586/,702875.4,Средний,Вторичка
23997000.0,ЮЗАО,58.0,7.0,8.0,0.0,2.0,https://www.cian.ru/sale/flat/298905490/,413741.38,Средний,Вторичка
16500000.0,ЮАО,58.7,4.0,22.0,0.0,2.0,https://www.cian.ru/sale/flat/298905862/,281090.29,Средний,Вторичка
12600000.0,САО,44.8,3.0,9.0,0.0,2.0,https://www.cian.ru/sale/flat/298906413/,281250.0,Средний,Вторичка
51000000.0,ЦАО,105.3,4.0,5.0,0.0,2.0,https://www.cian.ru/sale/flat/298908021/,484330.48,Средний,Вторичка
215000000.0,ЦАО,130.0,4.0,4.0,0.0,3.0,https://www.cian.ru/sale/flat/298909594/,1653846.15,Последний,Вторичка
13900000.0,ЮЗАО,44.5,2.0,9.0,0.0,2.0,https://www.cian.ru/sale/flat/298911954/,312359.55,Средний,Вторичка
45000000.0,ЮВАО,95.0,7.0,22.0,1.0,3.0,https://www.cian.ru/sale/flat/298915276/,473684.21,Средний,Новостройка
45000000.0,ЮВАО,95.0,7.0,22.0,0.0,3.0,https://www.cian.ru/sale/flat/298915380/,473684.21,Средний,Вторичка
11275000.0,ВАО,41.0,2.0,24.0,1.0,1.0,https://www.cian.ru/sale/flat/298917322/,275000.0,Средний,Новостройка
33000000.0,ЮВАО,61.5,9.0,14.0,1.0,2.0,https://www.cian.ru/sale/flat/298918046/,536585.37,Средний,Новостройка
12500000.0,СЗАО,35.0,7.0,9.0,0.0,1.0,https://www.cian.ru/sale/flat/298918712/,357142.86,Средний,Вторичка
87200000.0,ЗАО,141.1,2.0,12.0,1.0,3.0,https://www.cian.ru/sale/flat/298921564/,618001.42,Средний,Новостройка
33000000.0,СЗАО,72.2,4.0,44.0,0.0,3.0,https://www.cian.ru/sale/flat/298921999/,457063.71,Средний,Вторичка
13999999.0,ВАО,48.0,20.0,22.0,0.0,2.0,https://www.cian.ru/sale/flat/298922909/,291666.65,Средний,Вторичка
54000000.0,ЦАО,54.0,4.0,21.0,0.0,1.0,https://www.cian.ru/sale/flat/298922993/,1000000.0,Средний,Вторичка
15290000.0,ВАО,45.0,6.0,12.0,0.0,2.0,https://www.cian.ru/sale/flat/298925476/,339777.78,Средний,Вторичка
17500000.0,САО,52.3,6.0,17.0,0.0,2.0,https://www.cian.ru/sale/flat/298925810/,334608.03,Средний,Вторичка
13990000.0,ЮАО,39.0,12.0,16.0,0.0,1.0,https://www.cian.ru/sale/flat/298934809/,358717.95,Средний,Вторичка
33300000.0,ЮЗАО,102.0,21.0,22.0,0.0,4.0,https://www.cian.ru/sale/flat/298934924/,326470.59,Средний,Вторичка
29900000.0,ЮЗАО,72.7,11.0,14.0,0.0,2.0,https://www.cian.ru/sale/flat/298935091/,411279.23,Средний,Вторичка
109000000.0,ЦАО,135.2,2.0,6.0,0.0,4.0,https://www.cian.ru/sale/flat/298940472/,806213.02,Средний,Вторичка
15680000.0,ЮАО,46.1,8.0,9.0,0.0,2.0,https://www.cian.ru/sale/flat/298942262/,340130.15,Средний,Вторичка
21800000.0,САО,58.4,2.0,23.0,0.0,2.0,https://www.cian.ru/sale/flat/298943436/,373287.67,Средний,Вторичка
24500000.0,ЦАО,65.0,4.0,4.0,0.0,3.0,https://www.cian.ru/sale/flat/298943876/,376923.08,Последний,Вторичка
38500000.0,ЗАО,68.7,3.0,14.0,0.0,3.0,https://www.cian.ru/sale/flat/298946861/,560407.57,Средний,Вторичка
12990000.0,САО,42.3,3.0,9.0,0.0,2.0,https://www.cian.ru/sale/flat/298954295/,307092.2,Средний,Вторичка
23300000.0,ЗАО,90.0,13.0,19.0,0.0,4.0,https://www.cian.ru/sale/flat/298955932/,258888.89,Средний,Вторичка
67500000.0,ЦАО,88.0,2.0,5.0,0.0,3.0,https://www.cian.ru/sale/flat/298956116/,767045.45,Средний,Вторичка
9200000.0,ВАО,36.3,12.0,12.0,0.0,1.0,https://www.cian.ru/sale/flat/298956219/,253443.53,Последний,Вторичка
218000000.0,ЦАО,163.0,3.0,7.0,0.0,3.0,https://www.cian.ru/sale/flat/298963566/,1337423.31,Средний,Вторичка
14200000.0,ВАО,40.0,3.0,12.0,0.0,1.0,https://www.cian.ru/sale/flat/298965296/,355000.0,Средний,Вторичка
25000000.0,ЮВАО,64.2,5.0,10.0,0.0,2.0,https://www.cian.ru/sale/flat/298968849/,389408.1,Средний,Вторичка
7500000.0,ЮВАО,79.1,5.0,5.0,0.0,3.0,https://www.cian.ru/sale/flat/298969111/,94816.69,Последний,Вторичка
43000000.0,ЗАО,98.0,6.0,25.0,0.0,4.0,https://www.cian.ru/sale/flat/298970418/,438775.51,Средний,Вторичка
40000000.0,ЗАО,69.0,7.0,14.0,0.0,2.0,https://www.cian.ru/sale/flat/298973366/,579710.14,Средний,Вторичка
61000000.0,СЗАО,96.0,14.0,36.0,0.0,3.0,https://www.cian.ru/sale/flat/298973372/,635416.67,Средний,Вторичка
52000000.0,СЗАО,83.5,25.0,44.0,0.0,3.0,https://www.cian.ru/sale/flat/298973379/,622754.49,Средний,Вторичка
55000000.0,ЦАО,74.4,5.0,12.0,0.0,3.0,https://www.cian.ru/sale/flat/298976152/,739247.31,Средний,Вторичка
14900000.0,ЮЗАО,55.3,4.0,5.0,0.0,3.0,https://www.cian.ru/sale/flat/298976988/,269439.42,Средний,Вторичка
41900000.0,ЦАО,85.0,16.0,16.0,0.0,3.0,https://www.cian.ru/sale/flat/298977068/,492941.18,Последний,Вторичка
49100000.0,ЦАО,55.7,4.0,21.0,0.0,2.0,https://www.cian.ru/sale/flat/298977332/,881508.08,Средний,Вторичка
8300000.0,ВАО,30.4,1.0,5.0,0.0,1.0,https://www.cian.ru/sale/flat/298978405/,273026.32,Первый,Вторичка
77112000.0,ЮЗАО,123.3,16.0,18.0,0.0,2.0,https://www.cian.ru/sale/flat/298978845/,625401.46,Средний,Вторичка
79990000.0,ЗАО,108.0,30.0,34.0,0.0,3.0,https://www.cian.ru/sale/flat/298979087/,740648.15,Средний,Вторичка
29950000.0,САО,54.0,9.0,30.0,0.0,2.0,https://www.cian.ru/sale/flat/298979328/,554629.63,Средний,Вторичка
84990000.0,САО,91.0,6.0,41.0,0.0,4.0,https://www.cian.ru/sale/flat/298980804/,933956.04,Средний,Вторичка
10100000.0,ЮЗАО,38.3,3.0,14.0,0.0,1.0,https://www.cian.ru/sale/flat/298981209/,263707.57,Средний,Вторичка
38000000.0,САО,120.0,16.0,34.0,0.0,4.0,https://www.cian.ru/sale/flat/298984673/,316666.67,Средний,Вторичка
35273186.0,ЮВАО,83.0,6.0,30.0,0.0,4.0,https://www.cian.ru/sale/flat/298984715/,424978.14,Средний,Вторичка
32661696.0,ЮВАО,93.8,26.0,30.0,0.0,4.0,https://www.cian.ru/sale/flat/298984716/,348205.71,Средний,Вторичка
35900000.0,ЗАО,64.0,20.0,31.0,0.0,3.0,https://www.cian.ru/sale/flat/298985344/,560937.5,Средний,Вторичка
75000000.0,ЦАО,112.7,8.0,16.0,0.0,4.0,https://www.cian.ru/sale/flat/298985541/,665483.58,Средний,Вторичка
37990000.0,ЗАО,78.0,40.0,52.0,0.0,3.0,https://www.cian.ru/sale/flat/298985935/,487051.28,Средний,Вторичка
24700000.0,ВАО,95.7,4.0,17.0,0.0,4.0,https://www.cian.ru/sale/flat/298986140/,258098.22,Средний,Вторичка
72060705.0,СЗАО,86.7,39.0,43.0,1.0,3.0,https://www.cian.ru/sale/flat/298987908/,831150.0,Средний,Новостройка
25500000.0,ВАО,97.0,7.0,10.0,0.0,4.0,https://www.cian.ru/sale/flat/298988029/,262886.6,Средний,Вторичка
27000000.0,СЗАО,53.9,23.0,23.0,1.0,2.0,https://www.cian.ru/sale/flat/298988781/,500927.64,Последний,Новостройка
78890000.0,ЦАО,140.0,4.0,5.0,0.0,4.0,https://www.cian.ru/sale/flat/298988937/,563500.0,Средний,Вторичка
12980000.0,ЗАО,46.9,2.0,14.0,0.0,2.0,https://www.cian.ru/sale/flat/298991084/,276759.06,Средний,Вторичка
7600000.0,ЮЗАО,37.7,2.0,14.0,0.0,1.0,https://www.cian.ru/sale/flat/298991889/,201591.51,Средний,Вторичка
110000000.0,ЮЗАО,207.0,6.0,16.0,0.0,4.0,https://www.cian.ru/sale/flat/298993032/,531400.97,Средний,Вторичка
33000000.0,ЗАО,90.0,9.0,18.0,0.0,4.0,https://www.cian.ru/sale/flat/298993791/,366666.67,Средний,Вторичка
18200000.0,ЮАО,35.6,11.0,15.0,0.0,1.0,https://www.cian.ru/sale/flat/299000581/,511235.96,Средний,Вторичка
20700000.0,ЮАО,34.5,3.0,8.0,0.0,1.0,https://www.cian.ru/sale/flat/299002987/,600000.0,Средний,Вторичка
29000000.0,САО,40.1,2.0,40.0,0.0,1.0,https://www.cian.ru/sale/flat/299005437/,723192.02,Средний,Вторичка
17000000.0,ЮВАО,35.0,24.0,26.0,1.0,1.0,https://www.cian.ru/sale/flat/299007541/,485714.29,Средний,Новостройка
46500000.0,СЗАО,96.0,2.0,46.0,0.0,3.0,https://www.cian.ru/sale/flat/299011495/,484375.0,Средний,Вторичка
57500000.0,ЮАО,115.0,9.0,10.0,0.0,4.0,https://www.cian.ru/sale/flat/299012448/,500000.0,Средний,Вторичка
33000000.0,ЮАО,65.0,6.0,15.0,0.0,2.0,https://www.cian.ru/sale/flat/299012452/,507692.31,Средний,Вторичка
8100000.0,ЮАО,32.7,7.0,9.0,0.0,1.0,https://www.cian.ru/sale/flat/299017677/,247706.42,Средний,Вторичка
19950000.0,ЗАО,99.3,20.0,22.0,0.0,4.0,https://www.cian.ru/sale/flat/299017679/,200906.34,Средний,Вторичка
11500000.0,СВАО,38.1,2.0,9.0,0.0,2.0,https://www.cian.ru/sale/flat/299019640/,301837.27,Средний,Вторичка
32000000.0,ЦАО,43.4,12.0,15.0,0.0,2.0,https://www.cian.ru/sale/flat/299020420/,737327.19,Средний,Вторичка
29500000.0,ЮВАО,82.0,28.0,30.0,0.0,4.0,https://www.cian.ru/sale/flat/299020514/,359756.1,Средний,Вторичка
10800000.0,ВАО,37.2,9.0,12.0,0.0,2.0,https://www.cian.ru/sale/flat/299021060/,290322.58,Средний,Вторичка
12700000.0,ЮЗАО,53.3,4.0,12.0,0.0,2.0,https://www.cian.ru/sale/flat/299021229/,238273.92,Средний,Вторичка
39230730.0,СЗАО,66.6,38.0,43.0,1.0,3.0,https://www.cian.ru/sale/flat/299021632/,589050.0,Средний,Новостройка
63800000.0,ЦАО,92.0,2.0,8.0,0.0,3.0,https://www.cian.ru/sale/flat/299023289/,693478.26,Средний,Вторичка
50000000.0,ЗАО,112.0,9.0,22.0,0.0,3.0,https://www.cian.ru/sale/flat/299024391/,446428.57,Средний,Вторичка
65000000.0,ЦАО,75.0,7.0,13.0,0.0,3.0,https://www.cian.ru/sale/flat/299025951/,866666.67,Средний,Вторичка
9290000.0,САО,32.9,7.0,12.0,0.0,1.0,https://www.cian.ru/sale/flat/299026219/,282370.82,Средний,Вторичка
28000000.0,ЗАО,68.8,32.0,33.0,0.0,2.0,https://www.cian.ru/sale/flat/299027332/,406976.74,Средний,Вторичка
11000000.0,ЮАО,37.0,7.0,16.0,0.0,1.0,https://www.cian.ru/sale/flat/299027336/,297297.3,Средний,Вторичка
15999990.0,САО,58.2,13.0,16.0,0.0,2.0,https://www.cian.ru/sale/flat/299027484/,274913.92,Средний,Вторичка
42700000.0,САО,118.0,2.0,18.0,0.0,4.0,https://www.cian.ru/sale/flat/299027780/,361864.41,Средний,Вторичка
21100000.0,ЮЗАО,93.7,4.0,12.0,0.0,4.0,https://www.cian.ru/sale/flat/299028359/,225186.77,Средний,Вторичка
31500000.0,СЗАО,77.0,36.0,36.0,0.0,4.0,https://www.cian.ru/sale/flat/299028984/,409090.91,Последний,Вторичка
43800000.0,САО,64.0,15.0,15.0,0.0,2.0,https://www.cian.ru/sale/flat/299030814/,684375.0,Последний,Вторичка
28900000.0,СЗАО,92.6,2.0,17.0,0.0,3.0,https://www.cian.ru/sale/flat/299030863/,312095.03,Средний,Вторичка
11100000.0,ЗАО,34.0,1.0,5.0,0.0,1.0,https://www.cian.ru/sale/flat/299032300/,326470.59,Первый,Вторичка
27900000.0,ЮЗАО,93.0,3.0,8.0,0.0,3.0,https://www.cian.ru/sale/flat/299032781/,300000.0,Средний,Вторичка
11700000.0,ЮАО,39.4,4.0,12.0,0.0,2.0,https://www.cian.ru/sale/flat/299033803/,296954.31,Средний,Вторичка
20450000.0,ВАО,76.1,4.0,14.0,0.0,2.0,https://www.cian.ru/sale/flat/299034172/,268725.36,Средний,Вторичка
180000000.0,ЦАО,196.0,11.0,16.0,0.0,4.0,https://www.cian.ru/sale/flat/299036391/,918367.35,Средний,Вторичка
34500000.0,ЮАО,102.0,12.0,17.0,0.0,4.0,https://www.cian.ru/sale/flat/299038281/,338235.29,Средний,Вторичка
11300000.0,ВАО,46.4,7.0,12.0,0.0,2.0,https://www.cian.ru/sale/flat/299048958/,243534.48,Средний,Вторичка
36000000.0,ЗАО,69.0,3.0,14.0,0.0,3.0,https://www.cian.ru/sale/flat/299050567/,521739.13,Средний,Вторичка
54000000.0,ЗАО,140.0,7.0,21.0,0.0,4.0,https://www.cian.ru/sale/flat/299051337/,385714.29,Средний,Вторичка
26500000.0,ЮВАО,110.3,8.0,17.0,0.0,4.0,https://www.cian.ru/sale/flat/299052899/,240253.85,Средний,Вторичка
120000000.0,ЦАО,104.0,3.0,4.0,0.0,3.0,https://www.cian.ru/sale/flat/299052958/,1153846.15,Средний,Вторичка
128600000.0,ЦАО,128.6,7.0,8.0,1.0,3.0,https://www.cian.ru/sale/flat/299053644/,1000000.0,Средний,Новостройка
145000000.0,ЦАО,146.0,6.0,17.0,0.0,4.0,https://www.cian.ru/sale/flat/299054017/,993150.68,Средний,Вторичка
52000000.0,ЦАО,50.8,3.0,21.0,0.0,1.0,https://www.cian.ru/sale/flat/299054058/,1023622.05,Средний,Вторичка
22761335.0,СЗАО,43.07,24.0,25.0,1.0,1.0,https://www.cian.ru/sale/flat/299055563/,528473.07,Средний,Новостройка
15500000.0,ЦАО,33.6,2.0,9.0,0.0,1.0,https://www.cian.ru/sale/flat/299055856/,461309.52,Средний,Вторичка
7750000.0,ЮЗАО,34.0,3.0,5.0,0.0,1.0,https://www.cian.ru/sale/flat/299057343/,227941.18,Средний,Вторичка
105000000.0,ЗАО,200.0,11.0,21.0,0.0,4.0,https://www.cian.ru/sale/flat/299057601/,525000.0,Средний,Вторичка
49500000.0,ЗАО,103.1,12.0,28.0,0.0,3.0,https://www.cian.ru/sale/flat/299059095/,480116.39,Средний,Вторичка
46899000.0,ЗАО,73.0,3.0,12.0,0.0,3.0,https://www.cian.ru/sale/flat/299059642/,642452.05,Средний,Вторичка
42500000.0,ЗАО,77.0,9.0,14.0,0.0,2.0,https://www.cian.ru/sale/flat/299059831/,551948.05,Средний,Вторичка
90000000.0,ЦАО,122.0,5.0,5.0,0.0,3.0,https://www.cian.ru/sale/flat/299060713/,737704.92,Последний,Вторичка
35999999.0,ЦАО,69.1,5.0,11.0,0.0,2.0,https://www.cian.ru/sale/flat/299060776/,520984.07,Средний,Вторичка
725300000.0,ЦАО,366.8,4.0,7.0,0.0,4.0,https://www.cian.ru/sale/flat/299060923/,1977371.86,Средний,Вторичка
49000000.0,ЗАО,123.3,11.0,24.0,0.0,2.0,https://www.cian.ru/sale/flat/299061784/,397404.7,Средний,Вторичка
83000000.0,ЗАО,218.0,37.0,37.0,0.0,4.0,https://www.cian.ru/sale/flat/299061815/,380733.94,Последний,Вторичка
30000000.0,САО,57.0,15.0,59.0,0.0,2.0,https://www.cian.ru/sale/flat/299061868/,526315.79,Средний,Вторичка
20000000.0,ЗАО,64.0,5.0,9.0,0.0,4.0,https://www.cian.ru/sale/flat/299062643/,312500.0,Средний,Вторичка
86000000.0,ЮЗАО,174.6,5.0,5.0,0.0,3.0,https://www.cian.ru/sale/flat/299063762/,492554.41,Последний,Вторичка
16000000.0,ЮВАО,45.2,3.0,30.0,0.0,1.0,https://www.cian.ru/sale/flat/299063844/,353982.3,Средний,Вторичка
15180000.0,СЗАО,29.2,8.0,16.0,1.0,1.0,https://www.cian.ru/sale/flat/299064211/,519863.01,Средний,Новостройка
21871263.0,СЗАО,39.73,39.0,52.0,1.0,1.0,https://www.cian.ru/sale/flat/299067043/,550497.43,Средний,Новостройка
29663214.0,СЗАО,60.62,46.0,52.0,1.0,2.0,https://www.cian.ru/sale/flat/299067050/,489330.48,Средний,Новостройка
31895498.0,СЗАО,80.59,2.0,52.0,1.0,3.0,https://www.cian.ru/sale/flat/299067053/,395774.89,Средний,Новостройка
33804798.0,СЗАО,70.58,43.0,52.0,1.0,2.0,https://www.cian.ru/sale/flat/299067078/,478957.18,Средний,Новостройка
37902598.0,СЗАО,76.09,51.0,52.0,1.0,3.0,https://www.cian.ru/sale/flat/299067084/,498128.51,Средний,Новостройка
35627582.0,СЗАО,91.0,2.0,20.0,1.0,3.0,https://www.cian.ru/sale/flat/299067088/,391511.89,Средний,Новостройка
52679547.0,СЗАО,111.6,11.0,20.0,1.0,4.0,https://www.cian.ru/sale/flat/299067135/,472038.95,Средний,Новостройка
19500000.0,СВАО,50.0,18.0,27.0,0.0,2.0,https://www.cian.ru/sale/flat/299068142/,390000.0,Средний,Вторичка
27500000.0,ЗАО,72.0,7.0,25.0,0.0,2.0,https://www.cian.ru/sale/flat/299068349/,381944.44,Средний,Вторичка
26480000.0,ЮАО,71.1,4.0,15.0,0.0,2.0,https://www.cian.ru/sale/flat/299068746/,372433.19,Средний,Вторичка
5690000.0,ЮВАО,13.2,1.0,12.0,0.0,1.0,https://www.cian.ru/sale/flat/299069460/,431060.61,Первый,Вторичка
14800000.0,ЮАО,44.4,1.0,5.0,0.0,2.0,https://www.cian.ru/sale/flat/299070039/,333333.33,Первый,Вторичка
90478440.0,ЦАО,74.8,4.0,10.0,0.0,3.0,https://www.cian.ru/sale/flat/299070307/,1209604.81,Средний,Вторичка
12950000.0,ЮАО,46.2,4.0,12.0,0.0,2.0,https://www.cian.ru/sale/flat/299070675/,280303.03,Средний,Вторичка
240000000.0,ЦАО,172.0,6.0,9.0,0.0,4.0,https://www.cian.ru/sale/flat/299070805/,1395348.84,Средний,Вторичка
34200000.0,ВАО,84.5,7.0,12.0,0.0,3.0,https://www.cian.ru/sale/flat/299071763/,404733.73,Средний,Вторичка
15650000.0,ЮВАО,64.0,7.0,9.0,0.0,3.0,https://www.cian.ru/sale/flat/299072474/,244531.25,Средний,Вторичка
16700000.0,ЮВАО,64.0,11.0,17.0,0.0,2.0,https://www.cian.ru/sale/flat/299076373/,260937.5,Средний,Вторичка
44500000.0,ЮЗАО,81.0,20.0,40.0,0.0,3.0,https://www.cian.ru/sale/flat/299078813/,549382.72,Средний,Вторичка
10100000.0,ЮВАО,38.0,1.0,9.0,0.0,2.0,https://www.cian.ru/sale/flat/299078839/,265789.47,Первый,Вторичка
8050000.0,ВАО,32.5,7.0,9.0,0.0,1.0,https://www.cian.ru/sale/flat/299080209/,247692.31,Средний,Вторичка
32000000.0,ЮЗАО,108.0,2.0,10.0,0.0,4.0,https://www.cian.ru/sale/flat/299087875/,296296.3,Средний,Вторичка
32500000.0,ЗАО,57.0,6.0,23.0,0.0,2.0,https://www.cian.ru/sale/flat/299091687/,570175.44,Средний,Вторичка
20700000.0,ЮВАО,48.0,13.0,23.0,0.0,2.0,https://www.cian.ru/sale/flat/299093186/,431250.0,Средний,Вторичка
41186555.0,ЮАО,81.37,13.0,18.0,1.0,3.0,https://www.cian.ru/sale/flat/299093535/,506163.88,Средний,Новостройка
34785711.0,ЮАО,66.5,11.0,46.0,1.0,2.0,https://www.cian.ru/sale/flat/299093537/,523093.4,Средний,Новостройка
64061073.0,ЮАО,114.43,34.0,46.0,1.0,3.0,https://www.cian.ru/sale/flat/299093541/,559827.61,Средний,Новостройка
34073243.0,ЮАО,66.03,8.0,46.0,1.0,2.0,https://www.cian.ru/sale/flat/299093542/,516026.7,Средний,Новостройка
104554824.0,ЮАО,144.31,46.0,46.0,1.0,3.0,https://www.cian.ru/sale/flat/299093548/,724515.45,Последний,Новостройка
101894074.0,ЮАО,142.04,46.0,46.0,1.0,4.0,https://www.cian.ru/sale/flat/299093554/,717361.83,Последний,Новостройка
70090220.0,ЮАО,137.52,27.0,46.0,1.0,4.0,https://www.cian.ru/sale/flat/299093555/,509672.92,Средний,Новостройка
34100453.0,ЮАО,66.0,8.0,46.0,1.0,2.0,https://www.cian.ru/sale/flat/299093558/,516673.53,Средний,Новостройка
56572045.0,ЮАО,100.24,28.0,28.0,1.0,4.0,https://www.cian.ru/sale/flat/299093562/,564365.97,Последний,Новостройка
55620985.0,ЮАО,99.43,25.0,28.0,1.0,4.0,https://www.cian.ru/sale/flat/299093565/,559398.42,Средний,Новостройка
11800000.0,СЗАО,39.9,4.0,4.0,0.0,1.0,https://www.cian.ru/sale/flat/299093726/,295739.35,Последний,Вторичка
48042000.0,ЮЗАО,141.3,29.0,31.0,0.0,4.0,https://www.cian.ru/sale/flat/299093729/,340000.0,Средний,Вторичка
110000000.0,ЮЗАО,207.0,6.0,16.0,0.0,4.0,https://www.cian.ru/sale/flat/299094240/,531400.97,Средний,Вторичка
13970000.0,ЮВАО,64.0,8.0,9.0,0.0,4.0,https://www.cian.ru/sale/flat/299097846/,218281.25,Средний,Вторичка
55000000.0,ЗАО,158.3,18.0,28.0,0.0,3.0,https://www.cian.ru/sale/flat/299097872/,347441.57,Средний,Вторичка
10799999.0,ЮАО,36.4,19.0,22.0,0.0,1.0,https://www.cian.ru/sale/flat/299098420/,296703.27,Средний,Вторичка
41600000.0,ЦАО,104.3,9.0,17.0,0.0,4.0,https://www.cian.ru/sale/flat/299098431/,398849.47,Средний,Вторичка
10300000.0,ВАО,41.0,16.0,24.0,0.0,1.0,https://www.cian.ru/sale/flat/299098438/,251219.51,Средний,Вторичка
11000000.0,ЮВАО,35.4,2.0,12.0,0.0,1.0,https://www.cian.ru/sale/flat/299098702/,310734.46,Средний,Вторичка
33000000.0,СЗАО,100.0,20.0,22.0,0.0,4.0,https://www.cian.ru/sale/flat/299101297/,330000.0,Средний,Вторичка
12700000.0,СЗАО,42.4,3.0,5.0,0.0,2.0,https://www.cian.ru/sale/flat/299101609/,299528.3,Средний,Вторичка
15850000.0,ВАО,45.0,2.0,17.0,0.0,2.0,https://www.cian.ru/sale/flat/299104201/,352222.22,Средний,Вторичка
10500000.0,ЮЗАО,32.8,5.0,9.0,0.0,1.0,https://www.cian.ru/sale/flat/299105195/,320121.95,Средний,Вторичка
9200000.0,СВАО,34.8,12.0,14.0,0.0,1.0,https://www.cian.ru/sale/flat/299105222/,264367.82,Средний,Вторичка
196225890.0,ЦАО,154.2,3.0,15.0,0.0,4.0,https://www.cian.ru/sale/flat/299105242/,1272541.44,Средний,Вторичка
11500000.0,САО,34.6,4.0,16.0,0.0,1.0,https://www.cian.ru/sale/flat/299106606/,332369.94,Средний,Вторичка
16820000.0,СВАО,41.0,9.0,9.0,0.0,2.0,https://www.cian.ru/sale/flat/299107562/,410243.9,Последний,Вторичка
41000000.0,ЗАО,90.0,10.0,31.0,0.0,3.0,https://www.cian.ru/sale/flat/299108008/,455555.56,Средний,Вторичка
159999999.0,ЦАО,99.9,3.0,15.0,0.0,4.0,https://www.cian.ru/sale/flat/299108056/,1601601.59,Средний,Вторичка
14599000.0,СВАО,50.3,14.0,16.0,0.0,2.0,https://www.cian.ru/sale/flat/299108145/,290238.57,Средний,Вторичка
19990000.0,ЮВАО,34.0,6.0,28.0,0.0,1.0,https://www.cian.ru/sale/flat/299108822/,587941.18,Средний,Вторичка
24500000.0,ЮАО,66.0,4.0,15.0,0.0,2.0,https://www.cian.ru/sale/flat/299110408/,371212.12,Средний,Вторичка
10890000.0,ЗАО,33.2,8.0,9.0,0.0,1.0,https://www.cian.ru/sale/flat/299110667/,328012.05,Средний,Вторичка
16700000.0,ЗАО,65.4,8.0,16.0,0.0,2.0,https://www.cian.ru/sale/flat/299110671/,255351.68,Средний,Вторичка
17500000.0,ЮЗАО,40.7,15.0,16.0,0.0,1.0,https://www.cian.ru/sale/flat/299110690/,429975.43,Средний,Вторичка
16800000.0,СВАО,54.0,7.0,7.0,0.0,2.0,https://www.cian.ru/sale/flat/299111468/,311111.11,Последний,Вторичка
43800000.0,ЮАО,97.53,14.0,22.0,1.0,3.0,https://www.cian.ru/sale/flat/299112394/,449092.59,Средний,Новостройка
29000000.0,СВАО,87.7,3.0,17.0,0.0,4.0,https://www.cian.ru/sale/flat/299113541/,330672.75,Средний,Вторичка
28900000.0,ЮАО,62.81,14.0,22.0,1.0,2.0,https://www.cian.ru/sale/flat/299114283/,460117.82,Средний,Новостройка
13000000.0,ВАО,37.0,4.0,9.0,0.0,2.0,https://www.cian.ru/sale/flat/299115293/,351351.35,Средний,Вторичка
25900000.0,ЮЗАО,57.0,8.0,8.0,0.0,2.0,https://www.cian.ru/sale/flat/299117204/,454385.96,Последний,Вторичка
15700000.0,СЗАО,48.2,8.0,19.0,0.0,2.0,https://www.cian.ru/sale/flat/299117210/,325726.14,Средний,Вторичка
48500000.0,ЦАО,81.0,1.0,5.0,0.0,4.0,https://www.cian.ru/sale/flat/299118069/,598765.43,Первый,Вторичка
79500000.0,ЦАО,178.0,8.0,12.0,0.0,4.0,https://www.cian.ru/sale/flat/299120244/,446629.21,Средний,Вторичка
20490000.0,ЗАО,59.0,11.0,17.0,0.0,2.0,https://www.cian.ru/sale/flat/299121498/,347288.14,Средний,Вторичка
13700000.0,ЗАО,39.1,10.0,12.0,0.0,1.0,https://www.cian.ru/sale/flat/299121621/,350383.63,Средний,Вторичка
48986250.0,ЗАО,87.5,36.0,36.0,1.0,3.0,https://www.cian.ru/sale/flat/299121972/,559842.86,Последний,Новостройка
111960930.0,ЗАО,117.7,7.0,12.0,1.0,3.0,https://www.cian.ru/sale/flat/299121996/,951239.85,Средний,Новостройка
77967850.0,ЗАО,86.5,2.0,12.0,1.0,2.0,https://www.cian.ru/sale/flat/299121997/,901362.43,Средний,Новостройка
10150000.0,ЮВАО,36.9,2.0,12.0,0.0,2.0,https://www.cian.ru/sale/flat/299124774/,275067.75,Средний,Вторичка
43157704.0,СВАО,109.7,37.0,58.0,1.0,2.0,https://www.cian.ru/sale/flat/299129928/,393415.72,Средний,Новостройка
22000000.0,СЗАО,102.0,1.0,9.0,0.0,4.0,https://www.cian.ru/sale/flat/299130037/,215686.27,Первый,Вторичка
10100000.0,ЮВАО,31.6,2.0,5.0,0.0,1.0,https://www.cian.ru/sale/flat/299130688/,319620.25,Средний,Вторичка
26000000.0,СЗАО,80.0,5.0,12.0,0.0,4.0,https://www.cian.ru/sale/flat/299131007/,325000.0,Средний,Вторичка
39500000.0,ЮЗАО,100.2,22.0,22.0,0.0,4.0,https://www.cian.ru/sale/flat/299132048/,394211.58,Последний,Вторичка
18900000.0,СЗАО,35.0,8.0,33.0,1.0,1.0,https://www.cian.ru/sale/flat/299132213/,540000.0,Средний,Новостройка
12400000.0,ВАО,40.0,3.0,23.0,0.0,1.0,https://www.cian.ru/sale/flat/299132838/,310000.0,Средний,Вторичка
12300000.0,СВАО,30.0,6.0,32.0,1.0,1.0,https://www.cian.ru/sale/flat/299134852/,410000.0,Средний,Новостройка
16300000.0,ЮЗАО,60.3,2.0,5.0,0.0,2.0,https://www.cian.ru/sale/flat/299137308/,270315.09,Средний,Вторичка
33000000.0,СЗАО,56.0,10.0,25.0,0.0,2.0,https://www.cian.ru/sale/flat/299138346/,589285.71,Средний,Вторичка
48000000.0,ВАО,110.0,13.0,22.0,0.0,3.0,https://www.cian.ru/sale/flat/299138596/,436363.64,Средний,Вторичка
28000000.0,ЗАО,50.0,16.0,23.0,0.0,1.0,https://www.cian.ru/sale/flat/299141019/,560000.0,Средний,Вторичка
23250000.0,ЗАО,54.0,10.0,18.0,0.0,2.0,https://www.cian.ru/sale/flat/299141032/,430555.56,Средний,Вторичка
25500000.0,СЗАО,56.0,2.0,23.0,0.0,2.0,https://www.cian.ru/sale/flat/299141046/,455357.14,Средний,Вторичка
26146930.0,ВАО,70.46,2.0,20.0,1.0,3.0,https://www.cian.ru/sale/flat/299141828/,371088.99,Средний,Новостройка
27697945.0,ВАО,67.44,6.0,20.0,1.0,3.0,https://www.cian.ru/sale/flat/299141840/,410705.0,Средний,Новостройка
54000000.0,ВАО,122.7,5.0,15.0,0.0,4.0,https://www.cian.ru/sale/flat/299143002/,440097.8,Средний,Вторичка
39500000.0,ЗАО,103.0,15.0,17.0,0.0,3.0,https://www.cian.ru/sale/flat/299143204/,383495.15,Средний,Вторичка
120000000.0,ЦАО,99.7,9.0,18.0,0.0,3.0,https://www.cian.ru/sale/flat/299143568/,1203610.83,Средний,Вторичка
40999999.0,САО,102.9,19.0,25.0,0.0,2.0,https://www.cian.ru/sale/flat/299143787/,398445.08,Средний,Вторичка
14500000.0,ЮЗАО,50.0,4.0,9.0,0.0,3.0,https://www.cian.ru/sale/flat/299145106/,290000.0,Средний,Вторичка
13000000.0,СВАО,53.0,4.0,16.0,0.0,2.0,https://www.cian.ru/sale/flat/299145326/,245283.02,Средний,Вторичка
114000000.0,ЦАО,99.7,8.0,18.0,0.0,3.0,https://www.cian.ru/sale/flat/299145698/,1143430.29,Средний,Вторичка
27000000.0,ВАО,110.0,2.0,5.0,0.0,4.0,https://www.cian.ru/sale/flat/299145889/,245454.55,Средний,Вторичка
14999000.0,ЗАО,35.2,4.0,5.0,0.0,1.0,https://www.cian.ru/sale/flat/299146321/,426107.95,Средний,Вторичка
79851000.0,ЦАО,185.7,5.0,5.0,0.0,3.0,https://www.cian.ru/sale/flat/299146912/,430000.0,Последний,Вторичка
35000000.0,ЮАО,84.5,4.0,11.0,0.0,4.0,https://www.cian.ru/sale/flat/299147135/,414201.18,Средний,Вторичка
11790000.0,ЦАО,31.0,3.0,8.0,0.0,1.0,https://www.cian.ru/sale/flat/299147351/,380322.58,Средний,Вторичка
27670000.0,СЗАО,48.3,17.0,30.0,1.0,2.0,https://www.cian.ru/sale/flat/299150234/,572877.85,Средний,Новостройка
33200000.0,СЗАО,52.0,28.0,58.0,0.0,2.0,https://www.cian.ru/sale/flat/299151784/,638461.54,Средний,Вторичка
45000000.0,ЗАО,140.0,21.0,25.0,0.0,4.0,https://www.cian.ru/sale/flat/299152549/,321428.57,Средний,Вторичка
27800000.0,ЮВАО,106.5,9.0,23.0,0.0,4.0,https://www.cian.ru/sale/flat/299152916/,261032.86,Средний,Вторичка
35000000.0,ЦАО,52.8,4.0,9.0,0.0,2.0,https://www.cian.ru/sale/flat/299153424/,662878.79,Средний,Вторичка
63500000.0,СВАО,118.5,18.0,19.0,0.0,4.0,https://www.cian.ru/sale/flat/299157073/,535864.98,Средний,Вторичка
26000000.0,ЮАО,100.0,18.0,22.0,0.0,4.0,https://www.cian.ru/sale/flat/299163343/,260000.0,Средний,Вторичка
145000000.0,ЦАО,134.0,3.0,21.0,0.0,4.0,https://www.cian.ru/sale/flat/299163491/,1082089.55,Средний,Вторичка
177000000.0,ЦАО,250.8,34.0,44.0,0.0,4.0,https://www.cian.ru/sale/flat/299164423/,705741.63,Средний,Вторичка
9300000.0,САО,34.4,4.0,14.0,1.0,1.0,https://www.cian.ru/sale/flat/299164643/,270348.84,Средний,Новостройка
38000000.0,ЗАО,68.7,3.0,14.0,0.0,2.0,https://www.cian.ru/sale/flat/299165562/,553129.55,Средний,Вторичка
36390000.0,ЗАО,66.4,2.0,8.0,0.0,3.0,https://www.cian.ru/sale/flat/299166254/,548042.17,Средний,Вторичка
26800000.0,ЮАО,60.59,37.0,40.0,0.0,3.0,https://www.cian.ru/sale/flat/299166294/,442317.21,Средний,Вторичка
16800000.0,ЮВАО,78.0,14.0,14.0,0.0,3.0,https://www.cian.ru/sale/flat/299166516/,215384.62,Последний,Вторичка
20500000.0,ЗАО,41.2,10.0,17.0,0.0,2.0,https://www.cian.ru/sale/flat/299166849/,497572.82,Средний,Вторичка
16700000.0,ЮВАО,64.0,11.0,17.0,0.0,2.0,https://www.cian.ru/sale/flat/299167474/,260937.5,Средний,Вторичка
13550000.0,ЮАО,39.8,3.0,23.0,0.0,1.0,https://www.cian.ru/sale/flat/299167916/,340452.26,Средний,Вторичка
37590000.0,СЗАО,71.6,12.0,21.0,1.0,2.0,https://www.cian.ru/sale/flat/299167968/,525000.0,Средний,Новостройка
70985200.0,СЗАО,124.1,18.0,21.0,1.0,4.0,https://www.cian.ru/sale/flat/299167970/,572000.0,Средний,Новостройка
35625000.0,СЗАО,75.0,12.0,21.0,1.0,2.0,https://www.cian.ru/sale/flat/299167971/,475000.0,Средний,Новостройка
37948000.0,СЗАО,71.6,13.0,21.0,1.0,2.0,https://www.cian.ru/sale/flat/299167972/,530000.0,Средний,Новостройка
80529800.0,СЗАО,122.2,21.0,21.0,1.0,4.0,https://www.cian.ru/sale/flat/299168007/,659000.0,Последний,Новостройка
36334000.0,СЗАО,74.0,8.0,21.0,1.0,2.0,https://www.cian.ru/sale/flat/299168022/,491000.0,Средний,Новостройка
44702800.0,СЗАО,98.9,8.0,21.0,1.0,3.0,https://www.cian.ru/sale/flat/299168023/,452000.0,Средний,Новостройка
56026000.0,СЗАО,102.8,14.0,21.0,1.0,3.0,https://www.cian.ru/sale/flat/299168026/,545000.0,Средний,Новостройка
28341300.0,СЗАО,50.7,11.0,21.0,1.0,1.0,https://www.cian.ru/sale/flat/299168036/,559000.0,Средний,Новостройка
27361800.0,СЗАО,48.6,14.0,21.0,1.0,1.0,https://www.cian.ru/sale/flat/299168040/,563000.0,Средний,Новостройка
49932900.0,СЗАО,98.1,18.0,21.0,1.0,3.0,https://www.cian.ru/sale/flat/299168046/,509000.0,Средний,Новостройка
37080000.0,СЗАО,72.0,17.0,21.0,1.0,2.0,https://www.cian.ru/sale/flat/299168058/,515000.0,Средний,Новостройка
38335900.0,СЗАО,73.3,13.0,21.0,1.0,2.0,https://www.cian.ru/sale/flat/299168060/,523000.0,Средний,Новостройка
79376400.0,СЗАО,129.7,21.0,21.0,1.0,4.0,https://www.cian.ru/sale/flat/299168062/,612000.0,Последний,Новостройка
72998000.0,СЗАО,129.2,20.0,21.0,1.0,4.0,https://www.cian.ru/sale/flat/299168063/,565000.0,Средний,Новостройка
34068000.0,СЗАО,66.8,10.0,21.0,1.0,2.0,https://www.cian.ru/sale/flat/299168071/,510000.0,Средний,Новостройка
38806600.0,СЗАО,74.2,9.0,21.0,1.0,2.0,https://www.cian.ru/sale/flat/299168072/,523000.0,Средний,Новостройка
10900000.0,СЗАО,30.0,9.0,9.0,0.0,1.0,https://www.cian.ru/sale/flat/299168359/,363333.33,Последний,Вторичка
49900000.0,САО,65.0,8.0,24.0,0.0,3.0,https://www.cian.ru/sale/flat/299169888/,767692.31,Средний,Вторичка
13700000.0,СВАО,61.9,8.0,9.0,0.0,4.0,https://www.cian.ru/sale/flat/299170711/,221324.72,Средний,Вторичка
47999990.0,ЗАО,76.4,27.0,34.0,0.0,3.0,https://www.cian.ru/sale/flat/299173427/,628272.12,Средний,Вторичка
12460000.0,ЮЗАО,47.4,29.0,31.0,0.0,2.0,https://www.cian.ru/sale/flat/299173725/,262869.2,Средний,Вторичка
70050000.0,САО,102.4,4.0,12.0,1.0,3.0,https://www.cian.ru/sale/flat/299174089/,684082.03,Средний,Новостройка
9190000.0,ВАО,37.4,6.0,9.0,0.0,2.0,https://www.cian.ru/sale/flat/299175943/,245721.93,Средний,Вторичка
110000000.0,ЦАО,135.0,28.0,30.0,0.0,4.0,https://www.cian.ru/sale/flat/299178539/,814814.81,Средний,Вторичка
28500000.0,СВАО,101.4,19.0,22.0,0.0,4.0,https://www.cian.ru/sale/flat/299181770/,281065.09,Средний,Вторичка
13400000.0,ЮАО,52.0,14.0,16.0,0.0,2.0,https://www.cian.ru/sale/flat/299183582/,257692.31,Средний,Вторичка
19850000.0,ЮВАО,59.3,30.0,33.0,0.0,2.0,https://www.cian.ru/sale/flat/299184528/,334738.62,Средний,Вторичка
22500000.0,ЗАО,38.0,18.0,35.0,0.0,1.0,https://www.cian.ru/sale/flat/299184972/,592105.26,Средний,Вторичка
14200000.0,ЮЗАО,60.2,10.0,16.0,0.0,2.0,https://www.cian.ru/sale/flat/299185600/,235880.4,Средний,Вторичка
6800000.0,ЮАО,28.0,1.0,10.0,0.0,1.0,https://www.cian.ru/sale/flat/299185625/,242857.14,Первый,Вторичка
38700000.0,ЮАО,46.0,8.0,13.0,0.0,1.0,https://www.cian.ru/sale/flat/299186158/,841304.35,Средний,Вторичка
11800000.0,ЮЗАО,45.0,1.0,9.0,0.0,2.0,https://www.cian.ru/sale/flat/299186950/,262222.22,Первый,Вторичка
34500000.0,СЗАО,143.5,8.0,15.0,0.0,4.0,https://www.cian.ru/sale/flat/299187265/,240418.12,Средний,Вторичка
21950000.0,ЮЗАО,47.5,4.0,34.0,0.0,2.0,https://www.cian.ru/sale/flat/299187970/,462105.26,Средний,Вторичка
10800000.0,ЮАО,38.7,12.0,14.0,0.0,2.0,https://www.cian.ru/sale/flat/299190121/,279069.77,Средний,Вторичка
9500000.0,САО,37.6,2.0,17.0,0.0,1.0,https://www.cian.ru/sale/flat/299190804/,252659.57,Средний,Вторичка
17500000.0,ВАО,65.4,5.0,9.0,0.0,4.0,https://www.cian.ru/sale/flat/299193763/,267584.1,Средний,Вторичка
23000000.0,СЗАО,43.5,9.0,46.0,0.0,1.0,https://www.cian.ru/sale/flat/299198123/,528735.63,Средний,Вторичка
35850000.0,САО,109.8,12.0,24.0,0.0,3.0,https://www.cian.ru/sale/flat/299201357/,326502.73,Средний,Вторичка
23000000.0,ЗАО,37.4,9.0,31.0,0.0,1.0,https://www.cian.ru/sale/flat/299202447/,614973.26,Средний,Вторичка
17400000.0,ЮЗАО,40.9,6.0,18.0,0.0,1.0,https://www.cian.ru/sale/flat/299203398/,425427.87,Средний,Вторичка
37250000.0,САО,50.0,6.0,27.0,0.0,2.0,https://www.cian.ru/sale/flat/299203624/,745000.0,Средний,Вторичка
22500000.0,ЮЗАО,104.0,8.0,9.0,0.0,4.0,https://www.cian.ru/sale/flat/299204668/,216346.15,Средний,Вторичка
100000000.0,ЗАО,185.0,12.0,30.0,0.0,4.0,https://www.cian.ru/sale/flat/299204960/,540540.54,Средний,Вторичка
7900000.0,ВАО,30.0,1.0,9.0,0.0,1.0,https://www.cian.ru/sale/flat/299205665/,263333.33,Первый,Вторичка
35000000.0,ЮЗАО,77.9,14.0,14.0,0.0,2.0,https://www.cian.ru/sale/flat/299205698/,449293.97,Последний,Вторичка
27379000.0,ЗАО,47.2,2.0,31.0,0.0,1.0,https://www.cian.ru/sale/flat/299207021/,580063.56,Средний,Вторичка
32000000.0,ЮЗАО,111.9,14.0,17.0,0.0,4.0,https://www.cian.ru/sale/flat/299207571/,285969.62,Средний,Вторичка
15700000.0,СВАО,37.1,11.0,16.0,0.0,1.0,https://www.cian.ru/sale/flat/299208022/,423180.59,Средний,Вторичка
16990000.0,ЮЗАО,43.1,4.0,46.0,0.0,1.0,https://www.cian.ru/sale/flat/299208670/,394199.54,Средний,Вторичка
21000000.0,ЗАО,41.0,3.0,28.0,0.0,1.0,https://www.cian.ru/sale/flat/299210533/,512195.12,Средний,Вторичка
21900000.0,ЮЗАО,73.7,1.0,16.0,0.0,3.0,https://www.cian.ru/sale/flat/299211098/,297150.61,Первый,Вторичка
21950000.0,ЗАО,43.0,14.0,38.0,1.0,1.0,https://www.cian.ru/sale/flat/299224095/,510465.12,Средний,Новостройка
47034078.0,ЮАО,97.2,22.0,28.0,1.0,3.0,https://www.cian.ru/sale/flat/299226413/,483889.69,Средний,Новостройка
45384090.0,ЮАО,97.7,19.0,28.0,1.0,3.0,https://www.cian.ru/sale/flat/299226420/,464524.97,Средний,Новостройка
45412576.0,ЮАО,95.4,23.0,28.0,1.0,3.0,https://www.cian.ru/sale/flat/299226467/,476022.81,Средний,Новостройка
46897080.0,ЮАО,95.4,25.0,28.0,1.0,3.0,https://www.cian.ru/sale/flat/299226471/,491583.65,Средний,Новостройка
47253007.0,ЮАО,96.5,26.0,28.0,1.0,3.0,https://www.cian.ru/sale/flat/299226478/,489668.47,Средний,Новостройка
36660947.0,ЮАО,73.5,5.0,11.0,1.0,2.0,https://www.cian.ru/sale/flat/299226744/,498788.39,Средний,Новостройка
53809097.0,ЮАО,79.1,7.0,11.0,1.0,2.0,https://www.cian.ru/sale/flat/299226753/,680266.71,Средний,Новостройка
59304935.0,ЮАО,131.8,2.0,11.0,1.0,4.0,https://www.cian.ru/sale/flat/299226754/,449961.57,Средний,Новостройка
37656492.0,ЮАО,75.4,3.0,11.0,1.0,2.0,https://www.cian.ru/sale/flat/299226757/,499422.97,Средний,Новостройка
44000000.0,СЗАО,82.0,29.0,49.0,0.0,3.0,https://www.cian.ru/sale/flat/299226829/,536585.37,Средний,Вторичка
21000000.0,ЮВАО,92.0,1.0,14.0,0.0,4.0,https://www.cian.ru/sale/flat/299229385/,228260.87,Первый,Вторичка
250000000.0,ЦАО,208.0,8.0,14.0,0.0,4.0,https://www.cian.ru/sale/flat/299232018/,1201923.08,Средний,Вторичка
37500000.0,СВАО,66.4,37.0,47.0,0.0,2.0,https://www.cian.ru/sale/flat/299232358/,564759.04,Средний,Вторичка
99000000.0,ЦАО,83.0,14.0,20.0,0.0,3.0,https://www.cian.ru/sale/flat/299232975/,1192771.08,Средний,Вторичка
183560639.0,САО,163.5,37.0,41.0,1.0,3.0,https://www.cian.ru/sale/flat/299233236/,1122695.04,Средний,Новостройка
35000000.0,ЮЗАО,60.3,4.0,8.0,0.0,2.0,https://www.cian.ru/sale/flat/299233853/,580431.18,Средний,Вторичка
19250000.0,САО,54.0,6.0,17.0,0.0,2.0,https://www.cian.ru/sale/flat/299235333/,356481.48,Средний,Вторичка
31990000.0,ЮЗАО,78.0,7.0,8.0,0.0,3.0,https://www.cian.ru/sale/flat/299237500/,410128.21,Средний,Вторичка
6500000.0,ЗАО,31.5,4.0,9.0,0.0,1.0,https://www.cian.ru/sale/flat/299237703/,206349.21,Средний,Вторичка
118300000.0,ЦАО,120.0,4.0,17.0,0.0,3.0,https://www.cian.ru/sale/flat/299237798/,985833.33,Средний,Вторичка
15900000.0,СЗАО,29.5,18.0,41.0,1.0,1.0,https://www.cian.ru/sale/flat/299241123/,538983.05,Средний,Новостройка
11650000.0,ЗАО,63.1,4.0,9.0,0.0,4.0,https://www.cian.ru/sale/flat/299241499/,184627.58,Средний,Вторичка
14400000.0,ЮЗАО,30.0,8.0,9.0,0.0,1.0,https://www.cian.ru/sale/flat/299241579/,480000.0,Средний,Вторичка
15500000.0,ЦАО,36.0,7.0,12.0,0.0,1.0,https://www.cian.ru/sale/flat/299241650/,430555.56,Средний,Вторичка
13000000.0,САО,35.1,11.0,12.0,0.0,1.0,https://www.cian.ru/sale/flat/299241818/,370370.37,Средний,Вторичка
38000000.0,ЦАО,40.0,10.0,21.0,0.0,1.0,https://www.cian.ru/sale/flat/299242742/,950000.0,Средний,Вторичка
500000000.0,ЦАО,250.0,13.0,13.0,0.0,3.0,https://www.cian.ru/sale/flat/299242936/,2000000.0,Последний,Вторичка
22500000.0,ВАО,70.2,16.0,16.0,0.0,4.0,https://www.cian.ru/sale/flat/299243105/,320512.82,Последний,Вторичка
120000000.0,ЦАО,108.0,9.0,21.0,0.0,3.0,https://www.cian.ru/sale/flat/299243737/,1111111.11,Средний,Вторичка
11700000.0,САО,33.6,32.0,33.0,1.0,1.0,https://www.cian.ru/sale/flat/299243966/,348214.29,Средний,Новостройка
138000000.0,ЦАО,138.3,3.0,10.0,0.0,3.0,https://www.cian.ru/sale/flat/299244058/,997830.8,Средний,Вторичка
60000000.0,ЗАО,113.5,21.0,25.0,0.0,3.0,https://www.cian.ru/sale/flat/299244990/,528634.36,Средний,Вторичка
14900000.0,СВАО,63.7,13.0,25.0,1.0,2.0,https://www.cian.ru/sale/flat/299247819/,233908.95,Средний,Новостройка
9400000.0,ВАО,31.9,9.0,9.0,0.0,1.0,https://www.cian.ru/sale/flat/299247896/,294670.85,Последний,Вторичка
25800000.0,ВАО,75.2,37.0,39.0,0.0,3.0,https://www.cian.ru/sale/flat/299248003/,343085.11,Средний,Вторичка
22000000.0,САО,46.0,5.0,29.0,0.0,2.0,https://www.cian.ru/sale/flat/299248131/,478260.87,Средний,Вторичка
23000000.0,ЮАО,100.7,2.0,23.0,0.0,4.0,https://www.cian.ru/sale/flat/299249485/,228401.19,Средний,Вторичка
240000000.0,ЦАО,145.2,7.0,7.0,0.0,3.0,https://www.cian.ru/sale/flat/299249837/,1652892.56,Последний,Вторичка
200000000.0,ЗАО,152.0,10.0,11.0,0.0,4.0,https://www.cian.ru/sale/flat/299250571/,1315789.47,Средний,Вторичка
41500000.0,ЦАО,55.0,4.0,22.0,0.0,2.0,https://www.cian.ru/sale/flat/299250573/,754545.45,Средний,Вторичка
37900000.0,САО,97.4,7.0,34.0,0.0,3.0,https://www.cian.ru/sale/flat/299250618/,389117.04,Средний,Вторичка
10690000.0,ЮЗАО,37.0,9.0,16.0,0.0,1.0,https://www.cian.ru/sale/flat/299250848/,288918.92,Средний,Вторичка
86000000.0,ЦАО,69.0,14.0,17.0,0.0,2.0,https://www.cian.ru/sale/flat/299250886/,1246376.81,Средний,Вторичка
175000000.0,ЦАО,136.5,14.0,15.0,0.0,4.0,https://www.cian.ru/sale/flat/299251933/,1282051.28,Средний,Вторичка
24300000.0,СВАО,83.2,2.0,14.0,0.0,4.0,https://www.cian.ru/sale/flat/299252485/,292067.31,Средний,Вторичка
25000000.0,СВАО,72.0,7.0,8.0,0.0,3.0,https://www.cian.ru/sale/flat/299252539/,347222.22,Средний,Вторичка
21500000.0,ЮВАО,94.3,1.0,7.0,0.0,4.0,https://www.cian.ru/sale/flat/299253442/,227995.76,Первый,Вторичка
13600000.0,ЗАО,31.0,5.0,9.0,0.0,1.0,https://www.cian.ru/sale/flat/299253528/,438709.68,Средний,Вторичка
22500000.0,СЗАО,76.7,10.0,22.0,0.0,3.0,https://www.cian.ru/sale/flat/299253715/,293350.72,Средний,Вторичка
90000000.0,ЮЗАО,185.0,19.0,51.0,0.0,3.0,https://www.cian.ru/sale/flat/299254495/,486486.49,Средний,Вторичка
33900000.0,ЦАО,100.0,3.0,9.0,0.0,4.0,https://www.cian.ru/sale/flat/299255100/,339000.0,Средний,Вторичка
28000000.0,ЗАО,85.5,11.0,32.0,0.0,4.0,https://www.cian.ru/sale/flat/299255382/,327485.38,Средний,Вторичка
19280000.0,ЗАО,45.3,22.0,27.0,1.0,1.0,https://www.cian.ru/sale/flat/299256398/,425607.06,Средний,Новостройка
43730000.0,ЗАО,111.4,25.0,27.0,1.0,3.0,https://www.cian.ru/sale/flat/299256400/,392549.37,Средний,Новостройка
34420000.0,ЗАО,79.3,26.0,27.0,1.0,3.0,https://www.cian.ru/sale/flat/299256402/,434047.92,Средний,Новостройка
19730000.0,ЗАО,46.3,23.0,27.0,1.0,1.0,https://www.cian.ru/sale/flat/299256404/,426133.91,Средний,Новостройка
43073190.0,ЗАО,96.1,18.0,36.0,1.0,3.0,https://www.cian.ru/sale/flat/299261498/,448212.17,Средний,Новостройка
79877440.0,СЗАО,122.3,2.0,10.0,1.0,3.0,https://www.cian.ru/sale/flat/299261515/,653127.06,Средний,Новостройка
74935640.0,СЗАО,79.6,8.0,9.0,1.0,2.0,https://www.cian.ru/sale/flat/299261516/,941402.51,Средний,Новостройка
76167310.0,СЗАО,85.7,3.0,9.0,1.0,2.0,https://www.cian.ru/sale/flat/299261517/,888766.74,Средний,Новостройка
73395040.0,СЗАО,79.2,7.0,9.0,1.0,2.0,https://www.cian.ru/sale/flat/299261519/,926705.05,Средний,Новостройка
78120660.0,СЗАО,90.1,2.0,9.0,1.0,2.0,https://www.cian.ru/sale/flat/299261520/,867043.95,Средний,Новостройка
78990850.0,СЗАО,81.1,4.0,9.0,1.0,2.0,https://www.cian.ru/sale/flat/299261524/,973993.22,Средний,Новостройка
77058760.0,СЗАО,81.9,3.0,9.0,1.0,2.0,https://www.cian.ru/sale/flat/299261530/,940888.4,Средний,Новостройка
78708290.0,СЗАО,122.9,2.0,8.0,1.0,3.0,https://www.cian.ru/sale/flat/299261531/,640425.47,Средний,Новостройка
64890000.0,ЗАО,72.9,14.0,14.0,1.0,2.0,https://www.cian.ru/sale/flat/299262035/,890123.46,Последний,Новостройка
120930000.0,ЗАО,166.8,14.0,14.0,1.0,3.0,https://www.cian.ru/sale/flat/299262037/,725000.0,Последний,Новостройка
51180000.0,ЗАО,70.2,13.0,14.0,1.0,2.0,https://www.cian.ru/sale/flat/299262043/,729059.83,Средний,Новостройка
50480000.0,ЗАО,70.3,12.0,14.0,1.0,2.0,https://www.cian.ru/sale/flat/299262044/,718065.43,Средний,Новостройка
62560000.0,ЗАО,97.9,11.0,14.0,1.0,3.0,https://www.cian.ru/sale/flat/299262045/,639019.41,Средний,Новостройка
37770000.0,ЗАО,67.2,10.0,14.0,1.0,2.0,https://www.cian.ru/sale/flat/299262051/,562053.57,Средний,Новостройка
57600000.0,ЗАО,68.4,14.0,14.0,1.0,2.0,https://www.cian.ru/sale/flat/299262052/,842105.26,Последний,Новостройка
41240000.0,ЗАО,68.5,9.0,14.0,1.0,2.0,https://www.cian.ru/sale/flat/299262053/,602043.8,Средний,Новостройка
44040000.0,ЗАО,68.8,13.0,14.0,1.0,2.0,https://www.cian.ru/sale/flat/299262055/,640116.28,Средний,Новостройка
54840000.0,ЗАО,92.0,9.0,14.0,1.0,3.0,https://www.cian.ru/sale/flat/299262070/,596086.96,Средний,Новостройка
30040000.0,ЗАО,44.3,9.0,14.0,1.0,1.0,https://www.cian.ru/sale/flat/299262076/,678103.84,Средний,Новостройка
30750000.0,ЗАО,44.5,10.0,14.0,1.0,1.0,https://www.cian.ru/sale/flat/299262078/,691011.24,Средний,Новостройка
62500000.0,ЗАО,74.4,14.0,14.0,1.0,2.0,https://www.cian.ru/sale/flat/299262084/,840053.76,Последний,Новостройка
106290000.0,ЗАО,149.0,14.0,14.0,1.0,3.0,https://www.cian.ru/sale/flat/299262086/,713355.7,Последний,Новостройка
119300000.0,ЗАО,168.5,14.0,14.0,1.0,3.0,https://www.cian.ru/sale/flat/299262087/,708011.87,Последний,Новостройка
118370000.0,ЗАО,171.3,14.0,14.0,1.0,3.0,https://www.cian.ru/sale/flat/299262088/,691009.92,Последний,Новостройка
57630000.0,ЗАО,69.6,14.0,14.0,1.0,2.0,https://www.cian.ru/sale/flat/299262098/,828017.24,Последний,Новостройка
43700000.0,ЗАО,71.4,12.0,14.0,1.0,2.0,https://www.cian.ru/sale/flat/299262101/,612044.82,Средний,Новостройка
55610000.0,ЗАО,97.9,9.0,14.0,1.0,3.0,https://www.cian.ru/sale/flat/299262102/,568028.6,Средний,Новостройка
38810000.0,ЗАО,66.9,9.0,14.0,1.0,2.0,https://www.cian.ru/sale/flat/299262105/,580119.58,Средний,Новостройка
49760000.0,ЗАО,91.8,7.0,14.0,1.0,3.0,https://www.cian.ru/sale/flat/299262107/,542047.93,Средний,Новостройка
27940000.0,ЗАО,44.0,12.0,14.0,1.0,1.0,https://www.cian.ru/sale/flat/299262118/,635000.0,Средний,Новостройка
26270000.0,ЗАО,44.6,8.0,14.0,1.0,1.0,https://www.cian.ru/sale/flat/299262122/,589013.45,Средний,Новостройка
36740000.0,ЗАО,68.8,8.0,14.0,1.0,2.0,https://www.cian.ru/sale/flat/299262124/,534011.63,Средний,Новостройка
7500000.0,СВАО,25.3,1.0,9.0,0.0,1.0,https://www.cian.ru/sale/flat/299267264/,296442.69,Первый,Вторичка
26000000.0,ЮЗАО,100.1,4.0,4.0,0.0,4.0,https://www.cian.ru/sale/flat/299267453/,259740.26,Последний,Вторичка
11800000.0,СЗАО,43.3,4.0,5.0,0.0,2.0,https://www.cian.ru/sale/flat/299268934/,272517.32,Средний,Вторичка
25500000.0,САО,98.0,1.0,5.0,0.0,4.0,https://www.cian.ru/sale/flat/299269383/,260204.08,Первый,Вторичка
20700000.0,ЗАО,62.2,19.0,25.0,0.0,2.0,https://www.cian.ru/sale/flat/299270701/,332797.43,Средний,Вторичка
118500000.0,ЗАО,257.2,12.0,22.0,0.0,4.0,https://www.cian.ru/sale/flat/299276285/,460730.95,Средний,Вторичка
10200000.0,ВАО,38.0,3.0,9.0,0.0,1.0,https://www.cian.ru/sale/flat/299278048/,268421.05,Средний,Вторичка
13000000.0,ВАО,51.3,9.0,14.0,0.0,2.0,https://www.cian.ru/sale/flat/299278062/,253411.31,Средний,Вторичка
15400000.0,СВАО,56.3,10.0,22.0,0.0,2.0,https://www.cian.ru/sale/flat/299280221/,273534.64,Средний,Вторичка
14800000.0,САО,36.9,10.0,24.0,0.0,1.0,https://www.cian.ru/sale/flat/299281002/,401084.01,Средний,Вторичка
75500000.0,ЦАО,88.0,2.0,10.0,0.0,3.0,https://www.cian.ru/sale/flat/299281080/,857954.55,Средний,Вторичка
14000000.0,ЮВАО,40.9,11.0,13.0,0.0,1.0,https://www.cian.ru/sale/flat/299281102/,342298.29,Средний,Вторичка
8100000.0,ВАО,32.5,5.0,9.0,0.0,1.0,https://www.cian.ru/sale/flat/299282460/,249230.77,Средний,Вторичка
12400000.0,СВАО,53.3,11.0,12.0,0.0,2.0,https://www.cian.ru/sale/flat/299283687/,232645.4,Средний,Вторичка
20500000.0,ЮАО,47.0,7.0,20.0,1.0,2.0,https://www.cian.ru/sale/flat/299287253/,436170.21,Средний,Новостройка
39990000.0,СЗАО,96.5,27.0,55.0,0.0,4.0,https://www.cian.ru/sale/flat/299289763/,414404.15,Средний,Вторичка
34000000.0,САО,111.8,2.0,6.0,0.0,4.0,https://www.cian.ru/sale/flat/299290458/,304114.49,Средний,Вторичка
27999999.0,ЦАО,73.4,5.0,5.0,0.0,4.0,https://www.cian.ru/sale/flat/299291660/,381471.38,Последний,Вторичка
23140963.0,ВАО,60.37,6.0,29.0,1.0,3.0,https://www.cian.ru/sale/flat/299292596/,383318.92,Средний,Новостройка
19795000.0,ВАО,51.61,21.0,29.0,1.0,2.0,https://www.cian.ru/sale/flat/299292598/,383549.7,Средний,Новостройка
14900000.0,ЮВАО,74.0,11.0,19.0,0.0,3.0,https://www.cian.ru/sale/flat/299292844/,201351.35,Средний,Вторичка
14999000.0,СЗАО,51.0,4.0,25.0,0.0,2.0,https://www.cian.ru/sale/flat/299293091/,294098.04,Средний,Вторичка
13389999.0,ЮАО,32.0,5.0,9.0,0.0,1.0,https://www.cian.ru/sale/flat/299293185/,418437.47,Средний,Вторичка
26000000.0,СЗАО,100.0,1.0,5.0,0.0,4.0,https://www.cian.ru/sale/flat/299293443/,260000.0,Первый,Вторичка
19999000.0,ЮЗАО,48.2,8.0,8.0,0.0,2.0,https://www.cian.ru/sale/flat/299293831/,414917.01,Последний,Вторичка
80000000.0,ЦАО,80.0,2.0,6.0,0.0,2.0,https://www.cian.ru/sale/flat/299294037/,1000000.0,Средний,Вторичка
40900000.0,ЗАО,84.0,8.0,18.0,0.0,3.0,https://www.cian.ru/sale/flat/299294217/,486904.76,Средний,Вторичка
22700000.0,САО,77.2,1.0,6.0,0.0,4.0,https://www.cian.ru/sale/flat/299295719/,294041.45,Первый,Вторичка
14000000.0,ЮАО,76.6,1.0,14.0,0.0,4.0,https://www.cian.ru/sale/flat/299295825/,182767.62,Первый,Вторичка
39900000.0,ВАО,96.4,12.0,20.0,0.0,3.0,https://www.cian.ru/sale/flat/299296109/,413900.41,Средний,Вторичка
21500000.0,ЮАО,101.2,10.0,18.0,0.0,4.0,https://www.cian.ru/sale/flat/299296399/,212450.59,Средний,Вторичка
23800000.0,САО,50.0,4.0,5.0,0.0,2.0,https://www.cian.ru/sale/flat/299297359/,476000.0,Средний,Вторичка
22000000.0,ВАО,63.8,6.0,30.0,0.0,3.0,https://www.cian.ru/sale/flat/299297482/,344827.59,Средний,Вторичка
11500000.0,СВАО,60.0,1.0,9.0,0.0,3.0,https://www.cian.ru/sale/flat/299298166/,191666.67,Первый,Вторичка
29900000.0,ЗАО,63.0,11.0,24.0,0.0,2.0,https://www.cian.ru/sale/flat/299300306/,474603.17,Средний,Вторичка
27500000.0,ЗАО,81.0,28.0,32.0,0.0,4.0,https://www.cian.ru/sale/flat/299303288/,339506.17,Средний,Вторичка
27500000.0,СЗАО,64.0,17.0,44.0,1.0,2.0,https://www.cian.ru/sale/flat/299303429/,429687.5,Средний,Новостройка
16800000.0,СЗАО,35.0,19.0,44.0,1.0,1.0,https://www.cian.ru/sale/flat/299305397/,480000.0,Средний,Новостройка
35900000.0,ЮАО,135.0,3.0,15.0,0.0,4.0,https://www.cian.ru/sale/flat/299308468/,265925.93,Средний,Вторичка
55000000.0,ЮЗАО,114.0,4.0,22.0,0.0,3.0,https://www.cian.ru/sale/flat/299316746/,482456.14,Средний,Вторичка
60617646.0,ЮАО,129.7,3.0,11.0,1.0,4.0,https://www.cian.ru/sale/flat/299319064/,467368.13,Средний,Новостройка
154578600.0,ЦАО,122.1,5.0,8.0,1.0,2.0,https://www.cian.ru/sale/flat/299319262/,1266000.0,Средний,Новостройка
33900000.0,ЦАО,82.01,41.0,51.0,1.0,2.0,https://www.cian.ru/sale/flat/299320399/,413364.22,Средний,Новостройка
70000000.0,СЗАО,96.2,5.0,10.0,1.0,3.0,https://www.cian.ru/sale/flat/299321811/,727650.73,Средний,Новостройка
8270000.0,ЮАО,32.4,3.0,9.0,0.0,1.0,https://www.cian.ru/sale/flat/299322012/,255246.91,Средний,Вторичка
15490000.0,ЮВАО,40.9,14.0,25.0,0.0,2.0,https://www.cian.ru/sale/flat/299322359/,378728.61,Средний,Вторичка
13350000.0,САО,37.8,4.0,9.0,0.0,2.0,https://www.cian.ru/sale/flat/299322554/,353174.6,Средний,Вторичка
19700000.0,ЮЗАО,42.7,10.0,42.0,0.0,1.0,https://www.cian.ru/sale/flat/299323266/,461358.31,Средний,Вторичка
28800000.0,ЮАО,60.0,38.0,40.0,0.0,2.0,https://www.cian.ru/sale/flat/299324414/,480000.0,Средний,Вторичка
28000000.0,ЮЗАО,81.0,6.0,14.0,0.0,3.0,https://www.cian.ru/sale/flat/299325164/,345679.01,Средний,Вторичка
16000000.0,СЗАО,50.8,13.0,16.0,0.0,2.0,https://www.cian.ru/sale/flat/299325584/,314960.63,Средний,Вторичка
71500000.0,ЗАО,128.0,5.0,23.0,0.0,3.0,https://www.cian.ru/sale/flat/299327398/,558593.75,Средний,Вторичка
18350000.0,ЮАО,85.5,9.0,12.0,0.0,4.0,https://www.cian.ru/sale/flat/299328201/,214619.88,Средний,Вторичка
104900000.0,ЦАО,77.2,7.0,12.0,0.0,2.0,https://www.cian.ru/sale/flat/299328634/,1358808.29,Средний,Вторичка
50000000.0,ЗАО,86.0,15.0,23.0,0.0,3.0,https://www.cian.ru/sale/flat/299328640/,581395.35,Средний,Вторичка
13500000.0,ВАО,39.1,24.0,24.0,0.0,1.0,https://www.cian.ru/sale/flat/299329067/,345268.54,Последний,Вторичка
195000000.0,ЦАО,143.5,9.0,12.0,0.0,4.0,https://www.cian.ru/sale/flat/299329302/,1358885.02,Средний,Вторичка
10000000.0,ВАО,30.0,5.0,5.0,0.0,1.0,https://www.cian.ru/sale/flat/299329406/,333333.33,Последний,Вторичка
75000000.0,ЦАО,110.0,16.0,22.0,0.0,3.0,https://www.cian.ru/sale/flat/299330349/,681818.18,Средний,Вторичка
9300000.0,ЮВАО,38.0,16.0,17.0,0.0,1.0,https://www.cian.ru/sale/flat/299330882/,244736.84,Средний,Вторичка
16750000.0,СЗАО,60.7,3.0,24.0,1.0,3.0,https://www.cian.ru/sale/flat/299331283/,275947.28,Средний,Новостройка
72500000.0,ЗАО,123.0,16.0,16.0,0.0,4.0,https://www.cian.ru/sale/flat/299333776/,589430.89,Последний,Вторичка
38000000.0,САО,92.0,26.0,27.0,0.0,4.0,https://www.cian.ru/sale/flat/299335099/,413043.48,Средний,Вторичка
57900000.0,ЮЗАО,96.0,4.0,23.0,0.0,3.0,https://www.cian.ru/sale/flat/299335798/,603125.0,Средний,Вторичка
115000000.0,ЦАО,139.0,4.0,16.0,0.0,3.0,https://www.cian.ru/sale/flat/299338893/,827338.13,Средний,Вторичка
21400000.0,САО,83.0,12.0,14.0,0.0,3.0,https://www.cian.ru/sale/flat/299339387/,257831.33,Средний,Вторичка
140000000.0,ЦАО,136.0,5.0,21.0,0.0,4.0,https://www.cian.ru/sale/flat/299341037/,1029411.76,Средний,Вторичка
9000000.0,ЮЗАО,37.0,1.0,12.0,0.0,1.0,https://www.cian.ru/sale/flat/299341352/,243243.24,Первый,Вторичка
12000000.0,САО,44.6,4.0,5.0,0.0,2.0,https://www.cian.ru/sale/flat/299342188/,269058.3,Средний,Вторичка
58500000.0,ЮЗАО,87.2,13.0,18.0,0.0,2.0,https://www.cian.ru/sale/flat/299342288/,670871.56,Средний,Вторичка
41500000.0,ВАО,78.0,9.0,13.0,0.0,3.0,https://www.cian.ru/sale/flat/299342352/,532051.28,Средний,Вторичка
58000000.0,ВАО,127.0,4.0,12.0,0.0,4.0,https://www.cian.ru/sale/flat/299343512/,456692.91,Средний,Вторичка
11950000.0,ЮВАО,42.0,2.0,23.0,0.0,1.0,https://www.cian.ru/sale/flat/299343814/,284523.81,Средний,Вторичка
29000000.0,ЮАО,66.3,11.0,17.0,0.0,2.0,https://www.cian.ru/sale/flat/299349779/,437405.73,Средний,Вторичка
45000000.0,ЗАО,70.0,12.0,13.0,0.0,2.0,https://www.cian.ru/sale/flat/299354171/,642857.14,Средний,Вторичка
27000000.0,ЮАО,73.0,15.0,16.0,0.0,3.0,https://www.cian.ru/sale/flat/299354605/,369863.01,Средний,Вторичка
11300000.0,СВАО,38.0,5.0,17.0,0.0,1.0,https://www.cian.ru/sale/flat/299356077/,297368.42,Средний,Вторичка
13900000.0,ЮВАО,62.9,2.0,9.0,0.0,4.0,https://www.cian.ru/sale/flat/299359347/,220985.69,Средний,Вторичка
9450000.0,ВАО,33.0,5.0,9.0,0.0,1.0,https://www.cian.ru/sale/flat/299359436/,286363.64,Средний,Вторичка
14700000.0,ЮВАО,30.0,5.0,29.0,0.0,1.0,https://www.cian.ru/sale/flat/299360335/,490000.0,Средний,Вторичка
11000000.0,ВАО,45.0,5.0,9.0,0.0,2.0,https://www.cian.ru/sale/flat/299361979/,244444.44,Средний,Вторичка
81800000.0,ЦАО,132.3,5.0,5.0,0.0,3.0,https://www.cian.ru/sale/flat/299363916/,618291.76,Последний,Вторичка
33250000.0,ЗАО,63.3,15.0,28.0,0.0,3.0,https://www.cian.ru/sale/flat/299363920/,525276.46,Средний,Вторичка
9500000.0,ЮАО,38.6,4.0,12.0,0.0,1.0,https://www.cian.ru/sale/flat/299367215/,246113.99,Средний,Вторичка
373763600.0,ЗАО,220.0,14.0,15.0,0.0,4.0,https://www.cian.ru/sale/flat/299368091/,1698925.45,Средний,Вторичка
24800000.0,ЦАО,56.1,7.0,8.0,0.0,2.0,https://www.cian.ru/sale/flat/299368217/,442067.74,Средний,Вторичка
25590000.0,ЗАО,65.0,2.0,17.0,0.0,2.0,https://www.cian.ru/sale/flat/299370205/,393692.31,Средний,Вторичка
29900000.0,ЮЗАО,54.0,8.0,8.0,0.0,2.0,https://www.cian.ru/sale/flat/299370562/,553703.7,Последний,Вторичка
19980000.0,ЮВАО,101.0,21.0,22.0,0.0,4.0,https://www.cian.ru/sale/flat/299371010/,197821.78,Средний,Вторичка
49000000.0,ЗАО,96.9,8.0,8.0,0.0,3.0,https://www.cian.ru/sale/flat/299374465/,505675.95,Последний,Вторичка
70000000.0,СВАО,152.4,20.0,21.0,0.0,4.0,https://www.cian.ru/sale/flat/299376345/,459317.59,Средний,Вторичка
52900000.0,ЮЗАО,121.9,33.0,34.0,0.0,4.0,https://www.cian.ru/sale/flat/299382102/,433962.26,Средний,Вторичка
18000000.0,СВАО,58.0,10.0,21.0,0.0,2.0,https://www.cian.ru/sale/flat/299382631/,310344.83,Средний,Вторичка
21500000.0,ЮВАО,41.0,13.0,23.0,0.0,1.0,https://www.cian.ru/sale/flat/299382827/,524390.24,Средний,Вторичка
23700000.0,ВАО,72.74,25.0,33.0,1.0,3.0,https://www.cian.ru/sale/flat/299383269/,325817.98,Средний,Новостройка
37500000.0,САО,84.0,14.0,26.0,0.0,3.0,https://www.cian.ru/sale/flat/299384370/,446428.57,Средний,Вторичка
87000000.0,ЮЗАО,115.7,5.0,19.0,0.0,3.0,https://www.cian.ru/sale/flat/299385590/,751944.68,Средний,Вторичка
18950000.0,САО,64.1,3.0,17.0,0.0,2.0,https://www.cian.ru/sale/flat/299389260/,295631.83,Средний,Вторичка
19200000.0,САО,42.3,2.0,8.0,0.0,2.0,https://www.cian.ru/sale/flat/299389518/,453900.71,Средний,Вторичка
12290000.0,СВАО,36.9,8.0,18.0,0.0,1.0,https://www.cian.ru/sale/flat/299396300/,333062.33,Средний,Вторичка
23000000.0,СЗАО,44.6,2.0,9.0,1.0,1.0,https://www.cian.ru/sale/flat/299402407/,515695.07,Средний,Новостройка
9950000.0,САО,44.0,8.0,9.0,0.0,2.0,https://www.cian.ru/sale/flat/299402447/,226136.36,Средний,Вторичка
20500000.0,ЮЗАО,87.0,22.0,23.0,0.0,4.0,https://www.cian.ru/sale/flat/299404883/,235632.18,Средний,Вторичка
29000000.0,ЮАО,59.96,37.0,40.0,1.0,2.0,https://www.cian.ru/sale/flat/299411849/,483655.77,Средний,Новостройка
22990000.0,СЗАО,47.2,9.0,13.0,1.0,1.0,https://www.cian.ru/sale/flat/299412868/,487076.27,Средний,Новостройка
45000000.0,СЗАО,71.0,8.0,36.0,0.0,2.0,https://www.cian.ru/sale/flat/299414368/,633802.82,Средний,Вторичка
47450000.0,САО,60.0,2.0,37.0,0.0,2.0,https://www.cian.ru/sale/flat/299414804/,790833.33,Средний,Вторичка
31400000.0,ЗАО,71.3,29.0,38.0,0.0,3.0,https://www.cian.ru/sale/flat/299415131/,440392.71,Средний,Вторичка
8200000.0,ЮВАО,34.8,4.0,9.0,0.0,1.0,https://www.cian.ru/sale/flat/299415187/,235632.18,Средний,Вторичка
29950000.0,ЦАО,43.0,5.0,17.0,0.0,2.0,https://www.cian.ru/sale/flat/299415534/,696511.63,Средний,Вторичка
17500000.0,ЮЗАО,55.2,11.0,25.0,0.0,2.0,https://www.cian.ru/sale/flat/299415722/,317028.99,Средний,Вторичка
10800000.0,ВАО,45.0,7.0,9.0,0.0,2.0,https://www.cian.ru/sale/flat/299417295/,240000.0,Средний,Вторичка
24500000.0,САО,58.2,2.0,8.0,0.0,2.0,https://www.cian.ru/sale/flat/299421104/,420962.2,Средний,Вторичка
11300000.0,ЗАО,37.8,11.0,17.0,0.0,1.0,https://www.cian.ru/sale/flat/299426713/,298941.8,Средний,Вторичка
14400000.0,ЮАО,36.9,18.0,26.0,0.0,1.0,https://www.cian.ru/sale/flat/299427439/,390243.9,Средний,Вторичка
41500000.0,ЦАО,70.3,12.0,27.0,0.0,2.0,https://www.cian.ru/sale/flat/299429352/,590327.17,Средний,Вторичка
11500000.0,СЗАО,46.3,28.0,33.0,1.0,2.0,https://www.cian.ru/sale/flat/299430589/,248380.13,Средний,Новостройка
11700000.0,ЮВАО,42.0,7.0,9.0,0.0,2.0,https://www.cian.ru/sale/flat/299430799/,278571.43,Средний,Вторичка
9900000.0,ЮВАО,37.4,7.0,9.0,0.0,2.0,https://www.cian.ru/sale/flat/299432268/,264705.88,Средний,Вторичка
20500000.0,ВАО,78.4,4.0,6.0,0.0,2.0,https://www.cian.ru/sale/flat/299432509/,261479.59,Средний,Вторичка
17400000.0,СВАО,35.8,4.0,10.0,0.0,1.0,https://www.cian.ru/sale/flat/299433333/,486033.52,Средний,Вторичка
43800000.0,СЗАО,82.0,23.0,49.0,0.0,3.0,https://www.cian.ru/sale/flat/299433410/,534146.34,Средний,Вторичка
30600000.0,САО,56.0,16.0,24.0,0.0,2.0,https://www.cian.ru/sale/flat/299435128/,546428.57,Средний,Вторичка
13200000.0,СЗАО,53.5,1.0,4.0,0.0,2.0,https://www.cian.ru/sale/flat/299437447/,246728.97,Первый,Вторичка
11690000.0,ЮЗАО,35.5,6.0,15.0,0.0,2.0,https://www.cian.ru/sale/flat/299440062/,329295.77,Средний,Вторичка
15100000.0,САО,50.0,6.0,31.0,0.0,2.0,https://www.cian.ru/sale/flat/299447787/,302000.0,Средний,Вторичка
35000000.0,САО,99.2,13.0,18.0,0.0,3.0,https://www.cian.ru/sale/flat/299448022/,352822.58,Средний,Вторичка
12015584.0,ЗАО,38.8,5.0,25.0,1.0,1.0,https://www.cian.ru/sale/flat/299449732/,309680.0,Средний,Новостройка
16541000.0,ЗАО,55.6,3.0,25.0,1.0,2.0,https://www.cian.ru/sale/flat/299449764/,297500.0,Средний,Новостройка
15333570.0,ЗАО,51.3,3.0,25.0,1.0,2.0,https://www.cian.ru/sale/flat/299449765/,298900.0,Средний,Новостройка
16811680.0,ЗАО,58.7,5.0,25.0,1.0,2.0,https://www.cian.ru/sale/flat/299449776/,286400.0,Средний,Новостройка
11155271.0,ЗАО,35.1,6.0,25.0,1.0,1.0,https://www.cian.ru/sale/flat/299449778/,317813.99,Средний,Новостройка
10831048.0,ЗАО,33.1,6.0,25.0,1.0,1.0,https://www.cian.ru/sale/flat/299449780/,327221.99,Средний,Новостройка
22123140.0,ЗАО,75.3,9.0,25.0,1.0,3.0,https://www.cian.ru/sale/flat/299449784/,293800.0,Средний,Новостройка
19869852.0,ЗАО,68.8,9.0,25.0,1.0,2.0,https://www.cian.ru/sale/flat/299449787/,288805.99,Средний,Новостройка
27281980.0,ЗАО,92.2,9.0,25.0,1.0,4.0,https://www.cian.ru/sale/flat/299449788/,295900.0,Средний,Новостройка
10857959.0,ЗАО,35.5,2.0,25.0,1.0,1.0,https://www.cian.ru/sale/flat/299449789/,305858.0,Средний,Новостройка
15625394.0,ЗАО,51.4,12.0,25.0,1.0,2.0,https://www.cian.ru/sale/flat/299449791/,303995.99,Средний,Новостройка
16459884.0,ЗАО,55.8,25.0,25.0,1.0,2.0,https://www.cian.ru/sale/flat/299449801/,294980.0,Последний,Новостройка
12897995.0,ЗАО,43.9,5.0,25.0,1.0,1.0,https://www.cian.ru/sale/flat/299449806/,293803.99,Средний,Новостройка
15731763.0,ЗАО,51.8,13.0,25.0,1.0,2.0,https://www.cian.ru/sale/flat/299449809/,303701.99,Средний,Новостройка
11062867.0,ЗАО,35.2,14.0,25.0,1.0,1.0,https://www.cian.ru/sale/flat/299449812/,314285.99,Средний,Новостройка
11348498.0,ЗАО,35.5,14.0,25.0,1.0,1.0,https://www.cian.ru/sale/flat/299449813/,319676.0,Средний,Новостройка
10805117.0,ЗАО,33.3,14.0,25.0,1.0,1.0,https://www.cian.ru/sale/flat/299449816/,324477.99,Средний,Новостройка
11734304.0,ЗАО,38.7,4.0,25.0,1.0,1.0,https://www.cian.ru/sale/flat/299449817/,303211.99,Средний,Новостройка
25333027.0,ЗАО,92.3,9.0,25.0,1.0,4.0,https://www.cian.ru/sale/flat/299449818/,274464.0,Средний,Новостройка
15981280.0,ЗАО,53.2,3.0,25.0,1.0,2.0,https://www.cian.ru/sale/flat/299449819/,300400.0,Средний,Новостройка
12577790.0,ЗАО,42.4,7.0,25.0,1.0,1.0,https://www.cian.ru/sale/flat/299449820/,296645.99,Средний,Новостройка
21682800.0,ЗАО,76.0,10.0,25.0,1.0,3.0,https://www.cian.ru/sale/flat/299449821/,285300.0,Средний,Новостройка
17948111.0,ЗАО,63.7,13.0,25.0,1.0,3.0,https://www.cian.ru/sale/flat/299449830/,281759.98,Средний,Новостройка
15146733.0,ЗАО,50.1,18.0,25.0,1.0,2.0,https://www.cian.ru/sale/flat/299449835/,302330.0,Средний,Новостройка
17063118.0,СВАО,60.2,1.0,33.0,1.0,2.0,https://www.cian.ru/sale/flat/299449843/,283440.5,Первый,Новостройка
20299959.0,СВАО,67.4,2.0,33.0,1.0,2.0,https://www.cian.ru/sale/flat/299449844/,301186.34,Средний,Новостройка
23389904.0,СВАО,90.9,1.0,33.0,1.0,3.0,https://www.cian.ru/sale/flat/299449846/,257314.68,Первый,Новостройка
9000000.0,ЮЗАО,34.0,9.0,12.0,0.0,1.0,https://www.cian.ru/sale/flat/299451757/,264705.88,Средний,Вторичка
10200000.0,САО,44.0,8.0,9.0,0.0,2.0,https://www.cian.ru/sale/flat/299453449/,231818.18,Средний,Вторичка
26790000.0,СВАО,82.3,5.0,20.0,0.0,3.0,https://www.cian.ru/sale/flat/299454124/,325516.4,Средний,Вторичка
230000000.0,ЦАО,199.0,4.0,9.0,0.0,4.0,https://www.cian.ru/sale/flat/299456268/,1155778.89,Средний,Вторичка
12300000.0,ВАО,45.7,3.0,9.0,0.0,2.0,https://www.cian.ru/sale/flat/299457040/,269146.61,Средний,Вторичка
27345000.0,ЮВАО,63.0,8.0,30.0,0.0,2.0,https://www.cian.ru/sale/flat/299459113/,434047.62,Средний,Вторичка
13800000.0,САО,62.5,5.0,12.0,0.0,3.0,https://www.cian.ru/sale/flat/299459192/,220800.0,Средний,Вторичка
72000000.0,ЦАО,115.4,6.0,8.0,0.0,4.0,https://www.cian.ru/sale/flat/299459960/,623916.81,Средний,Вторичка
357550360.0,ЦАО,132.6,2.0,8.0,0.0,3.0,https://www.cian.ru/sale/flat/299460124/,2696458.22,Средний,Вторичка
32900000.0,ЗАО,49.2,12.0,14.0,0.0,2.0,https://www.cian.ru/sale/flat/299460217/,668699.19,Средний,Вторичка
32000000.0,ЦАО,43.3,16.0,51.0,0.0,2.0,https://www.cian.ru/sale/flat/299460337/,739030.02,Средний,Вторичка
18500000.0,СВАО,53.2,8.0,25.0,0.0,2.0,https://www.cian.ru/sale/flat/299461037/,347744.36,Средний,Вторичка
39000000.0,СЗАО,84.0,11.0,38.0,0.0,2.0,https://www.cian.ru/sale/flat/299461628/,464285.71,Средний,Вторичка
80000000.0,ЦАО,73.0,8.0,32.0,0.0,2.0,https://www.cian.ru/sale/flat/299462745/,1095890.41,Средний,Вторичка
18500000.0,ЗАО,42.6,15.0,24.0,1.0,1.0,https://www.cian.ru/sale/flat/299463238/,434272.3,Средний,Новостройка
37000000.0,ЗАО,74.3,15.0,20.0,1.0,3.0,https://www.cian.ru/sale/flat/299464154/,497981.16,Средний,Новостройка
219586115.0,ЦАО,181.0,3.0,12.0,0.0,4.0,https://www.cian.ru/sale/flat/299464258/,1213182.96,Средний,Вторичка
16300000.0,ЮВАО,55.5,21.0,25.0,0.0,2.0,https://www.cian.ru/sale/flat/299464659/,293693.69,Средний,Вторичка
36000000.0,ЗАО,100.2,8.0,16.0,0.0,4.0,https://www.cian.ru/sale/flat/299465716/,359281.44,Средний,Вторичка
39900000.0,ЗАО,84.0,5.0,28.0,0.0,2.0,https://www.cian.ru/sale/flat/299465756/,475000.0,Средний,Вторичка
12200000.0,ВАО,45.0,4.0,9.0,0.0,2.0,https://www.cian.ru/sale/flat/299466286/,271111.11,Средний,Вторичка
24990000.0,ЗАО,37.3,2.0,13.0,0.0,1.0,https://www.cian.ru/sale/flat/299466433/,669973.19,Средний,Вторичка
86990000.0,ЦАО,128.0,4.0,4.0,0.0,3.0,https://www.cian.ru/sale/flat/299466728/,679609.38,Последний,Вторичка
16990000.0,СЗАО,51.4,7.0,25.0,0.0,2.0,https://www.cian.ru/sale/flat/299467046/,330544.75,Средний,Вторичка
11500000.0,ЮВАО,43.0,2.0,9.0,0.0,2.0,https://www.cian.ru/sale/flat/299468868/,267441.86,Средний,Вторичка
12600000.0,ВАО,38.0,3.0,9.0,0.0,2.0,https://www.cian.ru/sale/flat/299469295/,331578.95,Средний,Вторичка
10000000.0,ЮЗАО,38.0,8.0,17.0,0.0,1.0,https://www.cian.ru/sale/flat/299469625/,263157.89,Средний,Вторичка
89000000.0,ЗАО,151.8,21.0,23.0,0.0,4.0,https://www.cian.ru/sale/flat/299469711/,586297.76,Средний,Вторичка
12200000.0,ЮВАО,32.1,25.0,33.0,0.0,2.0,https://www.cian.ru/sale/flat/299471941/,380062.31,Средний,Вторичка
34001079.0,ЮАО,73.3,3.0,11.0,1.0,2.0,https://www.cian.ru/sale/flat/299472253/,463861.92,Средний,Новостройка
7580000.0,ВАО,32.0,2.0,9.0,0.0,1.0,https://www.cian.ru/sale/flat/299472933/,236875.0,Средний,Вторичка
280322700.0,ЦАО,340.0,6.0,6.0,0.0,4.0,https://www.cian.ru/sale/flat/299474676/,824478.53,Последний,Вторичка
11000000.0,ЮЗАО,55.15,6.0,16.0,0.0,2.0,https://www.cian.ru/sale/flat/299477612/,199456.03,Средний,Вторичка
26500000.0,СВАО,70.0,2.0,16.0,0.0,2.0,https://www.cian.ru/sale/flat/299478156/,378571.43,Средний,Вторичка
12000000.0,ВАО,32.0,4.0,4.0,0.0,1.0,https://www.cian.ru/sale/flat/299479360/,375000.0,Последний,Вторичка
28500000.0,ЮАО,98.7,3.0,22.0,0.0,4.0,https://www.cian.ru/sale/flat/299479448/,288753.8,Средний,Вторичка
14950000.0,ЮАО,54.0,2.0,18.0,0.0,2.0,https://www.cian.ru/sale/flat/299479879/,276851.85,Средний,Вторичка
12600000.0,ЮВАО,43.9,6.0,9.0,0.0,2.0,https://www.cian.ru/sale/flat/299480517/,287015.95,Средний,Вторичка
29500000.0,САО,83.6,2.0,5.0,0.0,4.0,https://www.cian.ru/sale/flat/299480630/,352870.81,Средний,Вторичка
22400000.0,СЗАО,64.3,6.0,8.0,0.0,2.0,https://www.cian.ru/sale/flat/299482281/,348367.03,Средний,Вторичка
18700000.0,ЗАО,53.1,18.0,32.0,0.0,2.0,https://www.cian.ru/sale/flat/299482557/,352165.73,Средний,Вторичка
13700000.0,ЮЗАО,38.7,3.0,14.0,0.0,1.0,https://www.cian.ru/sale/flat/299485140/,354005.17,Средний,Вторичка
17350000.0,ЮАО,31.34,3.0,6.0,1.0,1.0,https://www.cian.ru/sale/flat/299485153/,553605.62,Средний,Новостройка
23700000.0,ЮЗАО,100.0,8.0,22.0,0.0,4.0,https://www.cian.ru/sale/flat/299486317/,237000.0,Средний,Вторичка
13400000.0,ЮАО,41.15,6.0,12.0,0.0,1.0,https://www.cian.ru/sale/flat/299486441/,325637.91,Средний,Вторичка
12000000.0,ЮВАО,34.2,4.0,9.0,0.0,1.0,https://www.cian.ru/sale/flat/299487467/,350877.19,Средний,Вторичка
23790000.0,ЗАО,65.7,8.0,12.0,0.0,3.0,https://www.cian.ru/sale/flat/299492949/,362100.46,Средний,Вторичка
13900000.0,ЗАО,36.0,8.0,17.0,0.0,1.0,https://www.cian.ru/sale/flat/299495080/,386111.11,Средний,Вторичка
54500000.0,ЮЗАО,139.9,19.0,28.0,0.0,4.0,https://www.cian.ru/sale/flat/299495105/,389563.97,Средний,Вторичка
15000000.0,ЮЗАО,33.0,4.0,9.0,0.0,1.0,https://www.cian.ru/sale/flat/299495592/,454545.45,Средний,Вторичка
23500000.0,ЮЗАО,91.0,3.0,14.0,0.0,4.0,https://www.cian.ru/sale/flat/299495787/,258241.76,Средний,Вторичка
22990000.0,ЦАО,68.5,4.0,6.0,0.0,3.0,https://www.cian.ru/sale/flat/299495945/,335620.44,Средний,Вторичка
15500000.0,ЮЗАО,38.0,7.0,9.0,0.0,2.0,https://www.cian.ru/sale/flat/299496399/,407894.74,Средний,Вторичка
13550000.0,СЗАО,37.2,3.0,16.0,0.0,1.0,https://www.cian.ru/sale/flat/299496599/,364247.31,Средний,Вторичка
29990000.0,ЦАО,85.1,1.0,9.0,0.0,4.0,https://www.cian.ru/sale/flat/299497692/,352408.93,Первый,Вторичка
22800000.0,СЗАО,48.4,5.0,21.0,0.0,1.0,https://www.cian.ru/sale/flat/299499349/,471074.38,Средний,Вторичка
59900000.0,ЗАО,86.0,14.0,21.0,0.0,2.0,https://www.cian.ru/sale/flat/299500448/,696511.63,Средний,Вторичка
6900000.0,САО,15.8,9.0,9.0,0.0,1.0,https://www.cian.ru/sale/flat/299501100/,436708.86,Последний,Вторичка
19990000.0,СВАО,54.8,3.0,8.0,0.0,2.0,https://www.cian.ru/sale/flat/299501793/,364781.02,Средний,Вторичка
195000000.0,ЦАО,185.0,4.0,9.0,0.0,4.0,https://www.cian.ru/sale/flat/299502167/,1054054.05,Средний,Вторичка
40850000.0,СЗАО,98.4,10.0,21.0,0.0,3.0,https://www.cian.ru/sale/flat/299502656/,415142.28,Средний,Вторичка
112930000.0,ЦАО,102.0,8.0,18.0,0.0,3.0,https://www.cian.ru/sale/flat/299504460/,1107156.86,Средний,Вторичка
12900000.0,СВАО,40.2,14.0,33.0,0.0,1.0,https://www.cian.ru/sale/flat/299505290/,320895.52,Средний,Вторичка
10400000.0,ЗАО,33.0,7.0,9.0,0.0,1.0,https://www.cian.ru/sale/flat/299506735/,315151.52,Средний,Вторичка
15382197.0,ЗАО,51.7,24.0,25.0,1.0,2.0,https://www.cian.ru/sale/flat/299508962/,297527.99,Средний,Новостройка
15579050.0,ЗАО,52.9,3.0,25.0,1.0,2.0,https://www.cian.ru/sale/flat/299508963/,294500.0,Средний,Новостройка
39300000.0,СЗАО,57.4,24.0,24.0,0.0,2.0,https://www.cian.ru/sale/flat/299509241/,684668.99,Последний,Вторичка
41500000.0,СЗАО,64.2,9.0,41.0,0.0,2.0,https://www.cian.ru/sale/flat/299509244/,646417.45,Средний,Вторичка
37000000.0,ЦАО,109.2,5.0,16.0,0.0,4.0,https://www.cian.ru/sale/flat/299509263/,338827.84,Средний,Вторичка
10500000.0,ЮЗАО,33.0,8.0,9.0,0.0,1.0,https://www.cian.ru/sale/flat/299512754/,318181.82,Средний,Вторичка
55000000.0,ЗАО,100.0,15.0,28.0,0.0,3.0,https://www.cian.ru/sale/flat/299516283/,550000.0,Средний,Вторичка
35300000.0,ЗАО,87.3,2.0,8.0,0.0,4.0,https://www.cian.ru/sale/flat/299516756/,404352.81,Средний,Вторичка
54100000.0,САО,108.0,7.0,24.0,0.0,4.0,https://www.cian.ru/sale/flat/299517592/,500925.93,Средний,Вторичка
19690000.0,ЗАО,56.3,9.0,9.0,0.0,2.0,https://www.cian.ru/sale/flat/299518128/,349733.57,Последний,Вторичка
60000000.0,ЦАО,64.5,4.0,21.0,0.0,2.0,https://www.cian.ru/sale/flat/299519415/,930232.56,Средний,Вторичка
38000000.0,САО,92.0,27.0,27.0,0.0,3.0,https://www.cian.ru/sale/flat/299519498/,413043.48,Последний,Вторичка
14500000.0,ЮЗАО,63.0,6.0,9.0,0.0,4.0,https://www.cian.ru/sale/flat/299520142/,230158.73,Средний,Вторичка
25000000.0,ЦАО,40.0,6.0,12.0,0.0,2.0,https://www.cian.ru/sale/flat/299520473/,625000.0,Средний,Вторичка
11800000.0,ВАО,38.0,15.0,17.0,0.0,1.0,https://www.cian.ru/sale/flat/299520739/,310526.32,Средний,Вторичка
7500000.0,ЮЗАО,38.3,11.0,17.0,0.0,1.0,https://www.cian.ru/sale/flat/299520907/,195822.45,Средний,Вторичка
54000000.0,САО,83.5,4.0,12.0,0.0,3.0,https://www.cian.ru/sale/flat/299521451/,646706.59,Средний,Вторичка
20000000.0,СЗАО,41.3,12.0,48.0,0.0,1.0,https://www.cian.ru/sale/flat/299523715/,484261.5,Средний,Вторичка
20000000.0,СЗАО,41.8,12.0,48.0,0.0,1.0,https://www.cian.ru/sale/flat/299523717/,478468.9,Средний,Вторичка
57900000.0,СВАО,100.0,3.0,15.0,0.0,3.0,https://www.cian.ru/sale/flat/299524863/,579000.0,Средний,Вторичка
9300000.0,СВАО,33.0,3.0,9.0,0.0,1.0,https://www.cian.ru/sale/flat/299525068/,281818.18,Средний,Вторичка
48000000.0,ЦАО,76.0,4.0,5.0,0.0,4.0,https://www.cian.ru/sale/flat/299525140/,631578.95,Средний,Вторичка
15000000.0,ЮАО,40.2,4.0,17.0,0.0,1.0,https://www.cian.ru/sale/flat/299525163/,373134.33,Средний,Вторичка
22500000.0,ВАО,58.0,2.0,12.0,0.0,2.0,https://www.cian.ru/sale/flat/299526673/,387931.03,Средний,Вторичка
20750600.0,СВАО,59.8,6.0,22.0,1.0,2.0,https://www.cian.ru/sale/flat/299527046/,347000.0,Средний,Новостройка
24719029.0,СВАО,64.0,7.0,22.0,1.0,2.0,https://www.cian.ru/sale/flat/299527047/,386234.83,Средний,Новостройка
21071107.0,СВАО,58.3,12.0,22.0,1.0,1.0,https://www.cian.ru/sale/flat/299527048/,361425.51,Средний,Новостройка
39900000.0,СЗАО,63.5,13.0,36.0,0.0,2.0,https://www.cian.ru/sale/flat/299528147/,628346.46,Средний,Вторичка
49000000.0,ЮЗАО,113.6,19.0,28.0,0.0,3.0,https://www.cian.ru/sale/flat/299531732/,431338.03,Средний,Вторичка
20072275.0,ЮАО,38.5,12.0,15.0,1.0,1.0,https://www.cian.ru/sale/flat/299533279/,521357.79,Средний,Новостройка
48000000.0,ЗАО,220.0,4.0,25.0,0.0,4.0,https://www.cian.ru/sale/flat/299540611/,218181.82,Средний,Вторичка
9900000.0,ЮВАО,37.1,8.0,9.0,0.0,2.0,https://www.cian.ru/sale/flat/299542495/,266846.36,Средний,Вторичка
29800000.0,СВАО,74.3,11.0,17.0,0.0,3.0,https://www.cian.ru/sale/flat/299542967/,401076.72,Средний,Вторичка
36500000.0,САО,76.0,9.0,10.0,0.0,3.0,https://www.cian.ru/sale/flat/299543745/,480263.16,Средний,Вторичка
10800000.0,ЗАО,38.5,19.0,22.0,0.0,1.0,https://www.cian.ru/sale/flat/299543766/,280519.48,Средний,Вторичка
17300000.0,ЮЗАО,90.0,2.0,22.0,0.0,3.0,https://www.cian.ru/sale/flat/299549331/,192222.22,Средний,Вторичка
93750000.0,ЗАО,125.0,5.0,14.0,0.0,4.0,https://www.cian.ru/sale/flat/299549536/,750000.0,Средний,Вторичка
75000000.0,ЦАО,117.0,2.0,4.0,0.0,4.0,https://www.cian.ru/sale/flat/299552813/,641025.64,Средний,Вторичка
9700000.0,ЮВАО,35.0,4.0,12.0,0.0,1.0,https://www.cian.ru/sale/flat/299553350/,277142.86,Средний,Вторичка
16000000.0,СЗАО,65.0,6.0,9.0,0.0,4.0,https://www.cian.ru/sale/flat/299554948/,246153.85,Средний,Вторичка
10900000.0,ВАО,38.0,1.0,9.0,0.0,2.0,https://www.cian.ru/sale/flat/299556246/,286842.11,Первый,Вторичка
17900000.0,ЮВАО,80.7,1.0,9.0,0.0,3.0,https://www.cian.ru/sale/flat/299556772/,221809.17,Первый,Вторичка
38000000.0,СЗАО,82.5,36.0,53.0,0.0,3.0,https://www.cian.ru/sale/flat/299557531/,460606.06,Средний,Вторичка
32200000.0,ЗАО,79.7,17.0,54.0,1.0,3.0,https://www.cian.ru/sale/flat/299559473/,404015.06,Средний,Новостройка
12500000.0,ЮАО,53.0,9.0,9.0,0.0,3.0,https://www.cian.ru/sale/flat/299559924/,235849.06,Последний,Вторичка
14800000.0,ЮВАО,41.1,14.0,26.0,0.0,1.0,https://www.cian.ru/sale/flat/299560332/,360097.32,Средний,Вторичка
11500000.0,САО,37.7,8.0,9.0,0.0,2.0,https://www.cian.ru/sale/flat/299560653/,305039.79,Средний,Вторичка
10500000.0,СЗАО,32.9,3.0,9.0,0.0,1.0,https://www.cian.ru/sale/flat/299560983/,319148.94,Средний,Вторичка
13000000.0,САО,37.2,5.0,9.0,0.0,2.0,https://www.cian.ru/sale/flat/299561140/,349462.37,Средний,Вторичка
15000000.0,ЗАО,53.6,7.0,16.0,0.0,2.0,https://www.cian.ru/sale/flat/299561244/,279850.75,Средний,Вторичка
17500000.0,ВАО,65.4,5.0,9.0,0.0,4.0,https://www.cian.ru/sale/flat/299561845/,267584.1,Средний,Вторичка
40280000.0,СЗАО,76.0,3.0,15.0,0.0,3.0,https://www.cian.ru/sale/flat/299561961/,530000.0,Средний,Вторичка
33800000.0,ЮВАО,97.4,13.0,27.0,0.0,4.0,https://www.cian.ru/sale/flat/299562271/,347022.59,Средний,Вторичка
9000000.0,ЮВАО,40.0,11.0,14.0,0.0,1.0,https://www.cian.ru/sale/flat/299562651/,225000.0,Средний,Вторичка
57000000.0,ЦАО,97.0,8.0,8.0,0.0,4.0,https://www.cian.ru/sale/flat/299562910/,587628.87,Последний,Вторичка
904784400.0,ЦАО,198.8,3.0,5.0,1.0,3.0,https://www.cian.ru/sale/flat/299563199/,4551229.38,Средний,Новостройка
17900000.0,САО,38.4,15.0,17.0,0.0,1.0,https://www.cian.ru/sale/flat/299563667/,466145.83,Средний,Вторичка
23000000.0,ЮЗАО,100.0,3.0,9.0,0.0,4.0,https://www.cian.ru/sale/flat/299563876/,230000.0,Средний,Вторичка
12000000.0,СЗАО,33.12,3.0,12.0,0.0,1.0,https://www.cian.ru/sale/flat/299564815/,362318.84,Средний,Вторичка
47000000.0,ЦАО,83.6,7.0,15.0,0.0,3.0,https://www.cian.ru/sale/flat/299564852/,562200.96,Средний,Вторичка
8780000.0,ВАО,34.0,5.0,9.0,0.0,1.0,https://www.cian.ru/sale/flat/299565654/,258235.29,Средний,Вторичка
12000000.0,ЮВАО,34.7,6.0,16.0,0.0,1.0,https://www.cian.ru/sale/flat/299565713/,345821.33,Средний,Вторичка
37500000.0,СЗАО,91.0,10.0,25.0,0.0,3.0,https://www.cian.ru/sale/flat/299566213/,412087.91,Средний,Вторичка
70000000.0,СВАО,109.5,12.0,23.0,0.0,4.0,https://www.cian.ru/sale/flat/299566803/,639269.41,Средний,Вторичка
9900000.0,ЮАО,38.5,2.0,16.0,0.0,1.0,https://www.cian.ru/sale/flat/299567278/,257142.86,Средний,Вторичка
9800000.0,ЗАО,38.5,17.0,17.0,0.0,1.0,https://www.cian.ru/sale/flat/299567766/,254545.45,Последний,Вторичка
7490000.0,САО,24.9,7.0,9.0,0.0,1.0,https://www.cian.ru/sale/flat/299568425/,300803.21,Средний,Вторичка
44000000.0,САО,67.0,3.0,19.0,0.0,3.0,https://www.cian.ru/sale/flat/299569505/,656716.42,Средний,Вторичка
64990000.0,ЗАО,146.8,22.0,25.0,0.0,4.0,https://www.cian.ru/sale/flat/299569914/,442711.17,Средний,Вторичка
10900000.0,ЮВАО,37.8,3.0,17.0,0.0,1.0,https://www.cian.ru/sale/flat/299570022/,288359.79,Средний,Вторичка
80000000.0,САО,106.0,13.0,15.0,0.0,3.0,https://www.cian.ru/sale/flat/299570606/,754716.98,Средний,Вторичка
17900000.0,ЮАО,63.0,9.0,9.0,0.0,4.0,https://www.cian.ru/sale/flat/299572455/,284126.98,Последний,Вторичка
10600000.0,САО,35.0,1.0,14.0,0.0,1.0,https://www.cian.ru/sale/flat/299572625/,302857.14,Первый,Вторичка
26990000.0,ЗАО,70.5,3.0,8.0,0.0,3.0,https://www.cian.ru/sale/flat/299573059/,382836.88,Средний,Вторичка
33000000.0,САО,91.1,3.0,8.0,0.0,4.0,https://www.cian.ru/sale/flat/299573780/,362239.3,Средний,Вторичка
9100000.0,САО,25.2,8.0,9.0,0.0,1.0,https://www.cian.ru/sale/flat/299575784/,361111.11,Средний,Вторичка
22000000.0,ЮВАО,93.0,2.0,7.0,0.0,4.0,https://www.cian.ru/sale/flat/299575961/,236559.14,Средний,Вторичка
31500000.0,ЮВАО,70.0,2.0,27.0,0.0,2.0,https://www.cian.ru/sale/flat/299577441/,450000.0,Средний,Вторичка
52251760.0,СЗАО,76.4,14.0,15.0,1.0,2.0,https://www.cian.ru/sale/flat/299578034/,683923.56,Средний,Новостройка
58024630.0,СЗАО,91.3,14.0,15.0,1.0,3.0,https://www.cian.ru/sale/flat/299578035/,635538.12,Средний,Новостройка
47809400.0,СЗАО,91.6,2.0,15.0,1.0,3.0,https://www.cian.ru/sale/flat/299578036/,521936.68,Средний,Новостройка
26000000.0,ЗАО,45.0,4.0,14.0,0.0,1.0,https://www.cian.ru/sale/flat/299579932/,577777.78,Средний,Вторичка
26700000.0,ЗАО,50.4,3.0,28.0,0.0,2.0,https://www.cian.ru/sale/flat/299580417/,529761.9,Средний,Вторичка
31686840.0,ЗАО,89.9,7.0,30.0,1.0,3.0,https://www.cian.ru/sale/flat/299583573/,352467.63,Средний,Новостройка
16360104.0,ЗАО,37.37,17.0,30.0,1.0,2.0,https://www.cian.ru/sale/flat/299583575/,437787.1,Средний,Новостройка
18343212.0,ЗАО,44.79,18.0,30.0,1.0,2.0,https://www.cian.ru/sale/flat/299583584/,409538.11,Средний,Новостройка
45823834.0,ЗАО,134.39,29.0,29.0,1.0,4.0,https://www.cian.ru/sale/flat/299583586/,340976.52,Последний,Новостройка
34061400.0,ЗАО,74.67,28.0,30.0,1.0,3.0,https://www.cian.ru/sale/flat/299583590/,456159.1,Средний,Новостройка
19599000.0,САО,81.0,4.0,12.0,0.0,4.0,https://www.cian.ru/sale/flat/299586601/,241962.96,Средний,Вторичка
23000000.0,САО,84.0,2.0,14.0,0.0,4.0,https://www.cian.ru/sale/flat/299587002/,273809.52,Средний,Вторичка
12990000.0,ЮЗАО,34.7,12.0,12.0,0.0,1.0,https://www.cian.ru/sale/flat/299587318/,374351.59,Последний,Вторичка
90900900.0,ЦАО,87.0,6.0,21.0,0.0,3.0,https://www.cian.ru/sale/flat/299588498/,1044837.93,Средний,Вторичка
15500000.0,СЗАО,53.3,11.0,16.0,0.0,2.0,https://www.cian.ru/sale/flat/299591930/,290806.75,Средний,Вторичка
235230500.0,ЦАО,139.0,8.0,11.0,0.0,3.0,https://www.cian.ru/sale/flat/299593466/,1692305.76,Средний,Вторичка
10600000.0,СВАО,44.2,4.0,9.0,0.0,2.0,https://www.cian.ru/sale/flat/299594980/,239819.0,Средний,Вторичка
19990000.0,ЦАО,45.2,4.0,8.0,0.0,2.0,https://www.cian.ru/sale/flat/299595089/,442256.64,Средний,Вторичка
18500000.0,СЗАО,54.7,3.0,5.0,0.0,3.0,https://www.cian.ru/sale/flat/299595531/,338208.41,Средний,Вторичка
22500000.0,ЮАО,83.6,23.0,25.0,0.0,3.0,https://www.cian.ru/sale/flat/299595703/,269138.76,Средний,Вторичка
13500000.0,САО,43.2,4.0,5.0,0.0,2.0,https://www.cian.ru/sale/flat/299596557/,312500.0,Средний,Вторичка
14300000.0,ЮАО,62.4,5.0,9.0,0.0,4.0,https://www.cian.ru/sale/flat/299596657/,229166.67,Средний,Вторичка
11490000.0,ЮАО,38.0,5.0,17.0,0.0,1.0,https://www.cian.ru/sale/flat/299601171/,302368.42,Средний,Вторичка
20000000.0,СВАО,52.3,6.0,33.0,1.0,2.0,https://www.cian.ru/sale/flat/299601485/,382409.18,Средний,Новостройка
12699000.0,ВАО,40.9,6.0,8.0,0.0,2.0,https://www.cian.ru/sale/flat/299601515/,310489.0,Средний,Вторичка
188800000.0,ЗАО,150.0,47.0,53.0,0.0,3.0,https://www.cian.ru/sale/flat/299601528/,1258666.67,Средний,Вторичка
52000000.0,ЗАО,105.6,12.0,28.0,0.0,4.0,https://www.cian.ru/sale/flat/299601548/,492424.24,Средний,Вторичка
67500000.0,ЮАО,114.7,19.0,22.0,0.0,3.0,https://www.cian.ru/sale/flat/299603108/,588491.72,Средний,Вторичка
52990000.0,САО,85.7,5.0,12.0,0.0,3.0,https://www.cian.ru/sale/flat/299603765/,618319.72,Средний,Вторичка
13900000.0,ВАО,63.2,5.0,9.0,0.0,4.0,https://www.cian.ru/sale/flat/299603832/,219936.71,Средний,Вторичка
280322700.0,ЦАО,340.0,6.0,6.0,0.0,4.0,https://www.cian.ru/sale/flat/299604103/,824478.53,Последний,Вторичка
22500000.0,СЗАО,84.0,2.0,14.0,0.0,4.0,https://www.cian.ru/sale/flat/299604208/,267857.14,Средний,Вторичка
27500000.0,ЮАО,63.0,2.0,20.0,1.0,2.0,https://www.cian.ru/sale/flat/299605376/,436507.94,Средний,Новостройка
22500000.0,ЗАО,41.14,4.0,7.0,1.0,1.0,https://www.cian.ru/sale/flat/299605383/,546912.98,Средний,Новостройка
348141140.0,ЦАО,204.0,8.0,22.0,0.0,3.0,https://www.cian.ru/sale/flat/299606430/,1706574.22,Средний,Вторичка
33376136.0,ЮАО,72.5,19.0,24.0,1.0,2.0,https://www.cian.ru/sale/flat/299606669/,460360.5,Средний,Новостройка
52990000.0,САО,83.67,5.0,12.0,0.0,3.0,https://www.cian.ru/sale/flat/299606888/,633321.38,Средний,Вторичка
97178536.0,ЦАО,160.0,4.0,7.0,0.0,4.0,https://www.cian.ru/sale/flat/299609144/,607365.85,Средний,Вторичка
70000000.0,ЦАО,123.0,9.0,18.0,0.0,3.0,https://www.cian.ru/sale/flat/299609442/,569105.69,Средний,Вторичка
8200000.0,ЮАО,32.7,8.0,9.0,0.0,1.0,https://www.cian.ru/sale/flat/299610779/,250764.53,Средний,Вторичка
14500000.0,САО,47.2,12.0,33.0,0.0,2.0,https://www.cian.ru/sale/flat/299611996/,307203.39,Средний,Вторичка
79950000.0,ЗАО,140.0,22.0,22.0,0.0,4.0,https://www.cian.ru/sale/flat/299612030/,571071.43,Последний,Вторичка
8200000.0,ВАО,34.8,10.0,16.0,0.0,1.0,https://www.cian.ru/sale/flat/299612275/,235632.18,Средний,Вторичка
53500000.0,СЗАО,104.0,11.0,43.0,0.0,4.0,https://www.cian.ru/sale/flat/299612515/,514423.08,Средний,Вторичка
19980000.0,СЗАО,39.0,5.0,25.0,0.0,2.0,https://www.cian.ru/sale/flat/299615213/,512307.69,Средний,Вторичка
16500000.0,ЮВАО,53.0,6.0,17.0,0.0,2.0,https://www.cian.ru/sale/flat/299616814/,311320.75,Средний,Вторичка
21500000.0,ЮВАО,78.7,7.0,7.0,0.0,2.0,https://www.cian.ru/sale/flat/299617369/,273189.33,Последний,Вторичка
39500000.0,ЮВАО,79.0,3.0,29.0,0.0,3.0,https://www.cian.ru/sale/flat/299619257/,500000.0,Средний,Вторичка
9600000.0,ЮЗАО,32.0,1.0,5.0,0.0,1.0,https://www.cian.ru/sale/flat/299621067/,300000.0,Первый,Вторичка
8990000.0,ЮВАО,38.4,11.0,14.0,0.0,1.0,https://www.cian.ru/sale/flat/299624705/,234114.58,Средний,Вторичка
10100000.0,ВАО,38.0,5.0,14.0,0.0,1.0,https://www.cian.ru/sale/flat/299635064/,265789.47,Средний,Вторичка
125000000.0,СВАО,224.3,24.0,25.0,0.0,4.0,https://www.cian.ru/sale/flat/299637836/,557289.34,Средний,Вторичка
145000000.0,ЦАО,134.0,3.0,10.0,0.0,4.0,https://www.cian.ru/sale/flat/299641072/,1082089.55,Средний,Вторичка
33500000.0,СЗАО,57.6,9.0,44.0,1.0,2.0,https://www.cian.ru/sale/flat/299643248/,581597.22,Средний,Новостройка
53500000.0,ЗАО,124.0,22.0,22.0,0.0,4.0,https://www.cian.ru/sale/flat/299644512/,431451.61,Последний,Вторичка
168500000.0,ЦАО,163.5,3.0,18.0,0.0,4.0,https://www.cian.ru/sale/flat/299645435/,1030581.04,Средний,Вторичка
620000000.0,ЦАО,355.0,4.0,4.0,0.0,4.0,https://www.cian.ru/sale/flat/299645497/,1746478.87,Последний,Вторичка
59900000.0,ЗАО,145.0,4.0,32.0,0.0,4.0,https://www.cian.ru/sale/flat/299646637/,413103.45,Средний,Вторичка
28900000.0,ЗАО,50.0,18.0,44.0,0.0,2.0,https://www.cian.ru/sale/flat/299647198/,578000.0,Средний,Вторичка
15500000.0,ВАО,68.1,2.0,9.0,0.0,4.0,https://www.cian.ru/sale/flat/299648038/,227606.46,Средний,Вторичка
30900000.0,СЗАО,65.0,23.0,25.0,0.0,3.0,https://www.cian.ru/sale/flat/299649081/,475384.62,Средний,Вторичка
13590000.0,ЮАО,52.0,1.0,16.0,0.0,2.0,https://www.cian.ru/sale/flat/299650130/,261346.15,Первый,Вторичка
168000000.0,ЗАО,280.0,42.0,44.0,0.0,4.0,https://www.cian.ru/sale/flat/299650626/,600000.0,Средний,Вторичка
170000000.0,ЦАО,180.0,2.0,8.0,0.0,4.0,https://www.cian.ru/sale/flat/299651859/,944444.44,Средний,Вторичка
29999000.0,ЗАО,77.5,21.0,23.0,0.0,3.0,https://www.cian.ru/sale/flat/299652106/,387083.87,Средний,Вторичка
8350000.0,ЮВАО,31.5,4.0,9.0,0.0,1.0,https://www.cian.ru/sale/flat/299652109/,265079.37,Средний,Вторичка
21900000.0,САО,39.0,17.0,17.0,0.0,2.0,https://www.cian.ru/sale/flat/299652366/,561538.46,Последний,Вторичка
16926240.0,ЗАО,59.1,5.0,25.0,1.0,2.0,https://www.cian.ru/sale/flat/299652496/,286400.0,Средний,Новостройка
12000000.0,САО,37.0,8.0,12.0,0.0,2.0,https://www.cian.ru/sale/flat/299652999/,324324.32,Средний,Вторичка
21000000.0,СВАО,73.0,3.0,12.0,0.0,4.0,https://www.cian.ru/sale/flat/299653201/,287671.23,Средний,Вторичка
94980000.0,СЗАО,137.6,6.0,21.0,1.0,3.0,https://www.cian.ru/sale/flat/299653994/,690261.63,Средний,Новостройка
49000000.0,ЗАО,102.0,16.0,22.0,0.0,4.0,https://www.cian.ru/sale/flat/299654107/,480392.16,Средний,Вторичка
44300000.0,ЗАО,75.0,10.0,26.0,0.0,3.0,https://www.cian.ru/sale/flat/299655341/,590666.67,Средний,Вторичка
31000000.0,ЗАО,46.0,14.0,24.0,0.0,2.0,https://www.cian.ru/sale/flat/299655879/,673913.04,Средний,Вторичка
15768716.0,САО,62.9,3.0,15.0,1.0,4.0,https://www.cian.ru/sale/flat/299656016/,250695.01,Средний,Новостройка
16059038.0,САО,68.3,6.0,15.0,1.0,4.0,https://www.cian.ru/sale/flat/299656059/,235125.01,Средний,Новостройка
17585789.0,САО,83.7,5.0,15.0,1.0,3.0,https://www.cian.ru/sale/flat/299656071/,210105.01,Средний,Новостройка
17676549.0,САО,77.8,8.0,15.0,1.0,3.0,https://www.cian.ru/sale/flat/299656090/,227205.0,Средний,Новостройка
9300000.0,ЮАО,37.2,16.0,17.0,0.0,1.0,https://www.cian.ru/sale/flat/299656583/,250000.0,Средний,Вторичка
51000000.0,САО,100.6,5.0,8.0,0.0,4.0,https://www.cian.ru/sale/flat/299658488/,506958.25,Средний,Вторичка
14900000.0,СВАО,40.0,5.0,9.0,0.0,2.0,https://www.cian.ru/sale/flat/299659010/,372500.0,Средний,Вторичка
28000000.0,ЮАО,55.8,2.0,21.0,1.0,2.0,https://www.cian.ru/sale/flat/299659728/,501792.11,Средний,Новостройка
107235000.0,СЗАО,149.9,5.0,8.0,1.0,4.0,https://www.cian.ru/sale/flat/299660843/,715376.92,Средний,Новостройка
128000000.0,ЦАО,130.0,9.0,15.0,0.0,4.0,https://www.cian.ru/sale/flat/299667494/,984615.38,Средний,Вторичка
33999000.0,ЗАО,100.6,21.0,22.0,0.0,4.0,https://www.cian.ru/sale/flat/299668650/,337962.23,Средний,Вторичка
21500000.0,ЮЗАО,45.6,30.0,34.0,0.0,1.0,https://www.cian.ru/sale/flat/299668666/,471491.23,Средний,Вторичка
24719029.0,СВАО,64.0,6.0,17.0,0.0,2.0,https://www.cian.ru/sale/flat/299671114/,386234.83,Средний,Вторичка
31560000.0,ЗАО,99.2,2.0,5.0,0.0,4.0,https://www.cian.ru/sale/flat/299671312/,318145.16,Средний,Вторичка
28000000.0,СВАО,77.0,12.0,14.0,0.0,3.0,https://www.cian.ru/sale/flat/299672279/,363636.36,Средний,Вторичка
31500000.0,ЦАО,54.0,3.0,5.0,0.0,2.0,https://www.cian.ru/sale/flat/299673217/,583333.33,Средний,Вторичка
12700000.0,СВАО,36.3,7.0,14.0,0.0,1.0,https://www.cian.ru/sale/flat/299673462/,349862.26,Средний,Вторичка
52800000.0,ЦАО,143.0,11.0,30.0,0.0,4.0,https://www.cian.ru/sale/flat/299673926/,369230.77,Средний,Вторичка
16500000.0,ЗАО,52.0,14.0,17.0,0.0,2.0,https://www.cian.ru/sale/flat/299675189/,317307.69,Средний,Вторичка
14500000.0,ВАО,37.7,11.0,33.0,1.0,1.0,https://www.cian.ru/sale/flat/299677411/,384615.38,Средний,Новостройка
8200000.0,ЮЗАО,43.0,8.0,17.0,0.0,1.0,https://www.cian.ru/sale/flat/299679053/,190697.67,Средний,Вторичка
200000000.0,ЦАО,160.0,13.0,21.0,0.0,4.0,https://www.cian.ru/sale/flat/299679142/,1250000.0,Средний,Вторичка
35000000.0,СЗАО,127.0,6.0,10.0,0.0,4.0,https://www.cian.ru/sale/flat/299680815/,275590.55,Средний,Вторичка
36000000.0,ВАО,104.5,7.0,23.0,0.0,4.0,https://www.cian.ru/sale/flat/299681642/,344497.61,Средний,Вторичка
13500000.0,САО,45.1,12.0,14.0,0.0,2.0,https://www.cian.ru/sale/flat/299686686/,299334.81,Средний,Вторичка
14550000.0,СЗАО,51.1,4.0,20.0,1.0,2.0,https://www.cian.ru/sale/flat/299687178/,284735.81,Средний,Новостройка
41499000.0,ЮЗАО,124.4,18.0,22.0,0.0,4.0,https://www.cian.ru/sale/flat/299687502/,333593.25,Средний,Вторичка
30000000.0,СЗАО,100.3,15.0,18.0,0.0,4.0,https://www.cian.ru/sale/flat/299690554/,299102.69,Средний,Вторичка
14500000.0,СЗАО,30.5,6.0,16.0,1.0,1.0,https://www.cian.ru/sale/flat/299693599/,475409.84,Средний,Новостройка
12800000.0,ВАО,42.7,1.0,5.0,0.0,2.0,https://www.cian.ru/sale/flat/299693763/,299765.81,Первый,Вторичка
8100000.0,ЮАО,32.6,9.0,9.0,0.0,1.0,https://www.cian.ru/sale/flat/299694079/,248466.26,Последний,Вторичка
16900000.0,САО,40.0,10.0,16.0,0.0,2.0,https://www.cian.ru/sale/flat/299695600/,422500.0,Средний,Вторичка
33700000.0,САО,103.2,7.0,12.0,0.0,4.0,https://www.cian.ru/sale/flat/299696166/,326550.39,Средний,Вторичка
23900000.0,СВАО,78.6,1.0,15.0,0.0,4.0,https://www.cian.ru/sale/flat/299698361/,304071.25,Первый,Вторичка
29928000.0,СВАО,68.8,3.0,22.0,1.0,2.0,https://www.cian.ru/sale/flat/299702680/,435000.0,Средний,Новостройка
30865030.0,СВАО,70.1,12.0,22.0,1.0,2.0,https://www.cian.ru/sale/flat/299702693/,440300.0,Средний,Новостройка
35955570.0,СВАО,91.7,2.0,22.0,1.0,2.0,https://www.cian.ru/sale/flat/299702708/,392100.0,Средний,Новостройка
36841600.0,СВАО,92.8,4.0,22.0,1.0,2.0,https://www.cian.ru/sale/flat/299702711/,397000.0,Средний,Новостройка
37252800.0,СВАО,93.6,5.0,22.0,1.0,2.0,https://www.cian.ru/sale/flat/299702715/,398000.0,Средний,Новостройка
32964420.0,СВАО,78.9,2.0,22.0,1.0,2.0,https://www.cian.ru/sale/flat/299702726/,417800.0,Средний,Новостройка
30033280.0,СВАО,66.8,14.0,22.0,1.0,2.0,https://www.cian.ru/sale/flat/299702782/,449600.0,Средний,Новостройка
32685120.0,СВАО,77.6,7.0,22.0,1.0,2.0,https://www.cian.ru/sale/flat/299702838/,421200.0,Средний,Новостройка
32474550.0,СВАО,74.5,19.0,22.0,1.0,2.0,https://www.cian.ru/sale/flat/299702854/,435900.0,Средний,Новостройка
35026650.0,СВАО,84.3,2.0,22.0,1.0,2.0,https://www.cian.ru/sale/flat/299702862/,415500.0,Средний,Новостройка
19700000.0,ЮЗАО,91.0,5.0,10.0,0.0,4.0,https://www.cian.ru/sale/flat/299708595/,216483.52,Средний,Вторичка
39900000.0,ЦАО,95.0,5.0,7.0,0.0,3.0,https://www.cian.ru/sale/flat/299710715/,420000.0,Средний,Вторичка
210000000.0,ЦАО,172.0,8.0,9.0,0.0,4.0,https://www.cian.ru/sale/flat/299712795/,1220930.23,Средний,Вторичка
13300000.0,САО,43.9,4.0,9.0,0.0,2.0,https://www.cian.ru/sale/flat/299714188/,302961.28,Средний,Вторичка
33000000.0,ЗАО,83.4,21.0,30.0,0.0,2.0,https://www.cian.ru/sale/flat/299714730/,395683.45,Средний,Вторичка
21000000.0,ЮАО,60.9,1.0,5.0,0.0,2.0,https://www.cian.ru/sale/flat/299715030/,344827.59,Первый,Вторичка
37500000.0,СЗАО,59.0,14.0,24.0,0.0,2.0,https://www.cian.ru/sale/flat/299717407/,635593.22,Средний,Вторичка
99000000.0,ЗАО,290.7,18.0,21.0,0.0,4.0,https://www.cian.ru/sale/flat/299717440/,340557.28,Средний,Вторичка
11500000.0,СВАО,38.9,2.0,12.0,0.0,1.0,https://www.cian.ru/sale/flat/299719558/,295629.82,Средний,Вторичка
8900000.0,ВАО,40.0,9.0,9.0,0.0,1.0,https://www.cian.ru/sale/flat/299720943/,222500.0,Последний,Вторичка
23200000.0,ЮЗАО,68.7,5.0,10.0,0.0,3.0,https://www.cian.ru/sale/flat/299721644/,337700.15,Средний,Вторичка
10300000.0,ЦАО,26.8,6.0,13.0,0.0,1.0,https://www.cian.ru/sale/flat/299722483/,384328.36,Средний,Вторичка
68000000.0,ЦАО,65.1,4.0,20.0,0.0,2.0,https://www.cian.ru/sale/flat/299722529/,1044546.85,Средний,Вторичка
15900000.0,ЮВАО,57.6,7.0,9.0,0.0,3.0,https://www.cian.ru/sale/flat/299722553/,276041.67,Средний,Вторичка
68000000.0,ЗАО,140.0,14.0,22.0,0.0,4.0,https://www.cian.ru/sale/flat/299722812/,485714.29,Средний,Вторичка
14300000.0,САО,61.0,6.0,9.0,0.0,4.0,https://www.cian.ru/sale/flat/299723167/,234426.23,Средний,Вторичка
36490000.0,СЗАО,139.2,3.0,8.0,0.0,4.0,https://www.cian.ru/sale/flat/299724448/,262140.8,Средний,Вторичка
98112945.0,ЦАО,160.0,4.0,9.0,0.0,4.0,https://www.cian.ru/sale/flat/299724522/,613205.91,Средний,Вторичка
15400000.0,ЮЗАО,41.9,17.0,22.0,0.0,1.0,https://www.cian.ru/sale/flat/299724639/,367541.77,Средний,Вторичка
9699000.0,ЗАО,38.0,16.0,22.0,0.0,1.0,https://www.cian.ru/sale/flat/299727317/,255236.84,Средний,Вторичка
30600000.0,САО,42.0,16.0,21.0,0.0,1.0,https://www.cian.ru/sale/flat/299727973/,728571.43,Средний,Вторичка
230000000.0,ЦАО,150.0,5.0,10.0,0.0,3.0,https://www.cian.ru/sale/flat/299728123/,1533333.33,Средний,Вторичка
10700000.0,ЗАО,34.4,1.0,4.0,0.0,1.0,https://www.cian.ru/sale/flat/299728439/,311046.51,Первый,Вторичка
110000000.0,ЦАО,97.0,9.0,21.0,0.0,3.0,https://www.cian.ru/sale/flat/299728876/,1134020.62,Средний,Вторичка
8300000.0,ЮАО,33.0,9.0,12.0,0.0,1.0,https://www.cian.ru/sale/flat/299729992/,251515.15,Средний,Вторичка
59990000.0,СЗАО,110.0,27.0,29.0,0.0,4.0,https://www.cian.ru/sale/flat/299730748/,545363.64,Средний,Вторичка
14500000.0,ЮАО,68.5,4.0,9.0,0.0,3.0,https://www.cian.ru/sale/flat/299731595/,211678.83,Средний,Вторичка
15000000.0,ЮЗАО,62.7,3.0,9.0,0.0,4.0,https://www.cian.ru/sale/flat/299731947/,239234.45,Средний,Вторичка
10850000.0,ВАО,39.7,8.0,9.0,0.0,1.0,https://www.cian.ru/sale/flat/299732160/,273299.75,Средний,Вторичка
10700000.0,ВАО,38.0,4.0,9.0,0.0,2.0,https://www.cian.ru/sale/flat/299733311/,281578.95,Средний,Вторичка
8500000.0,СВАО,32.6,4.0,9.0,0.0,1.0,https://www.cian.ru/sale/flat/299733663/,260736.2,Средний,Вторичка
18100000.0,СВАО,62.5,2.0,17.0,0.0,2.0,https://www.cian.ru/sale/flat/299733844/,289600.0,Средний,Вторичка
10500000.0,ВАО,44.2,6.0,9.0,0.0,2.0,https://www.cian.ru/sale/flat/299737835/,237556.56,Средний,Вторичка
51000000.0,ЗАО,84.8,16.0,39.0,0.0,4.0,https://www.cian.ru/sale/flat/299738263/,601415.09,Средний,Вторичка
15990000.0,СЗАО,65.2,6.0,9.0,0.0,4.0,https://www.cian.ru/sale/flat/299738414/,245245.4,Средний,Вторичка
127000000.0,ЗАО,195.0,3.0,47.0,0.0,4.0,https://www.cian.ru/sale/flat/299738531/,651282.05,Средний,Вторичка
123900000.0,ЦАО,126.0,2.0,3.0,0.0,4.0,https://www.cian.ru/sale/flat/299739475/,983333.33,Средний,Вторичка
31000000.0,ЗАО,46.5,18.0,25.0,0.0,2.0,https://www.cian.ru/sale/flat/299739632/,666666.67,Средний,Вторичка
24500000.0,СВАО,78.8,4.0,32.0,0.0,3.0,https://www.cian.ru/sale/flat/299740434/,310913.71,Средний,Вторичка
27200000.0,СВАО,101.8,21.0,22.0,0.0,4.0,https://www.cian.ru/sale/flat/299740534/,267190.57,Средний,Вторичка
18500000.0,ЮЗАО,37.6,17.0,47.0,1.0,1.0,https://www.cian.ru/sale/flat/299740765/,492021.28,Средний,Новостройка
54900000.0,ЦАО,103.3,2.0,6.0,0.0,4.0,https://www.cian.ru/sale/flat/299742141/,531461.76,Средний,Вторичка
28711400.0,СЗАО,44.5,39.0,43.0,1.0,1.0,https://www.cian.ru/sale/flat/299742678/,645200.0,Средний,Новостройка
82500000.0,СЗАО,150.0,13.0,21.0,0.0,4.0,https://www.cian.ru/sale/flat/299744613/,550000.0,Средний,Вторичка
12000000.0,ВАО,52.3,9.0,12.0,0.0,2.0,https://www.cian.ru/sale/flat/299744949/,229445.51,Средний,Вторичка
170000000.0,ЦАО,193.0,5.0,5.0,0.0,3.0,https://www.cian.ru/sale/flat/299754349/,880829.02,Последний,Вторичка
26000000.0,ЮВАО,100.2,5.0,7.0,0.0,4.0,https://www.cian.ru/sale/flat/299759148/,259481.04,Средний,Вторичка
99800000.0,ЗАО,140.0,14.0,22.0,0.0,4.0,https://www.cian.ru/sale/flat/299761391/,712857.14,Средний,Вторичка
18462000.0,ЗАО,52.0,10.0,29.0,0.0,2.0,https://www.cian.ru/sale/flat/299762508/,355038.46,Средний,Вторичка
21000000.0,ЮВАО,73.0,3.0,14.0,0.0,3.0,https://www.cian.ru/sale/flat/299762885/,287671.23,Средний,Вторичка
15000000.0,СЗАО,55.5,1.0,4.0,0.0,2.0,https://www.cian.ru/sale/flat/299765157/,270270.27,Первый,Вторичка
15000000.0,САО,58.8,2.0,5.0,0.0,3.0,https://www.cian.ru/sale/flat/299765160/,255102.04,Средний,Вторичка
50230694.0,СВАО,106.1,22.0,22.0,1.0,3.0,https://www.cian.ru/sale/flat/299765618/,473427.84,Последний,Новостройка
9300000.0,ЮАО,35.6,1.0,12.0,0.0,1.0,https://www.cian.ru/sale/flat/299766316/,261235.96,Первый,Вторичка
8100000.0,ЗАО,37.0,3.0,8.0,0.0,1.0,https://www.cian.ru/sale/flat/299767197/,218918.92,Средний,Вторичка
12500000.0,ЮАО,53.8,3.0,17.0,0.0,2.0,https://www.cian.ru/sale/flat/299768114/,232342.01,Средний,Вторичка
46750000.0,ЗАО,104.0,6.0,15.0,0.0,3.0,https://www.cian.ru/sale/flat/299769502/,449519.23,Средний,Вторичка
91500000.0,СЗАО,170.0,13.0,19.0,0.0,4.0,https://www.cian.ru/sale/flat/299770399/,538235.29,Средний,Вторичка
145748818.0,ЗАО,105.0,10.0,11.0,0.0,3.0,https://www.cian.ru/sale/flat/299771688/,1388083.98,Средний,Вторичка
29400000.0,ЦАО,65.7,2.0,5.0,0.0,3.0,https://www.cian.ru/sale/flat/299771692/,447488.58,Средний,Вторичка
23748680.0,ЮВАО,67.2,2.0,30.0,0.0,3.0,https://www.cian.ru/sale/flat/299771851/,353402.98,Средний,Вторичка
37457257.0,ЮВАО,83.0,13.0,30.0,0.0,4.0,https://www.cian.ru/sale/flat/299771863/,451292.25,Средний,Вторичка
43847699.0,ЦАО,78.23,13.0,14.0,0.0,3.0,https://www.cian.ru/sale/flat/299773785/,560497.24,Средний,Вторичка
39862929.0,ЮВАО,93.8,7.0,30.0,0.0,4.0,https://www.cian.ru/sale/flat/299773789/,424977.92,Средний,Вторичка
35600769.0,ЮВАО,83.0,9.0,30.0,0.0,4.0,https://www.cian.ru/sale/flat/299773793/,428924.93,Средний,Вторичка
8790000.0,ЮАО,32.5,7.0,9.0,0.0,1.0,https://www.cian.ru/sale/flat/299774427/,270461.54,Средний,Вторичка
10500000.0,ЮАО,38.9,12.0,12.0,0.0,1.0,https://www.cian.ru/sale/flat/299774443/,269922.88,Последний,Вторичка
12700000.0,ВАО,40.0,7.0,12.0,0.0,1.0,https://www.cian.ru/sale/flat/299775850/,317500.0,Средний,Вторичка
9300000.0,ЮАО,38.7,12.0,12.0,0.0,1.0,https://www.cian.ru/sale/flat/299776431/,240310.08,Последний,Вторичка
70000000.0,ЗАО,101.0,2.0,19.0,0.0,3.0,https://www.cian.ru/sale/flat/299776434/,693069.31,Средний,Вторичка
15990000.0,ЗАО,40.0,4.0,14.0,0.0,1.0,https://www.cian.ru/sale/flat/299778170/,399750.0,Средний,Вторичка
21900000.0,ЮАО,52.7,2.0,5.0,0.0,2.0,https://www.cian.ru/sale/flat/299779162/,415559.77,Средний,Вторичка
181800000.0,ЦАО,187.0,2.0,8.0,0.0,4.0,https://www.cian.ru/sale/flat/299779536/,972192.51,Средний,Вторичка
26000000.0,САО,91.1,1.0,17.0,0.0,4.0,https://www.cian.ru/sale/flat/299784538/,285400.66,Первый,Вторичка
23900000.0,СЗАО,54.6,12.0,47.0,0.0,2.0,https://www.cian.ru/sale/flat/299784765/,437728.94,Средний,Вторичка
10300000.0,ЗАО,38.0,7.0,23.0,0.0,1.0,https://www.cian.ru/sale/flat/299785207/,271052.63,Средний,Вторичка
65000000.0,ЦАО,100.0,1.0,4.0,0.0,4.0,https://www.cian.ru/sale/flat/299789215/,650000.0,Первый,Вторичка
53000000.0,СВАО,93.6,4.0,9.0,0.0,3.0,https://www.cian.ru/sale/flat/299789718/,566239.32,Средний,Вторичка
17800000.0,СЗАО,57.6,4.0,25.0,0.0,2.0,https://www.cian.ru/sale/flat/299790654/,309027.78,Средний,Вторичка
22000000.0,ЦАО,40.0,1.0,9.0,0.0,2.0,https://www.cian.ru/sale/flat/299790819/,550000.0,Первый,Вторичка
68900000.0,ЗАО,111.0,4.0,20.0,0.0,4.0,https://www.cian.ru/sale/flat/299792149/,620720.72,Средний,Вторичка
8900000.0,СВАО,37.0,12.0,15.0,1.0,1.0,https://www.cian.ru/sale/flat/299792390/,240540.54,Средний,Новостройка
148000000.0,ЦАО,178.0,15.0,16.0,0.0,3.0,https://www.cian.ru/sale/flat/299793431/,831460.67,Средний,Вторичка
12500000.0,СВАО,35.7,9.0,11.0,0.0,1.0,https://www.cian.ru/sale/flat/299795791/,350140.06,Средний,Вторичка
79000000.0,ЦАО,65.0,7.0,8.0,0.0,2.0,https://www.cian.ru/sale/flat/299795999/,1215384.62,Средний,Вторичка
25700000.0,ЗАО,46.0,11.0,26.0,0.0,1.0,https://www.cian.ru/sale/flat/299796767/,558695.65,Средний,Вторичка
9300000.0,ВАО,31.0,2.0,9.0,0.0,1.0,https://www.cian.ru/sale/flat/299798021/,300000.0,Средний,Вторичка
16200000.0,ЗАО,42.8,30.0,33.0,1.0,2.0,https://www.cian.ru/sale/flat/299808868/,378504.67,Средний,Новостройка
24500000.0,ЗАО,36.0,15.0,20.0,0.0,1.0,https://www.cian.ru/sale/flat/299810301/,680555.56,Средний,Вторичка
52000000.0,ЦАО,50.75,3.0,21.0,0.0,2.0,https://www.cian.ru/sale/flat/299812154/,1024630.54,Средний,Вторичка
15900000.0,ЮЗАО,45.0,2.0,9.0,0.0,2.0,https://www.cian.ru/sale/flat/299812487/,353333.33,Средний,Вторичка
13990000.0,ЮЗАО,62.1,8.0,13.0,0.0,2.0,https://www.cian.ru/sale/flat/299812752/,225281.8,Средний,Вторичка
18799000.0,ЗАО,55.0,7.0,21.0,1.0,3.0,https://www.cian.ru/sale/flat/299812955/,341800.0,Средний,Новостройка
11500000.0,ЮВАО,37.2,5.0,18.0,0.0,1.0,https://www.cian.ru/sale/flat/299814181/,309139.78,Средний,Вторичка
36000000.0,ЮАО,137.1,11.0,17.0,0.0,4.0,https://www.cian.ru/sale/flat/299828417/,262582.06,Средний,Вторичка
210000000.0,ЦАО,172.0,8.0,9.0,0.0,4.0,https://www.cian.ru/sale/flat/299830026/,1220930.23,Средний,Вторичка
77000000.0,ЗАО,166.0,6.0,22.0,0.0,3.0,https://www.cian.ru/sale/flat/299841895/,463855.42,Средний,Вторичка
24000000.0,САО,50.5,4.0,5.0,0.0,2.0,https://www.cian.ru/sale/flat/299842687/,475247.52,Средний,Вторичка
22950000.0,ЮАО,75.8,5.0,20.0,0.0,3.0,https://www.cian.ru/sale/flat/299842929/,302770.45,Средний,Вторичка
10200000.0,СВАО,31.5,4.0,9.0,0.0,1.0,https://www.cian.ru/sale/flat/299842989/,323809.52,Средний,Вторичка
73000000.0,ЗАО,133.0,4.0,24.0,0.0,4.0,https://www.cian.ru/sale/flat/299844318/,548872.18,Средний,Вторичка
120000000.0,ЦАО,122.6,6.0,16.0,0.0,3.0,https://www.cian.ru/sale/flat/299844612/,978792.82,Средний,Вторичка
16650000.0,ЗАО,44.4,9.0,12.0,0.0,2.0,https://www.cian.ru/sale/flat/299844898/,375000.0,Средний,Вторичка
55000000.0,ЗАО,87.0,20.0,21.0,0.0,2.0,https://www.cian.ru/sale/flat/299846528/,632183.91,Средний,Вторичка
37500000.0,ЗАО,45.0,11.0,14.0,0.0,2.0,https://www.cian.ru/sale/flat/299847046/,833333.33,Средний,Вторичка
35500000.0,ЮЗАО,82.0,23.0,42.0,0.0,4.0,https://www.cian.ru/sale/flat/299847616/,432926.83,Средний,Вторичка
44000000.0,ЗАО,140.0,12.0,22.0,0.0,4.0,https://www.cian.ru/sale/flat/299847767/,314285.71,Средний,Вторичка
11500000.0,ЮЗАО,50.8,9.0,17.0,0.0,2.0,https://www.cian.ru/sale/flat/299849732/,226377.95,Средний,Вторичка
110000000.0,ЦАО,156.5,6.0,7.0,0.0,4.0,https://www.cian.ru/sale/flat/299850719/,702875.4,Средний,Вторичка
231523500.0,ЗАО,150.0,8.0,9.0,0.0,4.0,https://www.cian.ru/sale/flat/299851179/,1543490.0,Средний,Вторичка
135000000.0,ЦАО,122.6,8.0,18.0,0.0,4.0,https://www.cian.ru/sale/flat/299851468/,1101141.92,Средний,Вторичка
80000000.0,САО,91.2,7.0,41.0,0.0,3.0,https://www.cian.ru/sale/flat/299852072/,877192.98,Средний,Вторичка
169990000.0,ЦАО,156.6,10.0,13.0,0.0,4.0,https://www.cian.ru/sale/flat/299852097/,1085504.47,Средний,Вторичка
23650000.0,САО,77.2,1.0,6.0,0.0,4.0,https://www.cian.ru/sale/flat/299852972/,306347.15,Первый,Вторичка
16500000.0,ЮВАО,75.6,1.0,14.0,0.0,4.0,https://www.cian.ru/sale/flat/299853143/,218253.97,Первый,Вторичка
13750000.0,ЗАО,44.3,3.0,9.0,0.0,2.0,https://www.cian.ru/sale/flat/299853557/,310383.75,Средний,Вторичка
18130000.0,СВАО,57.4,10.0,22.0,0.0,2.0,https://www.cian.ru/sale/flat/299853615/,315853.66,Средний,Вторичка
22900000.0,ЮЗАО,60.0,3.0,17.0,0.0,2.0,https://www.cian.ru/sale/flat/299853622/,381666.67,Средний,Вторичка
145000000.0,ЦАО,146.0,6.0,13.0,0.0,4.0,https://www.cian.ru/sale/flat/299853624/,993150.68,Средний,Вторичка
14500000.0,СЗАО,43.0,5.0,9.0,0.0,2.0,https://www.cian.ru/sale/flat/299853663/,337209.3,Средний,Вторичка
21500000.0,ЮЗАО,76.2,1.0,14.0,0.0,4.0,https://www.cian.ru/sale/flat/299853880/,282152.23,Первый,Вторичка
13990000.0,ЮАО,44.9,4.0,9.0,0.0,2.0,https://www.cian.ru/sale/flat/299855355/,311581.29,Средний,Вторичка
19999000.0,ЮАО,65.61,4.0,12.0,1.0,2.0,https://www.cian.ru/sale/flat/299855892/,304816.34,Средний,Новостройка
15999000.0,ЮАО,44.45,5.0,12.0,1.0,1.0,https://www.cian.ru/sale/flat/299855973/,359932.51,Средний,Новостройка
14825000.0,ЗАО,52.0,7.0,17.0,0.0,2.0,https://www.cian.ru/sale/flat/299856718/,285096.15,Средний,Вторичка
11930000.0,СВАО,35.1,15.0,22.0,0.0,1.0,https://www.cian.ru/sale/flat/299856834/,339886.04,Средний,Вторичка
18500000.0,СВАО,57.3,18.0,22.0,0.0,2.0,https://www.cian.ru/sale/flat/299856835/,322862.13,Средний,Вторичка
30990000.0,ЗАО,82.5,15.0,39.0,0.0,3.0,https://www.cian.ru/sale/flat/299857029/,375636.36,Средний,Вторичка
80000000.0,ЗАО,130.0,17.0,21.0,0.0,4.0,https://www.cian.ru/sale/flat/299857358/,615384.62,Средний,Вторичка
469028980.0,ЦАО,126.2,2.0,5.0,1.0,2.0,https://www.cian.ru/sale/flat/299858831/,3716552.93,Средний,Новостройка
16900000.0,ЮЗАО,63.4,4.0,9.0,0.0,3.0,https://www.cian.ru/sale/flat/299859361/,266561.51,Средний,Вторичка
16237479.0,ВАО,41.32,2.0,20.0,1.0,1.0,https://www.cian.ru/sale/flat/299859638/,392969.0,Средний,Новостройка
26242560.0,ВАО,65.28,5.0,20.0,1.0,2.0,https://www.cian.ru/sale/flat/299859641/,402000.0,Средний,Новостройка
11200000.0,ЗАО,30.8,2.0,10.0,0.0,1.0,https://www.cian.ru/sale/flat/299859994/,363636.36,Средний,Вторичка
14800000.0,ВАО,65.0,1.0,9.0,0.0,3.0,https://www.cian.ru/sale/flat/299860510/,227692.31,Первый,Вторичка
18450000.0,ВАО,58.0,22.0,33.0,0.0,3.0,https://www.cian.ru/sale/flat/299860834/,318103.45,Средний,Вторичка
11499000.0,ЮЗАО,39.0,15.0,23.0,0.0,1.0,https://www.cian.ru/sale/flat/299862230/,294846.15,Средний,Вторичка
16000000.0,ЮАО,47.0,8.0,9.0,0.0,2.0,https://www.cian.ru/sale/flat/299862540/,340425.53,Средний,Вторичка
35500000.0,ЗАО,55.0,9.0,9.0,0.0,2.0,https://www.cian.ru/sale/flat/299865063/,645454.55,Последний,Вторичка
32450000.0,ЗАО,56.1,17.0,20.0,0.0,2.0,https://www.cian.ru/sale/flat/299865767/,578431.37,Средний,Вторичка
44000000.0,ЮВАО,96.3,3.0,9.0,0.0,4.0,https://www.cian.ru/sale/flat/299869126/,456905.5,Средний,Вторичка
14900000.0,СВАО,44.5,5.0,9.0,0.0,2.0,https://www.cian.ru/sale/flat/299871569/,334831.46,Средний,Вторичка
75000000.0,САО,114.0,25.0,37.0,0.0,3.0,https://www.cian.ru/sale/flat/299872305/,657894.74,Средний,Вторичка
18199000.0,СВАО,51.6,5.0,32.0,1.0,2.0,https://www.cian.ru/sale/flat/299873243/,352693.8,Средний,Новостройка
13900000.0,САО,38.0,10.0,17.0,0.0,1.0,https://www.cian.ru/sale/flat/299875131/,365789.47,Средний,Вторичка
20490000.0,ЮВАО,64.0,9.0,12.0,0.0,3.0,https://www.cian.ru/sale/flat/299875840/,320156.25,Средний,Вторичка
16453178.0,САО,35.8,33.0,33.0,1.0,1.0,https://www.cian.ru/sale/flat/299876147/,459585.98,Последний,Новостройка
18211840.0,ЗАО,51.2,18.0,21.0,1.0,2.0,https://www.cian.ru/sale/flat/299876157/,355700.0,Средний,Новостройка
10900000.0,ЮАО,34.0,9.0,9.0,0.0,1.0,https://www.cian.ru/sale/flat/299877600/,320588.24,Последний,Вторичка
24500000.0,ЗАО,81.6,10.0,17.0,0.0,3.0,https://www.cian.ru/sale/flat/299879025/,300245.1,Средний,Вторичка
39980000.0,ЗАО,70.6,8.0,14.0,0.0,2.0,https://www.cian.ru/sale/flat/299879107/,566288.95,Средний,Вторичка
57000000.0,ЦАО,91.9,7.0,10.0,0.0,3.0,https://www.cian.ru/sale/flat/299880315/,620239.39,Средний,Вторичка
66500000.0,ЦАО,68.0,3.0,28.0,0.0,3.0,https://www.cian.ru/sale/flat/299880493/,977941.18,Средний,Вторичка
560000000.0,ЦАО,283.4,7.0,7.0,0.0,4.0,https://www.cian.ru/sale/flat/299881286/,1976005.65,Последний,Вторичка
9500000.0,ЮВАО,37.6,6.0,17.0,0.0,1.0,https://www.cian.ru/sale/flat/299881508/,252659.57,Средний,Вторичка
58900000.0,ЦАО,100.0,3.0,6.0,0.0,4.0,https://www.cian.ru/sale/flat/299882357/,589000.0,Средний,Вторичка
21990000.0,ЗАО,40.7,3.0,11.0,0.0,1.0,https://www.cian.ru/sale/flat/299883785/,540294.84,Средний,Вторичка
9900000.0,ВАО,40.0,9.0,16.0,0.0,1.0,https://www.cian.ru/sale/flat/299884223/,247500.0,Средний,Вторичка
112900000.0,ЦАО,120.9,17.0,65.0,1.0,4.0,https://www.cian.ru/sale/flat/299885026/,933829.61,Средний,Новостройка
12700000.0,ЗАО,44.0,22.0,25.0,0.0,1.0,https://www.cian.ru/sale/flat/299892401/,288636.36,Средний,Вторичка
231222680.0,ЦАО,140.0,2.0,4.0,0.0,3.0,https://www.cian.ru/sale/flat/299892821/,1651590.57,Средний,Вторичка
51000000.0,СЗАО,128.0,25.0,31.0,0.0,3.0,https://www.cian.ru/sale/flat/299893202/,398437.5,Средний,Вторичка
11190000.0,ЗАО,31.0,2.0,10.0,0.0,1.0,https://www.cian.ru/sale/flat/299893982/,360967.74,Средний,Вторичка
16600000.0,ЮЗАО,54.0,6.0,16.0,0.0,2.0,https://www.cian.ru/sale/flat/299894310/,307407.41,Средний,Вторичка
85000000.0,ЮАО,136.9,6.0,16.0,0.0,3.0,https://www.cian.ru/sale/flat/299894947/,620891.16,Средний,Вторичка
119000000.0,ЦАО,200.0,7.0,8.0,0.0,4.0,https://www.cian.ru/sale/flat/299894967/,595000.0,Средний,Вторичка
170000000.0,ЦАО,151.0,10.0,13.0,0.0,4.0,https://www.cian.ru/sale/flat/299894995/,1125827.81,Средний,Вторичка
46000000.0,СЗАО,108.5,41.0,53.0,0.0,3.0,https://www.cian.ru/sale/flat/299895032/,423963.13,Средний,Вторичка
78000000.0,ЦАО,134.0,6.0,7.0,0.0,4.0,https://www.cian.ru/sale/flat/299895112/,582089.55,Средний,Вторичка
24900000.0,ЮАО,72.4,5.0,17.0,0.0,3.0,https://www.cian.ru/sale/flat/299897129/,343922.65,Средний,Вторичка
33000000.0,ЗАО,73.3,22.0,25.0,0.0,2.0,https://www.cian.ru/sale/flat/299898801/,450204.64,Средний,Вторичка
19990000.0,СВАО,62.0,3.0,7.0,0.0,2.0,https://www.cian.ru/sale/flat/299899135/,322419.35,Средний,Вторичка
14500000.0,ЮАО,65.0,13.0,16.0,0.0,3.0,https://www.cian.ru/sale/flat/299899341/,223076.92,Средний,Вторичка
25059645.0,ЗАО,39.3,7.0,57.0,1.0,1.0,https://www.cian.ru/sale/flat/299901666/,637650.0,Средний,Новостройка
27261998.0,ЗАО,49.27,11.0,57.0,1.0,1.0,https://www.cian.ru/sale/flat/299901667/,553318.41,Средний,Новостройка
16600000.0,ЮВАО,55.0,7.0,12.0,0.0,2.0,https://www.cian.ru/sale/flat/299901758/,301818.18,Средний,Вторичка
17500000.0,ЮВАО,42.4,4.0,5.0,0.0,2.0,https://www.cian.ru/sale/flat/299901814/,412735.85,Средний,Вторичка
29900000.0,ЗАО,56.0,5.0,10.0,0.0,2.0,https://www.cian.ru/sale/flat/299903271/,533928.57,Средний,Вторичка
16600000.0,СВАО,56.6,15.0,19.0,0.0,2.0,https://www.cian.ru/sale/flat/299905470/,293286.22,Средний,Вторичка
140000000.0,ЦАО,138.0,7.0,9.0,0.0,4.0,https://www.cian.ru/sale/flat/299906692/,1014492.75,Средний,Вторичка
18038615.0,САО,42.5,32.0,32.0,1.0,1.0,https://www.cian.ru/sale/flat/299906790/,424438.0,Последний,Новостройка
17742312.0,САО,42.3,27.0,32.0,1.0,1.0,https://www.cian.ru/sale/flat/299906792/,419440.0,Средний,Новостройка
18376470.0,САО,46.3,11.0,32.0,1.0,1.0,https://www.cian.ru/sale/flat/299906811/,396900.0,Средний,Новостройка
57572282.0,ЮАО,114.09,8.0,12.0,1.0,3.0,https://www.cian.ru/sale/flat/299911113/,504621.63,Средний,Новостройка
51076223.0,ЮАО,101.47,5.0,12.0,1.0,3.0,https://www.cian.ru/sale/flat/299911117/,503362.8,Средний,Новостройка
150000000.0,ЦАО,150.5,5.0,6.0,0.0,3.0,https://www.cian.ru/sale/flat/299912758/,996677.74,Средний,Вторичка
66000000.0,САО,110.0,4.0,57.0,0.0,2.0,https://www.cian.ru/sale/flat/299914021/,600000.0,Средний,Вторичка
22500000.0,ЮАО,66.0,6.0,7.0,1.0,3.0,https://www.cian.ru/sale/flat/299916641/,340909.09,Средний,Новостройка
10300000.0,САО,38.1,15.0,17.0,0.0,1.0,https://www.cian.ru/sale/flat/299916899/,270341.21,Средний,Вторичка
12950000.0,ЮВАО,52.1,13.0,18.0,0.0,2.0,https://www.cian.ru/sale/flat/299917593/,248560.46,Средний,Вторичка
9550000.0,ВАО,40.0,10.0,12.0,0.0,2.0,https://www.cian.ru/sale/flat/299918584/,238750.0,Средний,Вторичка
26500000.0,ЮВАО,82.4,13.0,16.0,0.0,3.0,https://www.cian.ru/sale/flat/299918587/,321601.94,Средний,Вторичка
11200000.0,ЮАО,39.0,11.0,17.0,0.0,1.0,https://www.cian.ru/sale/flat/299919212/,287179.49,Средний,Вторичка
9100000.0,СЗАО,30.0,2.0,5.0,0.0,1.0,https://www.cian.ru/sale/flat/299920319/,303333.33,Средний,Вторичка
12000000.0,СЗАО,36.7,1.0,9.0,0.0,1.0,https://www.cian.ru/sale/flat/299920940/,326975.48,Первый,Вторичка
33800000.0,СВАО,95.2,20.0,23.0,0.0,3.0,https://www.cian.ru/sale/flat/299921587/,355042.02,Средний,Вторичка
21500000.0,СВАО,39.7,14.0,16.0,0.0,1.0,https://www.cian.ru/sale/flat/299924739/,541561.71,Средний,Вторичка
765000000.0,ЦАО,273.8,7.0,7.0,0.0,4.0,https://www.cian.ru/sale/flat/299925024/,2794010.23,Последний,Вторичка
30000000.0,ЦАО,56.1,8.0,16.0,0.0,2.0,https://www.cian.ru/sale/flat/299925097/,534759.36,Средний,Вторичка
486000000.0,ЦАО,252.3,4.0,7.0,0.0,4.0,https://www.cian.ru/sale/flat/299925208/,1926278.24,Средний,Вторичка
75000000.0,САО,115.7,18.0,50.0,0.0,3.0,https://www.cian.ru/sale/flat/299925925/,648228.18,Средний,Вторичка
11800000.0,ЮВАО,37.7,1.0,12.0,0.0,2.0,https://www.cian.ru/sale/flat/299926036/,312997.35,Первый,Вторичка
186000000.0,ЦАО,186.0,2.0,8.0,0.0,3.0,https://www.cian.ru/sale/flat/299926797/,1000000.0,Средний,Вторичка
10500000.0,СВАО,35.1,5.0,9.0,0.0,1.0,https://www.cian.ru/sale/flat/299927384/,299145.3,Средний,Вторичка
10500000.0,ЗАО,38.3,2.0,13.0,0.0,1.0,https://www.cian.ru/sale/flat/299928314/,274151.44,Средний,Вторичка
85244381.0,ЦАО,76.65,4.0,17.0,1.0,2.0,https://www.cian.ru/sale/flat/299928834/,1112125.0,Средний,Новостройка
14100000.0,ЮВАО,39.8,6.0,24.0,0.0,1.0,https://www.cian.ru/sale/flat/299928892/,354271.36,Средний,Вторичка
59900000.0,ЗАО,135.1,25.0,28.0,0.0,4.0,https://www.cian.ru/sale/flat/299930308/,443375.28,Средний,Вторичка
37900000.0,ЦАО,42.9,2.0,4.0,0.0,2.0,https://www.cian.ru/sale/flat/299932467/,883449.88,Средний,Вторичка
30500000.0,ЮЗАО,48.8,9.0,26.0,0.0,1.0,https://www.cian.ru/sale/flat/299934509/,625000.0,Средний,Вторичка
81980000.0,ЗАО,156.0,7.0,24.0,0.0,3.0,https://www.cian.ru/sale/flat/299936366/,525512.82,Средний,Вторичка
29300000.0,СЗАО,65.3,23.0,41.0,0.0,2.0,https://www.cian.ru/sale/flat/299936962/,448698.32,Средний,Вторичка
10000000.0,ЮВАО,38.6,3.0,12.0,0.0,1.0,https://www.cian.ru/sale/flat/299937034/,259067.36,Средний,Вторичка
16500000.0,СВАО,58.0,2.0,17.0,0.0,2.0,https://www.cian.ru/sale/flat/299937672/,284482.76,Средний,Вторичка
16500000.0,ЮВАО,55.6,14.0,14.0,0.0,2.0,https://www.cian.ru/sale/flat/299938064/,296762.59,Последний,Вторичка
10450000.0,ЮАО,37.9,14.0,17.0,0.0,1.0,https://www.cian.ru/sale/flat/299938068/,275725.59,Средний,Вторичка
162900000.0,ЦАО,159.2,3.0,11.0,0.0,4.0,https://www.cian.ru/sale/flat/299938567/,1023241.21,Средний,Вторичка
160000000.0,ЦАО,144.0,14.0,21.0,0.0,2.0,https://www.cian.ru/sale/flat/299939830/,1111111.11,Средний,Вторичка
12800000.0,ВАО,45.1,5.0,5.0,0.0,2.0,https://www.cian.ru/sale/flat/299940717/,283813.75,Последний,Вторичка
28250000.0,ЗАО,63.9,20.0,28.0,0.0,2.0,https://www.cian.ru/sale/flat/299941236/,442097.03,Средний,Вторичка
12000000.0,ЮЗАО,45.0,8.0,9.0,0.0,2.0,https://www.cian.ru/sale/flat/299941696/,266666.67,Средний,Вторичка
28000000.0,СЗАО,60.1,2.0,17.0,0.0,2.0,https://www.cian.ru/sale/flat/299942097/,465890.18,Средний,Вторичка
27000000.0,СЗАО,41.5,17.0,33.0,1.0,1.0,https://www.cian.ru/sale/flat/299943782/,650602.41,Средний,Новостройка
22140000.0,СЗАО,43.5,5.0,44.0,1.0,1.0,https://www.cian.ru/sale/flat/299943793/,508965.52,Средний,Новостройка
11900000.0,ЮАО,38.1,10.0,17.0,0.0,1.0,https://www.cian.ru/sale/flat/299944351/,312335.96,Средний,Вторичка
57500000.0,ЗАО,122.1,20.0,24.0,0.0,3.0,https://www.cian.ru/sale/flat/299944783/,470925.47,Средний,Вторичка
9100000.0,ВАО,36.0,4.0,16.0,0.0,1.0,https://www.cian.ru/sale/flat/299944808/,252777.78,Средний,Вторичка
25900000.0,СЗАО,62.0,7.0,20.0,0.0,3.0,https://www.cian.ru/sale/flat/299945226/,417741.94,Средний,Вторичка
61168111.0,ЮАО,102.83,6.0,9.0,1.0,3.0,https://www.cian.ru/sale/flat/299945328/,594846.94,Средний,Новостройка
15000000.0,СЗАО,45.0,5.0,5.0,0.0,2.0,https://www.cian.ru/sale/flat/299945354/,333333.33,Последний,Вторичка
7500000.0,ЮВАО,31.5,2.0,9.0,0.0,1.0,https://www.cian.ru/sale/flat/299946851/,238095.24,Средний,Вторичка
47500000.0,ЦАО,70.8,3.0,5.0,0.0,2.0,https://www.cian.ru/sale/flat/299948643/,670903.95,Средний,Вторичка
17711344.0,САО,46.4,16.0,32.0,1.0,1.0,https://www.cian.ru/sale/flat/299951291/,381710.0,Средний,Новостройка
30900000.0,ЗАО,47.0,4.0,26.0,0.0,2.0,https://www.cian.ru/sale/flat/299951445/,657446.81,Средний,Вторичка
34000000.0,ЗАО,51.0,12.0,25.0,0.0,2.0,https://www.cian.ru/sale/flat/299954766/,666666.67,Средний,Вторичка
49800000.0,ЗАО,90.0,7.0,17.0,0.0,4.0,https://www.cian.ru/sale/flat/299957020/,553333.33,Средний,Вторичка
37650214.0,СЗАО,79.36,14.0,15.0,1.0,2.0,https://www.cian.ru/sale/flat/299960727/,474423.06,Средний,Новостройка
14490000.0,ЮЗАО,41.0,5.0,12.0,0.0,2.0,https://www.cian.ru/sale/flat/299961362/,353414.63,Средний,Вторичка
25512000.0,СВАО,42.7,3.0,35.0,0.0,2.0,https://www.cian.ru/sale/flat/299962045/,597470.73,Средний,Вторичка
16100000.0,СЗАО,33.0,6.0,23.0,0.0,1.0,https://www.cian.ru/sale/flat/299962346/,487878.79,Средний,Вторичка
11200000.0,СВАО,34.0,4.0,5.0,0.0,1.0,https://www.cian.ru/sale/flat/299962573/,329411.76,Средний,Вторичка
7950000.0,ЮЗАО,27.6,7.0,7.0,0.0,1.0,https://www.cian.ru/sale/flat/299962900/,288043.48,Последний,Вторичка
13750000.0,ВАО,38.6,8.0,24.0,0.0,1.0,https://www.cian.ru/sale/flat/299963312/,356217.62,Средний,Вторичка
23250000.0,ЗАО,56.7,30.0,30.0,0.0,2.0,https://www.cian.ru/sale/flat/299963315/,410052.91,Последний,Вторичка
13200000.0,ЮАО,38.1,9.0,10.0,0.0,1.0,https://www.cian.ru/sale/flat/299963323/,346456.69,Средний,Вторичка
21000000.0,ЮАО,43.0,4.0,8.0,0.0,2.0,https://www.cian.ru/sale/flat/299963406/,488372.09,Средний,Вторичка
28750000.0,ЮВАО,79.0,13.0,14.0,0.0,3.0,https://www.cian.ru/sale/flat/299964126/,363924.05,Средний,Вторичка
25000000.0,ЮВАО,72.0,23.0,25.0,0.0,4.0,https://www.cian.ru/sale/flat/299964741/,347222.22,Средний,Вторичка
15300000.0,САО,40.0,14.0,22.0,0.0,1.0,https://www.cian.ru/sale/flat/299966367/,382500.0,Средний,Вторичка
19900000.0,СЗАО,45.0,8.0,20.0,0.0,2.0,https://www.cian.ru/sale/flat/299967084/,442222.22,Средний,Вторичка
40600000.0,ЦАО,68.0,10.0,11.0,0.0,2.0,https://www.cian.ru/sale/flat/299967437/,597058.82,Средний,Вторичка
29950000.0,ЗАО,75.0,20.0,25.0,0.0,2.0,https://www.cian.ru/sale/flat/299971362/,399333.33,Средний,Вторичка
99000000.0,ЦАО,90.0,16.0,20.0,0.0,4.0,https://www.cian.ru/sale/flat/299979345/,1100000.0,Средний,Вторичка
10890000.0,СЗАО,40.0,2.0,16.0,0.0,1.0,https://www.cian.ru/sale/flat/299979419/,272250.0,Средний,Вторичка
10600000.0,ЮАО,37.7,28.0,50.0,0.0,1.0,https://www.cian.ru/sale/flat/299980989/,281167.11,Средний,Вторичка
21250000.0,ЗАО,44.3,21.0,28.0,0.0,1.0,https://www.cian.ru/sale/flat/299981252/,479683.97,Средний,Вторичка
14861000.0,ЗАО,32.8,28.0,33.0,1.0,1.0,https://www.cian.ru/sale/flat/299983333/,453079.27,Средний,Новостройка
7680000.0,ЦАО,17.3,1.0,5.0,0.0,1.0,https://www.cian.ru/sale/flat/299985179/,443930.64,Первый,Вторичка
19900000.0,СЗАО,45.0,16.0,20.0,0.0,2.0,https://www.cian.ru/sale/flat/299985394/,442222.22,Средний,Вторичка
13999000.0,ВАО,57.5,3.0,9.0,0.0,3.0,https://www.cian.ru/sale/flat/299986474/,243460.87,Средний,Вторичка
32500000.0,ЦАО,63.2,3.0,5.0,0.0,2.0,https://www.cian.ru/sale/flat/299987374/,514240.51,Средний,Вторичка
11600000.0,ЮАО,37.7,13.0,14.0,0.0,1.0,https://www.cian.ru/sale/flat/299987453/,307692.31,Средний,Вторичка
11700000.0,ЮАО,45.8,3.0,12.0,0.0,2.0,https://www.cian.ru/sale/flat/299987714/,255458.52,Средний,Вторичка
15000000.0,САО,33.8,17.0,17.0,0.0,1.0,https://www.cian.ru/sale/flat/299989219/,443786.98,Последний,Вторичка
11200000.0,ЗАО,47.8,4.0,14.0,0.0,2.0,https://www.cian.ru/sale/flat/299989334/,234309.62,Средний,Вторичка
31920000.0,ЗАО,133.0,14.0,24.0,0.0,4.0,https://www.cian.ru/sale/flat/299990216/,240000.0,Средний,Вторичка
14990000.0,ЮЗАО,35.3,6.0,12.0,0.0,1.0,https://www.cian.ru/sale/flat/299990269/,424645.89,Средний,Вторичка
15100000.0,САО,41.0,3.0,16.0,0.0,1.0,https://www.cian.ru/sale/flat/299997376/,368292.68,Средний,Вторичка
29900000.0,ЮВАО,75.8,5.0,22.0,1.0,2.0,https://www.cian.ru/sale/flat/299998412/,394459.1,Средний,Новостройка
15000000.0,САО,35.0,4.0,9.0,0.0,2.0,https://www.cian.ru/sale/flat/300001735/,428571.43,Средний,Вторичка
7000000.0,СВАО,37.9,4.0,17.0,0.0,1.0,https://www.cian.ru/sale/flat/300001960/,184696.57,Средний,Вторичка
35450000.0,ЗАО,98.0,22.0,39.0,0.0,4.0,https://www.cian.ru/sale/flat/300004178/,361734.69,Средний,Вторичка
185000000.0,ЦАО,165.1,8.0,8.0,0.0,4.0,https://www.cian.ru/sale/flat/300004581/,1120533.01,Последний,Вторичка
10000000.0,ЮВАО,32.0,6.0,16.0,1.0,1.0,https://www.cian.ru/sale/flat/300004650/,312500.0,Средний,Новостройка
15600000.0,САО,58.0,30.0,34.0,0.0,3.0,https://www.cian.ru/sale/flat/300004652/,268965.52,Средний,Вторичка
149000000.0,ЦАО,210.0,5.0,5.0,0.0,4.0,https://www.cian.ru/sale/flat/300005755/,709523.81,Последний,Вторичка
148900000.0,СЗАО,200.0,20.0,22.0,0.0,4.0,https://www.cian.ru/sale/flat/300005780/,744500.0,Средний,Вторичка
58000000.0,ЦАО,73.0,5.0,8.0,0.0,2.0,https://www.cian.ru/sale/flat/300005835/,794520.55,Средний,Вторичка
72490000.0,ЦАО,151.0,6.0,13.0,0.0,4.0,https://www.cian.ru/sale/flat/300005858/,480066.23,Средний,Вторичка
61950000.0,САО,85.8,11.0,11.0,0.0,4.0,https://www.cian.ru/sale/flat/300005882/,722027.97,Последний,Вторичка
242899015.0,ЦАО,185.0,4.0,6.0,0.0,3.0,https://www.cian.ru/sale/flat/300005884/,1312967.65,Средний,Вторичка
118000000.0,ЦАО,142.0,14.0,17.0,0.0,3.0,https://www.cian.ru/sale/flat/300005888/,830985.92,Средний,Вторичка
165000000.0,ЦАО,189.0,5.0,7.0,0.0,4.0,https://www.cian.ru/sale/flat/300005934/,873015.87,Средний,Вторичка
129000000.0,ЦАО,150.0,4.0,6.0,0.0,4.0,https://www.cian.ru/sale/flat/300005942/,860000.0,Средний,Вторичка
67490000.0,ЦАО,124.0,5.0,6.0,0.0,3.0,https://www.cian.ru/sale/flat/300005946/,544274.19,Средний,Вторичка
55000000.0,ЦАО,95.0,1.0,6.0,0.0,4.0,https://www.cian.ru/sale/flat/300005949/,578947.37,Первый,Вторичка
111800000.0,ЦАО,160.0,4.0,9.0,0.0,3.0,https://www.cian.ru/sale/flat/300005967/,698750.0,Средний,Вторичка
116000000.0,СЗАО,198.0,2.0,6.0,0.0,4.0,https://www.cian.ru/sale/flat/300005979/,585858.59,Средний,Вторичка
54990000.0,ЦАО,115.2,7.0,11.0,0.0,3.0,https://www.cian.ru/sale/flat/300005990/,477343.75,Средний,Вторичка
51000000.0,ЮАО,100.0,5.0,9.0,0.0,3.0,https://www.cian.ru/sale/flat/300006000/,510000.0,Средний,Вторичка
85000000.0,ЮАО,176.0,6.0,9.0,0.0,4.0,https://www.cian.ru/sale/flat/300006008/,482954.55,Средний,Вторичка
50000000.0,ЦАО,81.0,8.0,8.0,0.0,3.0,https://www.cian.ru/sale/flat/300006012/,617283.95,Последний,Вторичка
357550360.0,ЦАО,132.6,2.0,8.0,0.0,3.0,https://www.cian.ru/sale/flat/300006030/,2696458.22,Средний,Вторичка
167000000.0,ЦАО,145.0,4.0,6.0,0.0,3.0,https://www.cian.ru/sale/flat/300006042/,1151724.14,Средний,Вторичка
79990000.0,ЦАО,156.0,4.0,6.0,0.0,2.0,https://www.cian.ru/sale/flat/300006046/,512756.41,Средний,Вторичка
20000000.0,ЮЗАО,61.0,4.0,13.0,1.0,2.0,https://www.cian.ru/sale/flat/300006140/,327868.85,Средний,Новостройка
78950000.0,ЦАО,68.8,8.0,8.0,0.0,3.0,https://www.cian.ru/sale/flat/300006309/,1147529.07,Последний,Вторичка
16500000.0,ЗАО,42.02,7.0,33.0,1.0,1.0,https://www.cian.ru/sale/flat/300007216/,392670.16,Средний,Новостройка
31000000.0,САО,55.6,16.0,24.0,0.0,2.0,https://www.cian.ru/sale/flat/300007514/,557553.96,Средний,Вторичка
14250000.0,САО,42.2,5.0,24.0,0.0,1.0,https://www.cian.ru/sale/flat/300009245/,337677.73,Средний,Вторичка
16400000.0,ЮВАО,64.0,3.0,14.0,0.0,3.0,https://www.cian.ru/sale/flat/300009660/,256250.0,Средний,Вторичка
10300000.0,СВАО,38.0,15.0,16.0,0.0,1.0,https://www.cian.ru/sale/flat/300009662/,271052.63,Средний,Вторичка
8200000.0,ЮАО,39.0,3.0,12.0,0.0,1.0,https://www.cian.ru/sale/flat/300010652/,210256.41,Средний,Вторичка
15550000.0,ЦАО,35.6,1.0,12.0,0.0,1.0,https://www.cian.ru/sale/flat/300011260/,436797.75,Первый,Вторичка
46930475.0,СЗАО,66.98,13.0,32.0,1.0,2.0,https://www.cian.ru/sale/flat/300011576/,700664.0,Средний,Новостройка
28000000.0,САО,96.7,3.0,5.0,0.0,4.0,https://www.cian.ru/sale/flat/300012231/,289555.33,Средний,Вторичка
53500000.0,СЗАО,144.8,11.0,17.0,0.0,4.0,https://www.cian.ru/sale/flat/300014509/,369475.14,Средний,Вторичка
13500000.0,ЮЗАО,36.0,13.0,18.0,0.0,1.0,https://www.cian.ru/sale/flat/300015290/,375000.0,Средний,Вторичка
79000000.0,ЗАО,150.0,29.0,33.0,0.0,4.0,https://www.cian.ru/sale/flat/300015364/,526666.67,Средний,Вторичка
37800000.0,ЗАО,64.0,20.0,39.0,0.0,2.0,https://www.cian.ru/sale/flat/300015723/,590625.0,Средний,Вторичка
27970000.0,ЗАО,54.6,15.0,41.0,0.0,2.0,https://www.cian.ru/sale/flat/300016363/,512271.06,Средний,Вторичка
49500000.0,ЦАО,87.1,2.0,4.0,0.0,3.0,https://www.cian.ru/sale/flat/300016466/,568312.28,Средний,Вторичка
12000000.0,СВАО,46.8,7.0,12.0,0.0,2.0,https://www.cian.ru/sale/flat/300017664/,256410.26,Средний,Вторичка
58400000.0,САО,54.4,4.0,9.0,0.0,2.0,https://www.cian.ru/sale/flat/300018901/,1073529.41,Средний,Вторичка
8240000.0,ВАО,30.7,5.0,5.0,0.0,1.0,https://www.cian.ru/sale/flat/300019266/,268403.91,Последний,Вторичка
10800000.0,СВАО,35.0,3.0,9.0,0.0,1.0,https://www.cian.ru/sale/flat/300019385/,308571.43,Средний,Вторичка
21500000.0,ЦАО,40.0,6.0,14.0,0.0,1.0,https://www.cian.ru/sale/flat/300019395/,537500.0,Средний,Вторичка
25900000.0,ЮВАО,93.3,1.0,7.0,0.0,3.0,https://www.cian.ru/sale/flat/300019723/,277599.14,Первый,Вторичка
37500000.0,ВАО,80.0,11.0,13.0,0.0,2.0,https://www.cian.ru/sale/flat/300019726/,468750.0,Средний,Вторичка
13400000.0,ЮВАО,42.0,10.0,14.0,0.0,1.0,https://www.cian.ru/sale/flat/300019961/,319047.62,Средний,Вторичка
45000000.0,ЦАО,62.0,33.0,44.0,0.0,2.0,https://www.cian.ru/sale/flat/300020020/,725806.45,Средний,Вторичка
10600000.0,ВАО,38.1,8.0,12.0,0.0,2.0,https://www.cian.ru/sale/flat/300020395/,278215.22,Средний,Вторичка
12450000.0,ЮАО,48.0,5.0,9.0,0.0,2.0,https://www.cian.ru/sale/flat/300022483/,259375.0,Средний,Вторичка
85600000.0,ЦАО,87.7,3.0,3.0,0.0,3.0,https://www.cian.ru/sale/flat/300023889/,976054.73,Последний,Вторичка
10299000.0,ВАО,44.5,7.0,9.0,0.0,2.0,https://www.cian.ru/sale/flat/300024381/,231438.2,Средний,Вторичка
22700000.0,САО,59.4,3.0,7.0,0.0,2.0,https://www.cian.ru/sale/flat/300024861/,382154.88,Средний,Вторичка
16500000.0,ЮЗАО,38.5,6.0,9.0,0.0,2.0,https://www.cian.ru/sale/flat/300025324/,428571.43,Средний,Вторичка
12800000.0,ЮВАО,48.0,12.0,12.0,0.0,2.0,https://www.cian.ru/sale/flat/300025818/,266666.67,Последний,Вторичка
14900000.0,ВАО,63.2,1.0,9.0,0.0,4.0,https://www.cian.ru/sale/flat/300026356/,235759.49,Первый,Вторичка
8450000.0,ЮВАО,25.0,2.0,9.0,0.0,1.0,https://www.cian.ru/sale/flat/300026900/,338000.0,Средний,Вторичка
23500000.0,ЮАО,40.0,38.0,40.0,0.0,1.0,https://www.cian.ru/sale/flat/300027182/,587500.0,Средний,Вторичка
249900000.0,ЦАО,166.0,1.0,7.0,0.0,4.0,https://www.cian.ru/sale/flat/300029091/,1505421.69,Первый,Вторичка
31500000.0,САО,38.8,2.0,21.0,0.0,2.0,https://www.cian.ru/sale/flat/300029504/,811855.67,Средний,Вторичка
18500000.0,ЮАО,40.6,11.0,16.0,0.0,2.0,https://www.cian.ru/sale/flat/300032408/,455665.02,Средний,Вторичка
13999999.0,СВАО,58.3,6.0,22.0,0.0,2.0,https://www.cian.ru/sale/flat/300033276/,240137.2,Средний,Вторичка
149600000.0,ЦАО,116.0,2.0,21.0,0.0,2.0,https://www.cian.ru/sale/flat/300033762/,1289655.17,Средний,Вторичка
23300000.0,ЗАО,69.8,6.0,25.0,0.0,2.0,https://www.cian.ru/sale/flat/300034883/,333810.89,Средний,Вторичка
13990000.0,САО,53.9,11.0,16.0,0.0,2.0,https://www.cian.ru/sale/flat/300043414/,259554.73,Средний,Вторичка
14800000.0,СВАО,30.0,11.0,12.0,0.0,1.0,https://www.cian.ru/sale/flat/300045417/,493333.33,Средний,Вторичка
15499000.0,ЦАО,36.8,11.0,16.0,0.0,1.0,https://www.cian.ru/sale/flat/300045498/,421168.48,Средний,Вторичка
17000000.0,ЮЗАО,57.9,3.0,9.0,0.0,3.0,https://www.cian.ru/sale/flat/300045504/,293609.67,Средний,Вторичка
37950000.0,ЮАО,83.0,7.0,16.0,1.0,3.0,https://www.cian.ru/sale/flat/300045805/,457228.92,Средний,Новостройка
17200000.0,СЗАО,49.0,2.0,5.0,0.0,2.0,https://www.cian.ru/sale/flat/300045857/,351020.41,Средний,Вторичка
20900000.0,ЮВАО,92.0,5.0,14.0,0.0,4.0,https://www.cian.ru/sale/flat/300047621/,227173.91,Средний,Вторичка
11700000.0,ЮАО,45.2,5.0,5.0,0.0,2.0,https://www.cian.ru/sale/flat/300048777/,258849.56,Последний,Вторичка
9900000.0,ЮВАО,38.2,7.0,10.0,0.0,1.0,https://www.cian.ru/sale/flat/300049945/,259162.3,Средний,Вторичка
7950000.0,ВАО,32.6,2.0,12.0,0.0,1.0,https://www.cian.ru/sale/flat/300050892/,243865.03,Средний,Вторичка
39900000.0,ЗАО,78.18,23.0,41.0,0.0,3.0,https://www.cian.ru/sale/flat/300051782/,510360.71,Средний,Вторичка
17300000.0,ВАО,58.0,5.0,18.0,0.0,2.0,https://www.cian.ru/sale/flat/300051915/,298275.86,Средний,Вторичка
18450000.0,СВАО,55.9,5.0,17.0,0.0,2.0,https://www.cian.ru/sale/flat/300052374/,330053.67,Средний,Вторичка
238525000.0,ЦАО,136.0,19.0,21.0,0.0,4.0,https://www.cian.ru/sale/flat/300053781/,1753860.29,Средний,Вторичка
12200000.0,ВАО,38.0,3.0,12.0,0.0,2.0,https://www.cian.ru/sale/flat/300053925/,321052.63,Средний,Вторичка
39299000.0,ЦАО,87.2,4.0,6.0,0.0,4.0,https://www.cian.ru/sale/flat/300054167/,450676.61,Средний,Вторичка
9700000.0,ВАО,38.2,10.0,12.0,0.0,2.0,https://www.cian.ru/sale/flat/300054601/,253926.7,Средний,Вторичка
53999000.0,ЦАО,113.5,5.0,6.0,0.0,4.0,https://www.cian.ru/sale/flat/300054825/,475762.11,Средний,Вторичка
11400000.0,ЮВАО,38.9,2.0,14.0,0.0,1.0,https://www.cian.ru/sale/flat/300055372/,293059.13,Средний,Вторичка
11200000.0,ЗАО,47.8,4.0,14.0,0.0,2.0,https://www.cian.ru/sale/flat/300057103/,234309.62,Средний,Вторичка
14990000.0,САО,43.0,5.0,5.0,0.0,2.0,https://www.cian.ru/sale/flat/300057821/,348604.65,Последний,Вторичка
250000000.0,ЦАО,168.3,6.0,11.0,0.0,4.0,https://www.cian.ru/sale/flat/300058175/,1485442.66,Средний,Вторичка
24900000.0,САО,64.0,24.0,37.0,0.0,2.0,https://www.cian.ru/sale/flat/300058666/,389062.5,Средний,Вторичка
8550000.0,ЗАО,33.1,1.0,9.0,0.0,1.0,https://www.cian.ru/sale/flat/300059358/,258308.16,Первый,Вторичка
97000000.0,ЮАО,136.7,15.0,18.0,0.0,3.0,https://www.cian.ru/sale/flat/300059754/,709583.03,Средний,Вторичка
19999000.0,ЗАО,99.8,2.0,22.0,0.0,4.0,https://www.cian.ru/sale/flat/300059787/,200390.78,Средний,Вторичка
63500000.0,СЗАО,116.2,28.0,29.0,0.0,4.0,https://www.cian.ru/sale/flat/300059830/,546471.6,Средний,Вторичка
48500000.0,СЗАО,83.5,23.0,43.0,0.0,3.0,https://www.cian.ru/sale/flat/300059837/,580838.32,Средний,Вторичка
31900000.0,СВАО,63.1,2.0,22.0,0.0,2.0,https://www.cian.ru/sale/flat/300061309/,505546.75,Средний,Вторичка
42000000.0,СЗАО,87.0,23.0,41.0,0.0,3.0,https://www.cian.ru/sale/flat/300063062/,482758.62,Средний,Вторичка
15000000.0,СВАО,39.1,20.0,32.0,0.0,1.0,https://www.cian.ru/sale/flat/300067352/,383631.71,Средний,Вторичка
18100000.0,ЮАО,65.0,18.0,18.0,0.0,3.0,https://www.cian.ru/sale/flat/300067867/,278461.54,Последний,Вторичка
156000000.0,ЦАО,156.0,3.0,11.0,0.0,4.0,https://www.cian.ru/sale/flat/300067978/,1000000.0,Средний,Вторичка
45000000.0,ЮВАО,111.0,12.0,28.0,0.0,4.0,https://www.cian.ru/sale/flat/300068008/,405405.41,Средний,Вторичка
75000000.0,ЦАО,121.6,9.0,10.0,0.0,3.0,https://www.cian.ru/sale/flat/300068326/,616776.32,Средний,Вторичка
21500000.0,ЗАО,73.1,16.0,17.0,0.0,3.0,https://www.cian.ru/sale/flat/300068921/,294117.65,Средний,Вторичка
26000000.0,САО,51.0,18.0,32.0,0.0,1.0,https://www.cian.ru/sale/flat/300069031/,509803.92,Средний,Вторичка
13000000.0,СВАО,45.4,10.0,12.0,0.0,2.0,https://www.cian.ru/sale/flat/300071306/,286343.61,Средний,Вторичка
40000000.0,ЗАО,69.0,7.0,14.0,0.0,2.0,https://www.cian.ru/sale/flat/300071776/,579710.14,Средний,Вторичка
16900000.0,САО,56.0,1.0,8.0,0.0,2.0,https://www.cian.ru/sale/flat/300071937/,301785.71,Первый,Вторичка
45000000.0,ЗАО,114.0,21.0,31.0,0.0,4.0,https://www.cian.ru/sale/flat/300072056/,394736.84,Средний,Вторичка
9500000.0,ЮВАО,31.3,2.0,5.0,0.0,1.0,https://www.cian.ru/sale/flat/300073203/,303514.38,Средний,Вторичка
65000000.0,ЦАО,105.0,6.0,8.0,0.0,4.0,https://www.cian.ru/sale/flat/300073769/,619047.62,Средний,Вторичка
13890000.0,СЗАО,35.7,13.0,21.0,0.0,1.0,https://www.cian.ru/sale/flat/300073845/,389075.63,Средний,Вторичка
60000000.0,СЗАО,97.0,6.0,36.0,0.0,3.0,https://www.cian.ru/sale/flat/300074475/,618556.7,Средний,Вторичка
45990000.0,ЮЗАО,86.0,8.0,15.0,0.0,3.0,https://www.cian.ru/sale/flat/300074477/,534767.44,Средний,Вторичка
35000000.0,САО,67.6,12.0,27.0,0.0,2.0,https://www.cian.ru/sale/flat/300074947/,517751.48,Средний,Вторичка
7300000.0,ЮВАО,38.9,5.0,12.0,0.0,1.0,https://www.cian.ru/sale/flat/300075498/,187660.67,Средний,Вторичка
11150000.0,ЮАО,31.5,8.0,9.0,0.0,1.0,https://www.cian.ru/sale/flat/300077196/,353968.25,Средний,Вторичка
17500000.0,ЗАО,44.0,12.0,33.0,1.0,1.0,https://www.cian.ru/sale/flat/300077810/,397727.27,Средний,Новостройка
7700000.0,СВАО,21.0,3.0,9.0,0.0,1.0,https://www.cian.ru/sale/flat/300078174/,366666.67,Средний,Вторичка
14500000.0,ЮАО,31.5,16.0,23.0,1.0,1.0,https://www.cian.ru/sale/flat/300083916/,460317.46,Средний,Новостройка
149187500.0,ЗАО,171.4,4.0,12.0,1.0,4.0,https://www.cian.ru/sale/flat/300086493/,870405.48,Средний,Новостройка
12250000.0,ЮАО,21.5,19.0,26.0,1.0,1.0,https://www.cian.ru/sale/flat/300092289/,569767.44,Средний,Новостройка
25500000.0,САО,61.0,4.0,5.0,0.0,3.0,https://www.cian.ru/sale/flat/300092552/,418032.79,Средний,Вторичка
23150000.0,ЗАО,62.0,9.0,12.0,0.0,2.0,https://www.cian.ru/sale/flat/300092745/,373387.1,Средний,Вторичка
29000000.0,ЮАО,92.4,6.0,16.0,0.0,4.0,https://www.cian.ru/sale/flat/300094065/,313852.81,Средний,Вторичка
57900000.0,ЮАО,85.0,46.0,46.0,0.0,3.0,https://www.cian.ru/sale/flat/300095364/,681176.47,Последний,Вторичка
53000000.0,ЗАО,86.2,14.0,33.0,0.0,3.0,https://www.cian.ru/sale/flat/300096069/,614849.19,Средний,Вторичка
22000000.0,САО,80.0,1.0,8.0,0.0,4.0,https://www.cian.ru/sale/flat/300096097/,275000.0,Первый,Вторичка
38400000.0,ЗАО,74.4,3.0,41.0,1.0,3.0,https://www.cian.ru/sale/flat/300097422/,516129.03,Средний,Новостройка
10190000.0,САО,33.1,5.0,9.0,0.0,1.0,https://www.cian.ru/sale/flat/300098216/,307854.98,Средний,Вторичка
28890000.0,ЗАО,103.0,5.0,7.0,0.0,4.0,https://www.cian.ru/sale/flat/300098664/,280485.44,Средний,Вторичка
11700000.0,ЮВАО,45.0,1.0,5.0,0.0,2.0,https://www.cian.ru/sale/flat/300098873/,260000.0,Первый,Вторичка
15000000.0,ЗАО,40.8,8.0,14.0,0.0,2.0,https://www.cian.ru/sale/flat/300099334/,367647.06,Средний,Вторичка
170000000.0,ЦАО,188.1,10.0,10.0,0.0,4.0,https://www.cian.ru/sale/flat/300099418/,903774.59,Последний,Вторичка
12000000.0,ЦАО,31.6,4.0,7.0,0.0,1.0,https://www.cian.ru/sale/flat/300100666/,379746.84,Средний,Вторичка
9300000.0,САО,34.1,11.0,15.0,1.0,1.0,https://www.cian.ru/sale/flat/300101681/,272727.27,Средний,Новостройка
14490000.0,СЗАО,40.0,8.0,9.0,0.0,2.0,https://www.cian.ru/sale/flat/300102336/,362250.0,Средний,Вторичка
34000000.0,ВАО,107.3,18.0,29.0,0.0,3.0,https://www.cian.ru/sale/flat/300103086/,316868.59,Средний,Вторичка
40600000.0,ЗАО,64.0,12.0,31.0,0.0,3.0,https://www.cian.ru/sale/flat/300103623/,634375.0,Средний,Вторичка
19000000.0,ЮВАО,34.6,12.0,14.0,1.0,1.0,https://www.cian.ru/sale/flat/300103650/,549132.95,Средний,Новостройка
13500000.0,ЮАО,44.0,26.0,50.0,0.0,2.0,https://www.cian.ru/sale/flat/300105970/,306818.18,Средний,Вторичка
14500000.0,СВАО,64.5,1.0,9.0,0.0,4.0,https://www.cian.ru/sale/flat/300107944/,224806.2,Первый,Вторичка
30200000.0,ЗАО,100.0,2.0,22.0,0.0,4.0,https://www.cian.ru/sale/flat/300108387/,302000.0,Средний,Вторичка
10890000.0,СЗАО,44.3,1.0,9.0,0.0,2.0,https://www.cian.ru/sale/flat/300108535/,245823.93,Первый,Вторичка
15300000.0,СЗАО,34.0,3.0,9.0,0.0,2.0,https://www.cian.ru/sale/flat/300109245/,450000.0,Средний,Вторичка
115000000.0,ЦАО,135.0,2.0,8.0,0.0,4.0,https://www.cian.ru/sale/flat/300109356/,851851.85,Средний,Вторичка
29200000.0,ЗАО,72.2,25.0,25.0,0.0,2.0,https://www.cian.ru/sale/flat/300109520/,404432.13,Последний,Вторичка
20150000.0,САО,74.6,7.0,12.0,1.0,2.0,https://www.cian.ru/sale/flat/300110568/,270107.24,Средний,Новостройка
18700000.0,ЗАО,37.7,7.0,27.0,0.0,1.0,https://www.cian.ru/sale/flat/300110671/,496021.22,Средний,Вторичка
16490000.0,ЗАО,45.0,19.0,29.0,0.0,1.0,https://www.cian.ru/sale/flat/300110674/,366444.44,Средний,Вторичка
41750000.0,ЗАО,75.9,10.0,36.0,0.0,2.0,https://www.cian.ru/sale/flat/300111253/,550065.88,Средний,Вторичка
30500000.0,СЗАО,67.0,22.0,26.0,0.0,2.0,https://www.cian.ru/sale/flat/300111482/,455223.88,Средний,Вторичка
20000000.0,ЦАО,45.0,5.0,9.0,0.0,2.0,https://www.cian.ru/sale/flat/300112199/,444444.44,Средний,Вторичка
18500000.0,ЮВАО,52.6,6.0,14.0,0.0,2.0,https://www.cian.ru/sale/flat/300112210/,351711.03,Средний,Вторичка
54000000.0,ЦАО,50.0,5.0,6.0,0.0,2.0,https://www.cian.ru/sale/flat/300112218/,1080000.0,Средний,Вторичка
15950000.0,ЗАО,37.4,20.0,30.0,0.0,1.0,https://www.cian.ru/sale/flat/300113747/,426470.59,Средний,Вторичка
42700000.0,ЗАО,82.9,11.0,13.0,0.0,2.0,https://www.cian.ru/sale/flat/300113796/,515078.41,Средний,Вторичка
155158038.0,ЗАО,105.1,10.0,11.0,0.0,3.0,https://www.cian.ru/sale/flat/300114603/,1476289.61,Средний,Вторичка
33000000.0,ЦАО,75.6,1.0,4.0,0.0,2.0,https://www.cian.ru/sale/flat/300114983/,436507.94,Первый,Вторичка
8200000.0,ЮВАО,38.0,12.0,17.0,0.0,1.0,https://www.cian.ru/sale/flat/300115898/,215789.47,Средний,Вторичка
6650000.0,СВАО,19.0,7.0,12.0,0.0,1.0,https://www.cian.ru/sale/flat/300116229/,350000.0,Средний,Вторичка
24900000.0,САО,55.0,17.0,29.0,0.0,2.0,https://www.cian.ru/sale/flat/300116445/,452727.27,Средний,Вторичка
98000000.0,ЦАО,83.0,9.0,14.0,0.0,3.0,https://www.cian.ru/sale/flat/300116453/,1180722.89,Средний,Вторичка
11300000.0,ЮАО,47.0,3.0,12.0,0.0,2.0,https://www.cian.ru/sale/flat/300116941/,240425.53,Средний,Вторичка
62000000.0,ВАО,130.0,5.0,7.0,0.0,3.0,https://www.cian.ru/sale/flat/300117215/,476923.08,Средний,Вторичка
75000000.0,САО,116.2,18.0,22.0,0.0,3.0,https://www.cian.ru/sale/flat/300117351/,645438.9,Средний,Вторичка
35100000.0,ЮЗАО,101.4,2.0,46.0,1.0,3.0,https://www.cian.ru/sale/flat/300118783/,346153.85,Средний,Новостройка
71000000.0,САО,82.0,16.0,40.0,0.0,2.0,https://www.cian.ru/sale/flat/300118798/,865853.66,Средний,Вторичка
25700000.0,ЮВАО,56.0,14.0,19.0,0.0,2.0,https://www.cian.ru/sale/flat/300119880/,458928.57,Средний,Вторичка
32500000.0,ЮВАО,100.0,2.0,5.0,0.0,4.0,https://www.cian.ru/sale/flat/300121495/,325000.0,Средний,Вторичка
32000000.0,ЮЗАО,100.0,16.0,22.0,0.0,4.0,https://www.cian.ru/sale/flat/300121501/,320000.0,Средний,Вторичка
14604980.0,САО,52.4,13.0,15.0,1.0,2.0,https://www.cian.ru/sale/flat/300121769/,278720.99,Средний,Новостройка
10460814.0,САО,34.3,5.0,15.0,1.0,1.0,https://www.cian.ru/sale/flat/300121803/,304980.0,Средний,Новостройка
11966670.0,САО,42.3,13.0,15.0,1.0,1.0,https://www.cian.ru/sale/flat/300121847/,282900.0,Средний,Новостройка
17700000.0,СЗАО,43.3,5.0,54.0,1.0,2.0,https://www.cian.ru/sale/flat/300121852/,408775.98,Средний,Новостройка
19200000.0,ЗАО,72.1,4.0,5.0,0.0,3.0,https://www.cian.ru/sale/flat/300122099/,266296.81,Средний,Вторичка
35417235.0,ВАО,86.6,19.0,20.0,1.0,3.0,https://www.cian.ru/sale/flat/300122381/,408975.0,Средний,Новостройка
23475144.0,ВАО,61.6,3.0,20.0,1.0,2.0,https://www.cian.ru/sale/flat/300122384/,381090.0,Средний,Новостройка
33657084.0,ВАО,83.98,16.0,20.0,1.0,3.0,https://www.cian.ru/sale/flat/300122386/,400774.99,Средний,Новостройка
21278106.0,ВАО,53.84,3.0,20.0,1.0,2.0,https://www.cian.ru/sale/flat/300122389/,395209.99,Средний,Новостройка
15499000.0,САО,49.4,9.0,33.0,0.0,2.0,https://www.cian.ru/sale/flat/300122473/,313744.94,Средний,Вторичка
38200000.0,ЮЗАО,75.4,4.0,24.0,0.0,3.0,https://www.cian.ru/sale/flat/300122634/,506631.3,Средний,Вторичка
11300000.0,ЮЗАО,33.0,4.0,9.0,0.0,1.0,https://www.cian.ru/sale/flat/300123359/,342424.24,Средний,Вторичка
14590000.0,ЗАО,32.6,9.0,21.0,1.0,1.0,https://www.cian.ru/sale/flat/300126205/,447546.01,Средний,Новостройка
22500000.0,ВАО,83.6,3.0,12.0,0.0,4.0,https://www.cian.ru/sale/flat/300126325/,269138.76,Средний,Вторичка
17200000.0,ВАО,54.9,8.0,10.0,0.0,2.0,https://www.cian.ru/sale/flat/300127453/,313296.9,Средний,Вторичка
49190080.0,ЮВАО,85.6,13.0,13.0,1.0,3.0,https://www.cian.ru/sale/flat/300127745/,574650.47,Последний,Новостройка
48186080.0,ЮВАО,90.4,12.0,13.0,1.0,3.0,https://www.cian.ru/sale/flat/300127746/,533031.86,Средний,Новостройка
12000000.0,ЮЗАО,33.0,4.0,5.0,0.0,1.0,https://www.cian.ru/sale/flat/300127778/,363636.36,Средний,Вторичка
21950000.0,СЗАО,37.0,34.0,62.0,0.0,1.0,https://www.cian.ru/sale/flat/300132043/,593243.24,Средний,Вторичка
28800000.0,ЮАО,70.0,3.0,20.0,1.0,3.0,https://www.cian.ru/sale/flat/300133730/,411428.57,Средний,Новостройка
11990000.0,ЮЗАО,35.0,9.0,9.0,0.0,1.0,https://www.cian.ru/sale/flat/300133799/,342571.43,Последний,Вторичка
27000000.0,САО,78.0,5.0,17.0,0.0,4.0,https://www.cian.ru/sale/flat/300134635/,346153.85,Средний,Вторичка
21000000.0,ЗАО,45.0,18.0,28.0,0.0,1.0,https://www.cian.ru/sale/flat/300134952/,466666.67,Средний,Вторичка
13800000.0,ЗАО,34.0,9.0,9.0,0.0,1.0,https://www.cian.ru/sale/flat/300135242/,405882.35,Последний,Вторичка
13500000.0,ЮВАО,33.0,7.0,8.0,0.0,1.0,https://www.cian.ru/sale/flat/300135811/,409090.91,Средний,Вторичка
35700000.0,ЦАО,54.5,12.0,14.0,0.0,1.0,https://www.cian.ru/sale/flat/300136415/,655045.87,Средний,Вторичка
11000000.0,ЮАО,45.0,1.0,9.0,0.0,2.0,https://www.cian.ru/sale/flat/300136505/,244444.44,Первый,Вторичка
115000000.0,ЦАО,135.0,2.0,8.0,0.0,4.0,https://www.cian.ru/sale/flat/300137154/,851851.85,Средний,Вторичка
47000000.0,ВАО,115.0,10.0,10.0,0.0,4.0,https://www.cian.ru/sale/flat/300138207/,408695.65,Последний,Вторичка
10500000.0,СЗАО,38.4,6.0,17.0,0.0,1.0,https://www.cian.ru/sale/flat/300138776/,273437.5,Средний,Вторичка
385000000.0,ЦАО,162.9,4.0,8.0,0.0,3.0,https://www.cian.ru/sale/flat/300139607/,2363413.14,Средний,Вторичка
22500000.0,САО,44.0,11.0,20.0,0.0,1.0,https://www.cian.ru/sale/flat/300140948/,511363.64,Средний,Вторичка
27000000.0,СЗАО,54.0,21.0,24.0,0.0,2.0,https://www.cian.ru/sale/flat/300142098/,500000.0,Средний,Вторичка
17400000.0,ЮАО,72.0,16.0,22.0,0.0,2.0,https://www.cian.ru/sale/flat/300142526/,241666.67,Средний,Вторичка
29500000.0,СЗАО,61.0,14.0,43.0,0.0,2.0,https://www.cian.ru/sale/flat/300143091/,483606.56,Средний,Вторичка
36000000.0,ЦАО,63.0,38.0,52.0,0.0,2.0,https://www.cian.ru/sale/flat/300143306/,571428.57,Средний,Вторичка
69000000.0,САО,100.0,3.0,13.0,0.0,4.0,https://www.cian.ru/sale/flat/300143589/,690000.0,Средний,Вторичка
80000000.0,ЦАО,90.0,2.0,7.0,0.0,3.0,https://www.cian.ru/sale/flat/300144349/,888888.89,Средний,Вторичка
33500000.0,СЗАО,69.1,25.0,43.0,0.0,3.0,https://www.cian.ru/sale/flat/300144557/,484804.63,Средний,Вторичка
19000000.0,СЗАО,38.0,17.0,25.0,0.0,1.0,https://www.cian.ru/sale/flat/300144568/,500000.0,Средний,Вторичка
21000000.0,СЗАО,41.0,10.0,43.0,0.0,1.0,https://www.cian.ru/sale/flat/300144570/,512195.12,Средний,Вторичка
11700000.0,ЮВАО,45.0,1.0,5.0,0.0,2.0,https://www.cian.ru/sale/flat/300145214/,260000.0,Первый,Вторичка
12990000.0,ЗАО,34.5,5.0,19.0,0.0,1.0,https://www.cian.ru/sale/flat/300146036/,376521.74,Средний,Вторичка
52000000.0,САО,117.0,9.0,34.0,0.0,4.0,https://www.cian.ru/sale/flat/300146140/,444444.44,Средний,Вторичка
9900000.0,ЗАО,41.0,15.0,22.0,0.0,1.0,https://www.cian.ru/sale/flat/300146260/,241463.41,Средний,Вторичка
9900000.0,ЗАО,41.0,15.0,22.0,0.0,1.0,https://www.cian.ru/sale/flat/300146314/,241463.41,Средний,Вторичка
29900000.0,ЮЗАО,96.2,1.0,17.0,0.0,4.0,https://www.cian.ru/sale/flat/300147166/,310810.81,Первый,Вторичка
68499000.0,САО,195.0,20.0,32.0,0.0,4.0,https://www.cian.ru/sale/flat/300148052/,351276.92,Средний,Вторичка
14980000.0,СЗАО,48.0,4.0,19.0,0.0,1.0,https://www.cian.ru/sale/flat/300148604/,312083.33,Средний,Вторичка
79000000.0,ЦАО,119.0,14.0,17.0,0.0,3.0,https://www.cian.ru/sale/flat/300149305/,663865.55,Средний,Вторичка
40200000.0,СЗАО,92.4,11.0,33.0,0.0,4.0,https://www.cian.ru/sale/flat/300150104/,435064.94,Средний,Вторичка
12300000.0,САО,35.2,14.0,33.0,0.0,1.0,https://www.cian.ru/sale/flat/300150280/,349431.82,Средний,Вторичка
8150000.0,ЮВАО,32.9,5.0,9.0,0.0,1.0,https://www.cian.ru/sale/flat/300151973/,247720.36,Средний,Вторичка
11300000.0,СВАО,38.8,8.0,9.0,0.0,2.0,https://www.cian.ru/sale/flat/300151989/,291237.11,Средний,Вторичка
8350000.0,ЮАО,32.5,6.0,9.0,0.0,1.0,https://www.cian.ru/sale/flat/300152944/,256923.08,Средний,Вторичка
33990000.0,СЗАО,120.0,11.0,14.0,0.0,4.0,https://www.cian.ru/sale/flat/300153176/,283250.0,Средний,Вторичка
24500000.0,СЗАО,45.3,12.0,26.0,0.0,2.0,https://www.cian.ru/sale/flat/300154609/,540838.85,Средний,Вторичка
330000000.0,ЦАО,285.35,7.0,7.0,0.0,4.0,https://www.cian.ru/sale/flat/300155192/,1156474.5,Последний,Вторичка
29999000.0,ЮАО,57.8,3.0,14.0,0.0,2.0,https://www.cian.ru/sale/flat/300155324/,519013.84,Средний,Вторичка
21900000.0,ЮВАО,50.0,24.0,30.0,0.0,1.0,https://www.cian.ru/sale/flat/300155347/,438000.0,Средний,Вторичка
11900000.0,ЮВАО,38.6,4.0,9.0,0.0,1.0,https://www.cian.ru/sale/flat/300155365/,308290.16,Средний,Вторичка
33500000.0,ЮЗАО,115.2,31.0,33.0,0.0,4.0,https://www.cian.ru/sale/flat/300156635/,290798.61,Средний,Вторичка
9100000.0,ВАО,35.5,3.0,14.0,0.0,1.0,https://www.cian.ru/sale/flat/300157236/,256338.03,Средний,Вторичка
12200000.0,ЮВАО,35.6,3.0,24.0,1.0,1.0,https://www.cian.ru/sale/flat/300157468/,342696.63,Средний,Новостройка
10750000.0,ВАО,34.0,8.0,9.0,0.0,1.0,https://www.cian.ru/sale/flat/300157559/,316176.47,Средний,Вторичка
32000000.0,ЗАО,95.0,8.0,16.0,0.0,4.0,https://www.cian.ru/sale/flat/300158362/,336842.11,Средний,Вторичка
9200000.0,ЮЗАО,33.0,9.0,9.0,0.0,1.0,https://www.cian.ru/sale/flat/300158641/,278787.88,Последний,Вторичка
22500000.0,ЮВАО,50.6,2.0,22.0,1.0,1.0,https://www.cian.ru/sale/flat/300159318/,444664.03,Средний,Новостройка
107235000.0,СЗАО,149.0,5.0,8.0,1.0,4.0,https://www.cian.ru/sale/flat/300159762/,719697.99,Средний,Новостройка
13050000.0,САО,35.0,17.0,18.0,0.0,2.0,https://www.cian.ru/sale/flat/300160212/,372857.14,Средний,Вторичка
11500000.0,ЮАО,38.8,13.0,17.0,0.0,1.0,https://www.cian.ru/sale/flat/300160548/,296391.75,Средний,Вторичка
53000000.0,ЗАО,126.4,22.0,41.0,0.0,4.0,https://www.cian.ru/sale/flat/300160923/,419303.8,Средний,Вторичка
16300000.0,ЮАО,35.0,9.0,9.0,0.0,2.0,https://www.cian.ru/sale/flat/300162005/,465714.29,Последний,Вторичка
17500000.0,СВАО,52.5,8.0,9.0,0.0,3.0,https://www.cian.ru/sale/flat/300162447/,333333.33,Средний,Вторичка
29909640.0,ЮВАО,66.8,20.0,22.0,1.0,2.0,https://www.cian.ru/sale/flat/300165800/,447749.1,Средний,Новостройка
29862660.0,ЮВАО,67.1,21.0,22.0,1.0,2.0,https://www.cian.ru/sale/flat/300165801/,445047.09,Средний,Новостройка
29201900.0,ЮВАО,63.5,12.0,22.0,1.0,2.0,https://www.cian.ru/sale/flat/300165804/,459872.44,Средний,Новостройка
31073840.0,ЮВАО,63.2,22.0,22.0,1.0,2.0,https://www.cian.ru/sale/flat/300165805/,491674.68,Последний,Новостройка
33629740.0,ЮВАО,75.1,22.0,22.0,1.0,2.0,https://www.cian.ru/sale/flat/300165806/,447799.47,Последний,Новостройка
32286900.0,ЮВАО,70.2,19.0,21.0,1.0,2.0,https://www.cian.ru/sale/flat/300165808/,459927.35,Средний,Новостройка
31374890.0,ЮВАО,70.9,14.0,21.0,1.0,2.0,https://www.cian.ru/sale/flat/300165809/,442523.13,Средний,Новостройка
31350680.0,ЮВАО,70.1,16.0,21.0,1.0,2.0,https://www.cian.ru/sale/flat/300165810/,447227.96,Средний,Новостройка
42849350.0,ЮВАО,68.5,14.0,14.0,1.0,2.0,https://www.cian.ru/sale/flat/300165814/,625537.96,Последний,Новостройка
48446580.0,ЮВАО,84.6,13.0,14.0,1.0,3.0,https://www.cian.ru/sale/flat/300165816/,572654.61,Средний,Новостройка
33273400.0,ЮВАО,71.8,11.0,21.0,1.0,2.0,https://www.cian.ru/sale/flat/300165818/,463417.83,Средний,Новостройка
33527660.0,ЮВАО,70.7,22.0,22.0,1.0,2.0,https://www.cian.ru/sale/flat/300165820/,474224.33,Последний,Новостройка
35800250.0,ЮВАО,71.9,21.0,21.0,1.0,2.0,https://www.cian.ru/sale/flat/300165821/,497917.25,Последний,Новостройка
31171960.0,ЮВАО,69.7,21.0,22.0,1.0,2.0,https://www.cian.ru/sale/flat/300165822/,447230.42,Средний,Новостройка
31729560.0,ЮВАО,69.7,22.0,22.0,1.0,2.0,https://www.cian.ru/sale/flat/300165826/,455230.42,Последний,Новостройка
28900000.0,ЮАО,42.4,19.0,48.0,0.0,2.0,https://www.cian.ru/sale/flat/300165837/,681603.77,Средний,Вторичка
31300000.0,ЦАО,76.1,5.0,12.0,0.0,4.0,https://www.cian.ru/sale/flat/300170073/,411300.92,Средний,Вторичка
13200000.0,ВАО,53.6,5.0,5.0,0.0,3.0,https://www.cian.ru/sale/flat/300170974/,246268.66,Последний,Вторичка
29990000.0,СВАО,57.0,25.0,35.0,0.0,3.0,https://www.cian.ru/sale/flat/300176435/,526140.35,Средний,Вторичка
15300000.0,СВАО,61.5,16.0,16.0,0.0,2.0,https://www.cian.ru/sale/flat/300176483/,248780.49,Последний,Вторичка
16500000.0,САО,48.1,5.0,12.0,0.0,2.0,https://www.cian.ru/sale/flat/300176485/,343035.34,Средний,Вторичка
19990000.0,ЮАО,49.0,2.0,29.0,0.0,1.0,https://www.cian.ru/sale/flat/300176709/,407959.18,Средний,Вторичка
12000000.0,СВАО,38.8,3.0,12.0,0.0,1.0,https://www.cian.ru/sale/flat/300176787/,309278.35,Средний,Вторичка
13990000.0,ЮЗАО,40.1,2.0,20.0,0.0,1.0,https://www.cian.ru/sale/flat/300179831/,348877.81,Средний,Вторичка
42000000.0,САО,113.0,35.0,35.0,0.0,4.0,https://www.cian.ru/sale/flat/300181346/,371681.42,Последний,Вторичка
23500000.0,СВАО,42.2,9.0,38.0,1.0,1.0,https://www.cian.ru/sale/flat/300184749/,556872.04,Средний,Новостройка
27400000.0,ЦАО,90.0,3.0,6.0,0.0,3.0,https://www.cian.ru/sale/flat/300185601/,304444.44,Средний,Вторичка
10850000.0,СВАО,33.0,8.0,9.0,0.0,1.0,https://www.cian.ru/sale/flat/300188888/,328787.88,Средний,Вторичка
80000000.0,ЦАО,90.0,2.0,7.0,0.0,3.0,https://www.cian.ru/sale/flat/300189345/,888888.89,Средний,Вторичка
9050000.0,ЮАО,38.2,13.0,17.0,0.0,1.0,https://www.cian.ru/sale/flat/300189623/,236910.99,Средний,Вторичка
16200000.0,ЮВАО,50.6,25.0,25.0,1.0,2.0,https://www.cian.ru/sale/flat/300189850/,320158.1,Последний,Новостройка
22350000.0,ЮЗАО,46.8,28.0,34.0,1.0,1.0,https://www.cian.ru/sale/flat/300190758/,477564.1,Средний,Новостройка
11850000.0,ЮВАО,42.3,3.0,5.0,0.0,2.0,https://www.cian.ru/sale/flat/300190999/,280141.84,Средний,Вторичка
26900000.0,ЗАО,50.1,15.0,20.0,0.0,2.0,https://www.cian.ru/sale/flat/300191477/,536926.15,Средний,Вторичка
37320000.0,СЗАО,71.0,13.0,22.0,0.0,3.0,https://www.cian.ru/sale/flat/300191522/,525633.8,Средний,Вторичка
7200000.0,СВАО,28.0,1.0,6.0,0.0,1.0,https://www.cian.ru/sale/flat/300191546/,257142.86,Первый,Вторичка
60000000.0,СЗАО,98.3,5.0,23.0,0.0,3.0,https://www.cian.ru/sale/flat/300191551/,610376.4,Средний,Вторичка
17306100.0,ЗАО,57.4,9.0,25.0,1.0,2.0,https://www.cian.ru/sale/flat/300192000/,301500.0,Средний,Новостройка
32990000.0,СЗАО,65.0,40.0,44.0,0.0,2.0,https://www.cian.ru/sale/flat/300192215/,507538.46,Средний,Вторичка
25645000.0,ЗАО,45.0,4.0,14.0,0.0,2.0,https://www.cian.ru/sale/flat/300192341/,569888.89,Средний,Вторичка
45278000.0,ЗАО,72.0,2.0,14.0,0.0,3.0,https://www.cian.ru/sale/flat/300192347/,628861.11,Средний,Вторичка
226380000.0,САО,215.6,35.0,40.0,0.0,4.0,https://www.cian.ru/sale/flat/300193785/,1050000.0,Средний,Вторичка
259000000.0,ЦАО,173.0,5.0,16.0,0.0,4.0,https://www.cian.ru/sale/flat/300194263/,1497109.83,Средний,Вторичка
95000000.0,ЦАО,92.2,3.0,21.0,0.0,3.0,https://www.cian.ru/sale/flat/300194610/,1030368.76,Средний,Вторичка
58300000.0,ЦАО,56.6,3.0,21.0,0.0,2.0,https://www.cian.ru/sale/flat/300194618/,1030035.34,Средний,Вторичка
26500000.0,ЮЗАО,82.7,19.0,24.0,0.0,4.0,https://www.cian.ru/sale/flat/300194634/,320435.31,Средний,Вторичка
16900000.0,СЗАО,61.88,6.0,24.0,1.0,2.0,https://www.cian.ru/sale/flat/300195289/,273109.24,Средний,Новостройка
205000000.0,ЦАО,205.0,2.0,6.0,0.0,4.0,https://www.cian.ru/sale/flat/300195361/,1000000.0,Средний,Вторичка
28000000.0,ЮАО,77.0,15.0,24.0,0.0,3.0,https://www.cian.ru/sale/flat/300196050/,363636.36,Средний,Вторичка
15200000.0,ЮВАО,62.2,8.0,9.0,0.0,4.0,https://www.cian.ru/sale/flat/300197305/,244372.99,Средний,Вторичка
12990000.0,ЗАО,35.0,1.0,9.0,0.0,1.0,https://www.cian.ru/sale/flat/300197540/,371142.86,Первый,Вторичка
12000000.0,САО,47.0,2.0,12.0,0.0,2.0,https://www.cian.ru/sale/flat/300197570/,255319.15,Средний,Вторичка
17350000.0,ЮВАО,57.5,30.0,30.0,0.0,2.0,https://www.cian.ru/sale/flat/300197601/,301739.13,Последний,Вторичка
12400000.0,ЮАО,32.2,7.0,9.0,0.0,1.0,https://www.cian.ru/sale/flat/300197626/,385093.17,Средний,Вторичка
17900000.0,ЗАО,40.0,14.0,31.0,0.0,1.0,https://www.cian.ru/sale/flat/300197753/,447500.0,Средний,Вторичка
17900000.0,ЮВАО,73.2,3.0,5.0,0.0,4.0,https://www.cian.ru/sale/flat/300198608/,244535.52,Средний,Вторичка
65500000.0,ЗАО,105.0,14.0,23.0,0.0,3.0,https://www.cian.ru/sale/flat/300199062/,623809.52,Средний,Вторичка
12600000.0,СВАО,38.5,5.0,9.0,0.0,1.0,https://www.cian.ru/sale/flat/300199245/,327272.73,Средний,Вторичка
21000000.0,СВАО,60.2,14.0,58.0,0.0,2.0,https://www.cian.ru/sale/flat/300199357/,348837.21,Средний,Вторичка
22000000.0,ЮВАО,83.8,2.0,6.0,0.0,4.0,https://www.cian.ru/sale/flat/300200225/,262529.83,Средний,Вторичка
10200000.0,СВАО,31.5,4.0,9.0,0.0,1.0,https://www.cian.ru/sale/flat/300201168/,323809.52,Средний,Вторичка
21000000.0,ЮЗАО,74.0,2.0,5.0,0.0,3.0,https://www.cian.ru/sale/flat/300201630/,283783.78,Средний,Вторичка
16800000.0,ЗАО,35.4,9.0,19.0,0.0,1.0,https://www.cian.ru/sale/flat/300206672/,474576.27,Средний,Вторичка
28500000.0,САО,60.5,4.0,30.0,0.0,2.0,https://www.cian.ru/sale/flat/300207271/,471074.38,Средний,Вторичка
39223840.0,ЮВАО,78.2,3.0,13.0,1.0,3.0,https://www.cian.ru/sale/flat/300207697/,501583.63,Средний,Новостройка
32890000.0,ЗАО,86.0,20.0,31.0,0.0,3.0,https://www.cian.ru/sale/flat/300208657/,382441.86,Средний,Вторичка
15500000.0,ЗАО,51.3,4.0,16.0,0.0,2.0,https://www.cian.ru/sale/flat/300209343/,302144.25,Средний,Вторичка
72000000.0,ЮАО,129.1,38.0,40.0,1.0,4.0,https://www.cian.ru/sale/flat/300209363/,557707.2,Средний,Новостройка
22900000.0,ЗАО,75.0,14.0,16.0,0.0,3.0,https://www.cian.ru/sale/flat/300209511/,305333.33,Средний,Вторичка
7900000.0,ЮВАО,34.64,9.0,26.0,1.0,1.0,https://www.cian.ru/sale/flat/300209520/,228060.05,Средний,Новостройка
10000000.0,СВАО,32.2,16.0,16.0,1.0,1.0,https://www.cian.ru/sale/flat/300209521/,310559.01,Последний,Новостройка
39461999.0,ЗАО,110.0,19.0,29.0,0.0,3.0,https://www.cian.ru/sale/flat/300209992/,358745.45,Средний,Вторичка
14500000.0,ЮЗАО,44.0,2.0,5.0,0.0,2.0,https://www.cian.ru/sale/flat/300210689/,329545.45,Средний,Вторичка
95000000.0,СЗАО,172.0,42.0,48.0,0.0,4.0,https://www.cian.ru/sale/flat/300210734/,552325.58,Средний,Вторичка
10999000.0,ЮАО,48.6,8.0,14.0,0.0,2.0,https://www.cian.ru/sale/flat/300211144/,226316.87,Средний,Вторичка
15000000.0,СЗАО,60.0,1.0,16.0,0.0,2.0,https://www.cian.ru/sale/flat/300213900/,250000.0,Первый,Вторичка
49900000.0,САО,65.0,8.0,24.0,0.0,3.0,https://www.cian.ru/sale/flat/300214839/,767692.31,Средний,Вторичка
18490000.0,ЮАО,21.5,23.0,28.0,0.0,1.0,https://www.cian.ru/sale/flat/300218010/,860000.0,Средний,Вторичка
24800000.0,САО,63.2,8.0,16.0,0.0,2.0,https://www.cian.ru/sale/flat/300218637/,392405.06,Средний,Вторичка
32000000.0,ЗАО,109.1,5.0,22.0,0.0,4.0,https://www.cian.ru/sale/flat/300219455/,293308.89,Средний,Вторичка
58000000.0,СЗАО,110.9,25.0,40.0,0.0,4.0,https://www.cian.ru/sale/flat/300220278/,522993.69,Средний,Вторичка
31900000.0,ЮАО,51.3,12.0,16.0,0.0,2.0,https://www.cian.ru/sale/flat/300221231/,621832.36,Средний,Вторичка
15990000.0,САО,47.0,11.0,33.0,0.0,2.0,https://www.cian.ru/sale/flat/300221936/,340212.77,Средний,Вторичка
32000000.0,ЮВАО,67.0,12.0,23.0,0.0,2.0,https://www.cian.ru/sale/flat/300222335/,477611.94,Средний,Вторичка
22900000.0,СВАО,88.7,1.0,7.0,0.0,4.0,https://www.cian.ru/sale/flat/300223125/,258173.62,Первый,Вторичка
12900000.0,СВАО,43.0,15.0,16.0,0.0,1.0,https://www.cian.ru/sale/flat/300224325/,300000.0,Средний,Вторичка
19500000.0,ЦАО,35.0,7.0,9.0,0.0,1.0,https://www.cian.ru/sale/flat/300225205/,557142.86,Средний,Вторичка
37900000.0,ЮВАО,85.1,7.0,23.0,0.0,3.0,https://www.cian.ru/sale/flat/300225395/,445358.4,Средний,Вторичка
7790000.0,СВАО,31.8,1.0,12.0,0.0,1.0,https://www.cian.ru/sale/flat/300225912/,244968.55,Первый,Вторичка
35000000.0,САО,101.0,9.0,9.0,0.0,4.0,https://www.cian.ru/sale/flat/300226639/,346534.65,Последний,Вторичка
31845511.0,ЮАО,69.2,2.0,12.0,1.0,2.0,https://www.cian.ru/sale/flat/300228448/,460195.25,Средний,Новостройка
11500000.0,ВАО,42.8,3.0,9.0,0.0,2.0,https://www.cian.ru/sale/flat/300229425/,268691.59,Средний,Вторичка
16499000.0,СЗАО,43.0,1.0,5.0,0.0,2.0,https://www.cian.ru/sale/flat/300230411/,383697.67,Первый,Вторичка
9990000.0,ЮВАО,38.0,5.0,17.0,0.0,1.0,https://www.cian.ru/sale/flat/300232028/,262894.74,Средний,Вторичка
15500000.0,СЗАО,53.0,4.0,57.0,1.0,2.0,https://www.cian.ru/sale/flat/300232324/,292452.83,Средний,Новостройка
13800000.0,ЦАО,35.0,10.0,12.0,0.0,1.0,https://www.cian.ru/sale/flat/300232347/,394285.71,Средний,Вторичка
20790000.0,СЗАО,60.2,6.0,12.0,0.0,3.0,https://www.cian.ru/sale/flat/300235601/,345348.84,Средний,Вторичка
13800000.0,ЮАО,46.8,4.0,12.0,0.0,2.0,https://www.cian.ru/sale/flat/300236165/,294871.79,Средний,Вторичка
8150000.0,ВАО,34.9,1.0,9.0,0.0,1.0,https://www.cian.ru/sale/flat/300241684/,233524.36,Первый,Вторичка
17900000.0,ЮАО,40.4,12.0,16.0,0.0,1.0,https://www.cian.ru/sale/flat/300242556/,443069.31,Средний,Вторичка
16999000.0,ЮВАО,54.3,12.0,17.0,0.0,2.0,https://www.cian.ru/sale/flat/300243577/,313057.09,Средний,Вторичка
8590000.0,ЮАО,33.0,4.0,9.0,0.0,1.0,https://www.cian.ru/sale/flat/300243658/,260303.03,Средний,Вторичка
25000000.0,ЦАО,31.2,5.0,9.0,0.0,1.0,https://www.cian.ru/sale/flat/300245372/,801282.05,Средний,Вторичка
17970000.0,СЗАО,36.0,20.0,25.0,0.0,1.0,https://www.cian.ru/sale/flat/300246480/,499166.67,Средний,Вторичка
34000000.0,САО,77.5,8.0,19.0,0.0,3.0,https://www.cian.ru/sale/flat/300247583/,438709.68,Средний,Вторичка
70000000.0,ЮАО,130.0,14.0,22.0,0.0,4.0,https://www.cian.ru/sale/flat/300247942/,538461.54,Средний,Вторичка
12700000.0,СЗАО,41.4,4.0,5.0,0.0,2.0,https://www.cian.ru/sale/flat/300248641/,306763.29,Средний,Вторичка
21700000.0,ЮЗАО,86.8,16.0,23.0,1.0,3.0,https://www.cian.ru/sale/flat/300249188/,250000.0,Средний,Новостройка
15978137.0,СЗАО,35.0,13.0,17.0,0.0,1.0,https://www.cian.ru/sale/flat/300251102/,456518.2,Средний,Вторичка
67000000.0,СЗАО,105.0,27.0,46.0,0.0,4.0,https://www.cian.ru/sale/flat/300251495/,638095.24,Средний,Вторичка
18800000.0,САО,47.6,10.0,35.0,1.0,2.0,https://www.cian.ru/sale/flat/300251772/,394957.98,Средний,Новостройка
12700000.0,ЮЗАО,37.8,5.0,17.0,0.0,1.0,https://www.cian.ru/sale/flat/300252459/,335978.84,Средний,Вторичка
8200000.0,ЮЗАО,38.6,1.0,9.0,0.0,1.0,https://www.cian.ru/sale/flat/300253311/,212435.23,Первый,Вторичка
29900000.0,ЦАО,74.1,3.0,5.0,0.0,4.0,https://www.cian.ru/sale/flat/300253513/,403508.77,Средний,Вторичка
15200000.0,СВАО,48.0,1.0,12.0,0.0,2.0,https://www.cian.ru/sale/flat/300253528/,316666.67,Первый,Вторичка
26700000.0,ЦАО,74.0,4.0,5.0,0.0,4.0,https://www.cian.ru/sale/flat/300254550/,360810.81,Средний,Вторичка
16300000.0,СЗАО,37.8,4.0,9.0,0.0,2.0,https://www.cian.ru/sale/flat/300256139/,431216.93,Средний,Вторичка
12000000.0,ЮВАО,30.0,3.0,9.0,0.0,1.0,https://www.cian.ru/sale/flat/300257640/,400000.0,Средний,Вторичка
23000000.0,ЦАО,39.5,2.0,4.0,0.0,2.0,https://www.cian.ru/sale/flat/300263028/,582278.48,Средний,Вторичка
125000000.0,ЦАО,172.5,7.0,12.0,0.0,4.0,https://www.cian.ru/sale/flat/300264745/,724637.68,Средний,Вторичка
26640000.0,САО,95.6,4.0,5.0,0.0,4.0,https://www.cian.ru/sale/flat/300265228/,278661.09,Средний,Вторичка
12700000.0,ЗАО,36.5,4.0,16.0,0.0,1.0,https://www.cian.ru/sale/flat/300265337/,347945.21,Средний,Вторичка
30990000.0,ЮЗАО,72.0,8.0,8.0,0.0,3.0,https://www.cian.ru/sale/flat/300266387/,430416.67,Последний,Вторичка
29900000.0,ЮВАО,108.4,6.0,17.0,0.0,4.0,https://www.cian.ru/sale/flat/300266413/,275830.26,Средний,Вторичка
19700000.0,ЮЗАО,45.7,16.0,42.0,0.0,1.0,https://www.cian.ru/sale/flat/300269721/,431072.21,Средний,Вторичка
38000000.0,ЦАО,60.0,1.0,9.0,0.0,2.0,https://www.cian.ru/sale/flat/300270099/,633333.33,Первый,Вторичка
30200000.0,ЦАО,43.6,10.0,53.0,0.0,1.0,https://www.cian.ru/sale/flat/300270365/,692660.55,Средний,Вторичка
12700000.0,ЮВАО,55.5,5.0,19.0,0.0,2.0,https://www.cian.ru/sale/flat/300270509/,228828.83,Средний,Вторичка
9650000.0,СВАО,36.0,5.0,12.0,0.0,1.0,https://www.cian.ru/sale/flat/300272864/,268055.56,Средний,Вторичка
11900000.0,ВАО,40.6,3.0,9.0,0.0,2.0,https://www.cian.ru/sale/flat/300273588/,293103.45,Средний,Вторичка
22900000.0,ЗАО,75.0,14.0,16.0,0.0,3.0,https://www.cian.ru/sale/flat/300273691/,305333.33,Средний,Вторичка
16300000.0,ЮЗАО,45.3,4.0,9.0,0.0,2.0,https://www.cian.ru/sale/flat/300274491/,359823.4,Средний,Вторичка
39900000.0,СЗАО,87.0,9.0,36.0,0.0,3.0,https://www.cian.ru/sale/flat/300276907/,458620.69,Средний,Вторичка
13500000.0,ЮАО,37.0,10.0,23.0,0.0,1.0,https://www.cian.ru/sale/flat/300277635/,364864.86,Средний,Вторичка
10500000.0,ЮАО,36.2,16.0,16.0,0.0,1.0,https://www.cian.ru/sale/flat/300279567/,290055.25,Последний,Вторичка
9730000.0,ЮАО,37.0,10.0,17.0,0.0,1.0,https://www.cian.ru/sale/flat/300281735/,262972.97,Средний,Вторичка
80000000.0,ЗАО,141.0,8.0,45.0,0.0,3.0,https://www.cian.ru/sale/flat/300281927/,567375.89,Средний,Вторичка
21100000.0,СЗАО,37.0,6.0,29.0,0.0,1.0,https://www.cian.ru/sale/flat/300281966/,570270.27,Средний,Вторичка
14700000.0,ЮАО,45.0,4.0,9.0,0.0,2.0,https://www.cian.ru/sale/flat/300282463/,326666.67,Средний,Вторичка
62000000.0,СЗАО,117.0,9.0,24.0,0.0,3.0,https://www.cian.ru/sale/flat/300283089/,529914.53,Средний,Вторичка
11900000.0,ЮВАО,45.6,4.0,12.0,0.0,2.0,https://www.cian.ru/sale/flat/300283823/,260964.91,Средний,Вторичка
19700000.0,СЗАО,53.2,5.0,21.0,1.0,2.0,https://www.cian.ru/sale/flat/300283885/,370300.75,Средний,Новостройка
12700000.0,ЮАО,51.8,12.0,12.0,0.0,2.0,https://www.cian.ru/sale/flat/300284279/,245173.75,Последний,Вторичка
50372662.0,ЦАО,138.8,2.0,30.0,1.0,4.0,https://www.cian.ru/sale/flat/300285570/,362915.43,Средний,Новостройка
54934949.0,ЦАО,153.7,3.0,30.0,1.0,4.0,https://www.cian.ru/sale/flat/300285573/,357416.71,Средний,Новостройка
64575410.0,ЦАО,156.4,8.0,30.0,1.0,4.0,https://www.cian.ru/sale/flat/300285584/,412886.25,Средний,Новостройка
66545614.0,ЦАО,143.5,18.0,30.0,1.0,4.0,https://www.cian.ru/sale/flat/300285594/,463732.5,Средний,Новостройка
73263439.0,ЦАО,154.9,21.0,30.0,1.0,4.0,https://www.cian.ru/sale/flat/300285601/,472972.49,Средний,Новостройка
58048837.0,ЦАО,127.45,10.0,23.0,1.0,3.0,https://www.cian.ru/sale/flat/300285627/,455463.61,Средний,Новостройка
63620156.0,ЦАО,140.45,18.0,23.0,1.0,4.0,https://www.cian.ru/sale/flat/300285639/,452973.7,Средний,Новостройка
300000000.0,ЦАО,151.3,2.0,6.0,0.0,3.0,https://www.cian.ru/sale/flat/300285745/,1982815.6,Средний,Вторичка
24500000.0,СВАО,85.6,7.0,22.0,1.0,3.0,https://www.cian.ru/sale/flat/300285754/,286214.95,Средний,Новостройка
55000000.0,ЮЗАО,150.0,24.0,30.0,0.0,3.0,https://www.cian.ru/sale/flat/300286298/,366666.67,Средний,Вторичка
22000000.0,ЦАО,44.7,8.0,11.0,1.0,1.0,https://www.cian.ru/sale/flat/300288765/,492170.02,Средний,Новостройка
20900000.0,СВАО,67.0,2.0,7.0,0.0,3.0,https://www.cian.ru/sale/flat/300288822/,311940.3,Средний,Вторичка
70000000.0,ЮЗАО,143.0,20.0,21.0,0.0,3.0,https://www.cian.ru/sale/flat/300289243/,489510.49,Средний,Вторичка
13997000.0,ЮАО,59.4,1.0,9.0,0.0,3.0,https://www.cian.ru/sale/flat/300289604/,235639.73,Первый,Вторичка
20764307.0,ЮАО,49.0,10.0,15.0,1.0,1.0,https://www.cian.ru/sale/flat/300289638/,423761.37,Средний,Новостройка
23551761.0,ЮАО,62.1,11.0,15.0,1.0,2.0,https://www.cian.ru/sale/flat/300289651/,379255.41,Средний,Новостройка
19344758.0,ЮАО,47.6,13.0,15.0,1.0,1.0,https://www.cian.ru/sale/flat/300289659/,406402.48,Средний,Новостройка
24276515.0,ЮАО,61.3,13.0,15.0,1.0,2.0,https://www.cian.ru/sale/flat/300289672/,396027.98,Средний,Новостройка
33500000.0,ЮАО,64.0,18.0,48.0,0.0,2.0,https://www.cian.ru/sale/flat/300289683/,523437.5,Средний,Вторичка
29000000.0,СЗАО,68.0,3.0,15.0,0.0,3.0,https://www.cian.ru/sale/flat/300290083/,426470.59,Средний,Вторичка
34000000.0,ЮАО,66.0,8.0,48.0,0.0,2.0,https://www.cian.ru/sale/flat/300290726/,515151.52,Средний,Вторичка
9499000.0,ЮВАО,31.5,5.0,9.0,0.0,1.0,https://www.cian.ru/sale/flat/300291039/,301555.56,Средний,Вторичка
89000000.0,ЦАО,137.0,4.0,4.0,0.0,4.0,https://www.cian.ru/sale/flat/300292461/,649635.04,Последний,Вторичка
21900000.0,СВАО,60.6,14.0,17.0,0.0,2.0,https://www.cian.ru/sale/flat/300292905/,361386.14,Средний,Вторичка
175000000.0,ЦАО,150.0,5.0,14.0,0.0,3.0,https://www.cian.ru/sale/flat/300293015/,1166666.67,Средний,Вторичка
14300000.0,ВАО,45.0,2.0,9.0,0.0,2.0,https://www.cian.ru/sale/flat/300293083/,317777.78,Средний,Вторичка
23500000.0,ВАО,85.0,3.0,5.0,0.0,4.0,https://www.cian.ru/sale/flat/300294427/,276470.59,Средний,Вторичка
150000000.0,ЦАО,112.5,6.0,21.0,0.0,3.0,https://www.cian.ru/sale/flat/300294429/,1333333.33,Средний,Вторичка
47500000.0,ЮАО,127.2,2.0,16.0,0.0,4.0,https://www.cian.ru/sale/flat/300295612/,373427.67,Средний,Вторичка
135800000.0,ЗАО,176.0,12.0,17.0,0.0,4.0,https://www.cian.ru/sale/flat/300295839/,771590.91,Средний,Вторичка
9500000.0,ВАО,30.0,6.0,9.0,0.0,1.0,https://www.cian.ru/sale/flat/300295943/,316666.67,Средний,Вторичка
15000000.0,СВАО,36.4,12.0,14.0,0.0,1.0,https://www.cian.ru/sale/flat/300295957/,412087.91,Средний,Вторичка
9900000.0,ЗАО,38.7,15.0,21.0,0.0,1.0,https://www.cian.ru/sale/flat/300298041/,255813.95,Средний,Вторичка
8900000.0,ВАО,34.1,1.0,5.0,0.0,1.0,https://www.cian.ru/sale/flat/300298383/,260997.07,Первый,Вторичка
14983798.0,СВАО,41.3,3.0,33.0,1.0,1.0,https://www.cian.ru/sale/flat/300298451/,362803.83,Средний,Новостройка
23000000.0,ЮЗАО,60.7,9.0,17.0,0.0,2.0,https://www.cian.ru/sale/flat/300298593/,378912.69,Средний,Вторичка
102000000.0,ЗАО,136.5,8.0,12.0,1.0,3.0,https://www.cian.ru/sale/flat/300298619/,747252.75,Средний,Новостройка
63500000.0,ЦАО,75.0,5.0,8.0,0.0,4.0,https://www.cian.ru/sale/flat/300299099/,846666.67,Средний,Вторичка
14000000.0,ЮВАО,63.1,3.0,9.0,0.0,4.0,https://www.cian.ru/sale/flat/300299181/,221870.05,Средний,Вторичка
193000000.0,ЦАО,105.0,2.0,13.0,0.0,3.0,https://www.cian.ru/sale/flat/300299264/,1838095.24,Средний,Вторичка
26240000.0,СЗАО,46.4,2.0,10.0,1.0,1.0,https://www.cian.ru/sale/flat/300299480/,565517.24,Средний,Новостройка
47000000.0,ЗАО,47.0,8.0,11.0,0.0,2.0,https://www.cian.ru/sale/flat/300299710/,1000000.0,Средний,Вторичка
60000000.0,СЗАО,121.9,40.0,48.0,0.0,4.0,https://www.cian.ru/sale/flat/300300021/,492206.73,Средний,Вторичка
21300000.0,СЗАО,37.9,11.0,43.0,0.0,1.0,https://www.cian.ru/sale/flat/300300191/,562005.28,Средний,Вторичка
16600000.0,ЮАО,85.0,9.0,12.0,0.0,4.0,https://www.cian.ru/sale/flat/300300865/,195294.12,Средний,Вторичка
28000000.0,ЦАО,45.0,6.0,12.0,0.0,2.0,https://www.cian.ru/sale/flat/300300975/,622222.22,Средний,Вторичка
9500000.0,ЮЗАО,36.0,1.0,12.0,0.0,1.0,https://www.cian.ru/sale/flat/300301003/,263888.89,Первый,Вторичка
69900000.0,ЗАО,126.8,11.0,13.0,0.0,4.0,https://www.cian.ru/sale/flat/300301413/,551261.83,Средний,Вторичка
29000000.0,ЮВАО,73.2,11.0,20.0,0.0,3.0,https://www.cian.ru/sale/flat/300301424/,396174.86,Средний,Вторичка
10500000.0,САО,37.5,1.0,14.0,0.0,1.0,https://www.cian.ru/sale/flat/300301779/,280000.0,Первый,Вторичка
31500000.0,ЮВАО,106.5,6.0,6.0,0.0,4.0,https://www.cian.ru/sale/flat/300302895/,295774.65,Последний,Вторичка
23400000.0,ЮАО,66.02,3.0,7.0,1.0,2.0,https://www.cian.ru/sale/flat/300304732/,354438.05,Средний,Новостройка
48000000.0,ЗАО,80.0,19.0,28.0,0.0,2.0,https://www.cian.ru/sale/flat/300305064/,600000.0,Средний,Вторичка
10000000.0,ЗАО,39.0,2.0,14.0,0.0,1.0,https://www.cian.ru/sale/flat/300305305/,256410.26,Средний,Вторичка
23980000.0,СЗАО,43.0,13.0,26.0,0.0,2.0,https://www.cian.ru/sale/flat/300305357/,557674.42,Средний,Вторичка
12500000.0,ЗАО,36.1,15.0,16.0,0.0,1.0,https://www.cian.ru/sale/flat/300309463/,346260.39,Средний,Вторичка
16600000.0,ЮВАО,59.0,5.0,25.0,0.0,2.0,https://www.cian.ru/sale/flat/300309528/,281355.93,Средний,Вторичка
10600000.0,САО,40.47,10.0,17.0,0.0,2.0,https://www.cian.ru/sale/flat/300310205/,261922.41,Средний,Вторичка
12500000.0,ЮЗАО,37.0,4.0,17.0,0.0,1.0,https://www.cian.ru/sale/flat/300311562/,337837.84,Средний,Вторичка
70740000.0,ЗАО,87.5,3.0,12.0,1.0,2.0,https://www.cian.ru/sale/flat/300311955/,808457.14,Средний,Новостройка
77517000.0,СЗАО,130.5,20.0,21.0,1.0,4.0,https://www.cian.ru/sale/flat/300312691/,594000.0,Средний,Новостройка
56175200.0,СЗАО,98.9,21.0,21.0,1.0,3.0,https://www.cian.ru/sale/flat/300312693/,568000.0,Последний,Новостройка
25392000.0,СЗАО,48.0,4.0,21.0,1.0,1.0,https://www.cian.ru/sale/flat/300312697/,529000.0,Средний,Новостройка
14100000.0,ВАО,53.0,9.0,10.0,0.0,2.0,https://www.cian.ru/sale/flat/300313132/,266037.74,Средний,Вторичка
22500000.0,САО,53.0,22.0,24.0,0.0,2.0,https://www.cian.ru/sale/flat/300316259/,424528.3,Средний,Вторичка
10840000.0,ЗАО,34.1,1.0,9.0,0.0,2.0,https://www.cian.ru/sale/flat/300319011/,317888.56,Первый,Вторичка
16000000.0,ЮВАО,41.1,23.0,30.0,0.0,1.0,https://www.cian.ru/sale/flat/300319816/,389294.4,Средний,Вторичка
20000000.0,ЗАО,54.0,9.0,17.0,0.0,2.0,https://www.cian.ru/sale/flat/300320333/,370370.37,Средний,Вторичка
89900000.0,СВАО,135.0,15.0,23.0,0.0,3.0,https://www.cian.ru/sale/flat/300320849/,665925.93,Средний,Вторичка
42500000.0,САО,83.6,7.0,7.0,0.0,2.0,https://www.cian.ru/sale/flat/300321398/,508373.21,Последний,Вторичка
176000000.0,ЦАО,140.8,5.0,9.0,0.0,4.0,https://www.cian.ru/sale/flat/300322817/,1250000.0,Средний,Вторичка
10500000.0,ЮВАО,33.7,14.0,15.0,1.0,1.0,https://www.cian.ru/sale/flat/300326167/,311572.7,Средний,Новостройка
58500000.0,ЗАО,142.6,18.0,25.0,0.0,4.0,https://www.cian.ru/sale/flat/300326991/,410238.43,Средний,Вторичка
14790000.0,ЮАО,59.0,8.0,9.0,0.0,3.0,https://www.cian.ru/sale/flat/300327358/,250677.97,Средний,Вторичка
12800000.0,ЗАО,40.8,6.0,9.0,0.0,1.0,https://www.cian.ru/sale/flat/300327603/,313725.49,Средний,Вторичка
42000000.0,СЗАО,76.3,10.0,23.0,0.0,2.0,https://www.cian.ru/sale/flat/300327999/,550458.72,Средний,Вторичка
25000000.0,ЮЗАО,71.9,5.0,13.0,1.0,3.0,https://www.cian.ru/sale/flat/300328456/,347705.15,Средний,Новостройка
16500000.0,ЮЗАО,45.2,4.0,13.0,1.0,1.0,https://www.cian.ru/sale/flat/300328902/,365044.25,Средний,Новостройка
33500000.0,ЗАО,70.0,12.0,22.0,0.0,3.0,https://www.cian.ru/sale/flat/300329022/,478571.43,Средний,Вторичка
63650000.0,ЗАО,95.3,13.0,14.0,0.0,3.0,https://www.cian.ru/sale/flat/300329202/,667890.87,Средний,Вторичка
8300000.0,САО,34.7,1.0,12.0,0.0,1.0,https://www.cian.ru/sale/flat/300329313/,239193.08,Первый,Вторичка
15800000.0,СВАО,40.0,1.0,14.0,0.0,1.0,https://www.cian.ru/sale/flat/300329735/,395000.0,Первый,Вторичка
122400000.0,ЗАО,144.0,8.0,11.0,0.0,3.0,https://www.cian.ru/sale/flat/300330497/,850000.0,Средний,Вторичка
47041200.0,ЦАО,71.6,35.0,51.0,1.0,2.0,https://www.cian.ru/sale/flat/300331468/,657000.0,Средний,Новостройка
21500000.0,САО,75.7,1.0,14.0,0.0,4.0,https://www.cian.ru/sale/flat/300331487/,284015.85,Первый,Вторичка
34100000.0,ЮЗАО,84.4,9.0,16.0,0.0,4.0,https://www.cian.ru/sale/flat/300331618/,404028.44,Средний,Вторичка
25900000.0,ЦАО,75.0,15.0,16.0,0.0,3.0,https://www.cian.ru/sale/flat/300331875/,345333.33,Средний,Вторичка
12000000.0,ЮЗАО,30.0,1.0,8.0,0.0,1.0,https://www.cian.ru/sale/flat/300332458/,400000.0,Первый,Вторичка
11699000.0,САО,41.0,7.0,9.0,0.0,2.0,https://www.cian.ru/sale/flat/300334511/,285341.46,Средний,Вторичка
15990000.0,ЮАО,45.9,21.0,21.0,0.0,1.0,https://www.cian.ru/sale/flat/300334903/,348366.01,Последний,Вторичка
8100000.0,СВАО,33.0,1.0,12.0,0.0,1.0,https://www.cian.ru/sale/flat/300335752/,245454.55,Первый,Вторичка
8290000.0,ВАО,32.8,8.0,9.0,0.0,1.0,https://www.cian.ru/sale/flat/300337012/,252743.9,Средний,Вторичка
26900000.0,ЮВАО,95.5,2.0,17.0,0.0,4.0,https://www.cian.ru/sale/flat/300337493/,281675.39,Средний,Вторичка
44000000.0,ЦАО,66.7,12.0,23.0,0.0,2.0,https://www.cian.ru/sale/flat/300337781/,659670.16,Средний,Вторичка
350000000.0,ЦАО,270.0,11.0,11.0,0.0,4.0,https://www.cian.ru/sale/flat/300338403/,1296296.3,Последний,Вторичка
31900000.0,ЗАО,52.3,5.0,9.0,0.0,2.0,https://www.cian.ru/sale/flat/300338512/,609942.64,Средний,Вторичка
14200000.0,ЮАО,30.6,7.0,8.0,0.0,1.0,https://www.cian.ru/sale/flat/300338572/,464052.29,Средний,Вторичка
16500000.0,СЗАО,40.3,3.0,25.0,1.0,1.0,https://www.cian.ru/sale/flat/300341594/,409429.28,Средний,Новостройка
70000000.0,ЗАО,104.7,8.0,15.0,0.0,4.0,https://www.cian.ru/sale/flat/300341852/,668576.89,Средний,Вторичка
550000000.0,ЦАО,241.2,3.0,4.0,0.0,4.0,https://www.cian.ru/sale/flat/300341986/,2280265.34,Средний,Вторичка
37990000.0,ЗАО,78.0,40.0,51.0,0.0,3.0,https://www.cian.ru/sale/flat/300342112/,487051.28,Средний,Вторичка
21300000.0,САО,80.1,2.0,5.0,0.0,3.0,https://www.cian.ru/sale/flat/300342202/,265917.6,Средний,Вторичка
33900000.0,СЗАО,58.0,3.0,23.0,0.0,3.0,https://www.cian.ru/sale/flat/300342262/,584482.76,Средний,Вторичка
49000000.0,ЮЗАО,91.0,4.0,8.0,0.0,4.0,https://www.cian.ru/sale/flat/300342326/,538461.54,Средний,Вторичка
11090000.0,СВАО,42.0,2.0,5.0,0.0,2.0,https://www.cian.ru/sale/flat/300342332/,264047.62,Средний,Вторичка
78000000.0,ЦАО,152.0,4.0,4.0,0.0,4.0,https://www.cian.ru/sale/flat/300342962/,513157.89,Последний,Вторичка
11900000.0,ЮАО,54.0,10.0,16.0,0.0,2.0,https://www.cian.ru/sale/flat/300343513/,220370.37,Средний,Вторичка
8600000.0,ВАО,31.0,1.0,9.0,0.0,1.0,https://www.cian.ru/sale/flat/300344381/,277419.35,Первый,Вторичка
15000000.0,СЗАО,38.1,23.0,27.0,0.0,1.0,https://www.cian.ru/sale/flat/300345102/,393700.79,Средний,Вторичка
18990000.0,ЗАО,99.5,17.0,22.0,0.0,4.0,https://www.cian.ru/sale/flat/300345183/,190854.27,Средний,Вторичка
16355789.0,САО,58.1,15.0,15.0,1.0,2.0,https://www.cian.ru/sale/flat/300345249/,281511.0,Последний,Новостройка
17690000.0,ЮАО,55.0,15.0,16.0,0.0,2.0,https://www.cian.ru/sale/flat/300346058/,321636.36,Средний,Вторичка
32899942.0,ЗАО,91.7,7.0,21.0,1.0,3.0,https://www.cian.ru/sale/flat/300346087/,358777.99,Средний,Новостройка
43600000.0,ЗАО,80.0,12.0,25.0,0.0,2.0,https://www.cian.ru/sale/flat/300346168/,545000.0,Средний,Вторичка
45000000.0,СЗАО,100.0,1.0,19.0,0.0,3.0,https://www.cian.ru/sale/flat/300346511/,450000.0,Первый,Вторичка
24600000.0,ЮЗАО,72.8,2.0,25.0,0.0,3.0,https://www.cian.ru/sale/flat/300346570/,337912.09,Средний,Вторичка
31100000.0,СВАО,74.3,10.0,17.0,0.0,3.0,https://www.cian.ru/sale/flat/300348071/,418573.35,Средний,Вторичка
18999999.0,ЮАО,63.9,6.0,9.0,0.0,4.0,https://www.cian.ru/sale/flat/300348093/,297339.58,Средний,Вторичка
27000000.0,СЗАО,65.4,22.0,32.0,1.0,3.0,https://www.cian.ru/sale/flat/300348115/,412844.04,Средний,Новостройка
10200000.0,ЮЗАО,33.0,7.0,9.0,0.0,1.0,https://www.cian.ru/sale/flat/300348297/,309090.91,Средний,Вторичка
150000000.0,ЗАО,218.0,6.0,17.0,0.0,4.0,https://www.cian.ru/sale/flat/300348491/,688073.39,Средний,Вторичка
22900000.0,ЗАО,75.0,14.0,16.0,0.0,3.0,https://www.cian.ru/sale/flat/300348767/,305333.33,Средний,Вторичка
34000000.0,ЗАО,66.5,2.0,22.0,0.0,2.0,https://www.cian.ru/sale/flat/300350306/,511278.2,Средний,Вторичка
11400000.0,ЮАО,36.0,6.0,20.0,1.0,2.0,https://www.cian.ru/sale/flat/300351570/,316666.67,Средний,Новостройка
38000000.0,ЮВАО,108.0,6.0,7.0,0.0,4.0,https://www.cian.ru/sale/flat/300352085/,351851.85,Средний,Вторичка
27000000.0,СЗАО,49.0,9.0,30.0,0.0,2.0,https://www.cian.ru/sale/flat/300354396/,551020.41,Средний,Вторичка
11950000.0,ЮЗАО,32.6,7.0,9.0,0.0,1.0,https://www.cian.ru/sale/flat/300355036/,366564.42,Средний,Вторичка
63390000.0,ЗАО,95.6,10.0,14.0,1.0,3.0,https://www.cian.ru/sale/flat/300358979/,663075.31,Средний,Новостройка
30553120.0,СЗАО,48.1,8.0,29.0,1.0,2.0,https://www.cian.ru/sale/flat/300359171/,635200.0,Средний,Новостройка
14221662.0,СЗАО,39.0,1.0,24.0,1.0,1.0,https://www.cian.ru/sale/flat/300361487/,364658.0,Первый,Новостройка
20588673.0,СЗАО,61.7,2.0,24.0,1.0,2.0,https://www.cian.ru/sale/flat/300361489/,333690.0,Средний,Новостройка
20682606.0,СЗАО,68.3,1.0,24.0,1.0,2.0,https://www.cian.ru/sale/flat/300361491/,302820.0,Первый,Новостройка
19081776.0,ЮВАО,56.0,2.0,33.0,1.0,2.0,https://www.cian.ru/sale/flat/300362033/,340746.0,Средний,Новостройка
19545610.0,ЮВАО,56.5,29.0,33.0,1.0,2.0,https://www.cian.ru/sale/flat/300362039/,345940.0,Средний,Новостройка
19570315.0,ЮВАО,57.9,6.0,33.0,1.0,2.0,https://www.cian.ru/sale/flat/300362053/,338001.99,Средний,Новостройка
18688012.0,ЮВАО,51.4,26.0,33.0,1.0,2.0,https://www.cian.ru/sale/flat/300362060/,363580.0,Средний,Новостройка
21875716.0,ЮВАО,72.1,29.0,33.0,1.0,2.0,https://www.cian.ru/sale/flat/300362067/,303407.99,Средний,Новостройка
18424313.0,ЮВАО,53.9,30.0,33.0,1.0,2.0,https://www.cian.ru/sale/flat/300362073/,341823.99,Средний,Новостройка
18770841.0,ЮВАО,51.6,31.0,33.0,1.0,2.0,https://www.cian.ru/sale/flat/300362081/,363775.99,Средний,Новостройка
28000000.0,ЗАО,60.0,9.0,10.0,0.0,3.0,https://www.cian.ru/sale/flat/300364688/,466666.67,Средний,Вторичка
21000000.0,СВАО,103.0,22.0,22.0,0.0,4.0,https://www.cian.ru/sale/flat/300364707/,203883.5,Последний,Вторичка
13500000.0,СЗАО,39.5,10.0,16.0,0.0,1.0,https://www.cian.ru/sale/flat/300365708/,341772.15,Средний,Вторичка
6200000.0,СВАО,51.9,13.0,14.0,0.0,2.0,https://www.cian.ru/sale/flat/300366380/,119460.5,Средний,Вторичка
37000000.0,ЮВАО,79.0,22.0,23.0,0.0,3.0,https://www.cian.ru/sale/flat/300366951/,468354.43,Средний,Вторичка
120000000.0,ЗАО,102.2,9.0,12.0,0.0,3.0,https://www.cian.ru/sale/flat/300367025/,1174168.3,Средний,Вторичка
18900000.0,ЮЗАО,42.6,10.0,42.0,0.0,2.0,https://www.cian.ru/sale/flat/300368305/,443661.97,Средний,Вторичка
50000000.0,ЮАО,110.0,37.0,46.0,0.0,4.0,https://www.cian.ru/sale/flat/300368969/,454545.45,Средний,Вторичка
430000000.0,ЦАО,230.0,6.0,21.0,0.0,4.0,https://www.cian.ru/sale/flat/300369421/,1869565.22,Средний,Вторичка
52000000.0,ЦАО,41.0,12.0,21.0,0.0,1.0,https://www.cian.ru/sale/flat/300369462/,1268292.68,Средний,Вторичка
198000000.0,ЦАО,205.7,10.0,20.0,0.0,4.0,https://www.cian.ru/sale/flat/300370152/,962566.84,Средний,Вторичка
49000000.0,САО,150.0,3.0,32.0,0.0,4.0,https://www.cian.ru/sale/flat/300371954/,326666.67,Средний,Вторичка
33500000.0,СВАО,82.1,10.0,11.0,0.0,3.0,https://www.cian.ru/sale/flat/300371959/,408038.98,Средний,Вторичка
11300000.0,ЗАО,40.1,6.0,17.0,0.0,1.0,https://www.cian.ru/sale/flat/300373282/,281795.51,Средний,Вторичка
7100000.0,ВАО,29.4,2.0,5.0,0.0,1.0,https://www.cian.ru/sale/flat/300373889/,241496.6,Средний,Вторичка
8100000.0,САО,13.3,2.0,5.0,0.0,1.0,https://www.cian.ru/sale/flat/300374299/,609022.56,Средний,Вторичка
8850000.0,ЮАО,27.4,1.0,12.0,0.0,1.0,https://www.cian.ru/sale/flat/300374529/,322992.7,Первый,Вторичка
20800000.0,СВАО,77.5,1.0,8.0,0.0,4.0,https://www.cian.ru/sale/flat/300376768/,268387.1,Первый,Вторичка
10850000.0,ВАО,38.7,4.0,9.0,0.0,1.0,https://www.cian.ru/sale/flat/300377102/,280361.76,Средний,Вторичка
38000000.0,ЗАО,67.0,9.0,14.0,0.0,3.0,https://www.cian.ru/sale/flat/300377324/,567164.18,Средний,Вторичка
230000000.0,ЦАО,142.0,5.0,14.0,0.0,3.0,https://www.cian.ru/sale/flat/300378773/,1619718.31,Средний,Вторичка
83000000.0,ЗАО,108.4,23.0,52.0,0.0,4.0,https://www.cian.ru/sale/flat/300380261/,765682.66,Средний,Вторичка
34000000.0,ЗАО,101.4,22.0,22.0,0.0,4.0,https://www.cian.ru/sale/flat/300381555/,335305.72,Последний,Вторичка
8100000.0,СВАО,36.0,1.0,4.0,0.0,1.0,https://www.cian.ru/sale/flat/300383224/,225000.0,Первый,Вторичка
16000000.0,ЮВАО,48.8,21.0,25.0,1.0,2.0,https://www.cian.ru/sale/flat/300383611/,327868.85,Средний,Новостройка
14390000.0,ЗАО,32.8,6.0,17.0,1.0,1.0,https://www.cian.ru/sale/flat/300383794/,438719.51,Средний,Новостройка
28500000.0,ЗАО,74.0,10.0,17.0,0.0,3.0,https://www.cian.ru/sale/flat/300384258/,385135.14,Средний,Вторичка
15190000.0,СЗАО,37.0,4.0,21.0,0.0,1.0,https://www.cian.ru/sale/flat/300384806/,410540.54,Средний,Вторичка
8000000.0,ВАО,33.0,1.0,9.0,0.0,1.0,https://www.cian.ru/sale/flat/300385771/,242424.24,Первый,Вторичка
14800000.0,СВАО,34.6,5.0,21.0,0.0,1.0,https://www.cian.ru/sale/flat/300385847/,427745.66,Средний,Вторичка
10590000.0,ЮАО,31.0,3.0,9.0,0.0,1.0,https://www.cian.ru/sale/flat/300385867/,341612.9,Средний,Вторичка
10700000.0,ЮАО,30.0,6.0,12.0,0.0,1.0,https://www.cian.ru/sale/flat/300386069/,356666.67,Средний,Вторичка
45800000.0,СЗАО,102.7,9.0,11.0,0.0,4.0,https://www.cian.ru/sale/flat/300386394/,445959.1,Средний,Вторичка
31400000.0,ЮЗАО,96.0,3.0,17.0,0.0,4.0,https://www.cian.ru/sale/flat/300386614/,327083.33,Средний,Вторичка
14100000.0,ЮЗАО,31.0,3.0,9.0,0.0,1.0,https://www.cian.ru/sale/flat/300386735/,454838.71,Средний,Вторичка
42388700.0,ЗАО,72.0,10.0,14.0,0.0,3.0,https://www.cian.ru/sale/flat/300388988/,588731.94,Средний,Вторичка
17500000.0,ЦАО,60.0,1.0,5.0,0.0,2.0,https://www.cian.ru/sale/flat/300389524/,291666.67,Первый,Вторичка
12100000.0,ВАО,35.2,9.0,14.0,0.0,1.0,https://www.cian.ru/sale/flat/300390378/,343750.0,Средний,Вторичка
99000000.0,ЦАО,90.0,16.0,20.0,0.0,3.0,https://www.cian.ru/sale/flat/300392038/,1100000.0,Средний,Вторичка
23500000.0,САО,65.6,15.0,33.0,0.0,2.0,https://www.cian.ru/sale/flat/300392188/,358231.71,Средний,Вторичка
30000000.0,САО,57.0,31.0,59.0,0.0,2.0,https://www.cian.ru/sale/flat/300392335/,526315.79,Средний,Вторичка
150760000.0,ЦАО,141.0,16.0,18.0,0.0,4.0,https://www.cian.ru/sale/flat/300392388/,1069219.86,Средний,Вторичка
22990000.0,ВАО,61.0,3.0,29.0,0.0,2.0,https://www.cian.ru/sale/flat/300393332/,376885.25,Средний,Вторичка
81940000.0,ЗАО,67.5,3.0,8.0,0.0,2.0,https://www.cian.ru/sale/flat/300393459/,1213925.93,Средний,Вторичка
231515000.0,ЗАО,150.2,8.0,9.0,0.0,4.0,https://www.cian.ru/sale/flat/300393470/,1541378.16,Средний,Вторичка
57990000.0,ЦАО,73.0,8.0,16.0,0.0,2.0,https://www.cian.ru/sale/flat/300393539/,794383.56,Средний,Вторичка
289870000.0,ЦАО,203.0,4.0,9.0,0.0,4.0,https://www.cian.ru/sale/flat/300393548/,1427931.03,Средний,Вторичка
324900000.0,ЦАО,205.0,5.0,9.0,0.0,4.0,https://www.cian.ru/sale/flat/300393557/,1584878.05,Средний,Вторичка
35490000.0,САО,40.1,20.0,41.0,0.0,1.0,https://www.cian.ru/sale/flat/300393598/,885037.41,Средний,Вторичка
138750000.0,ЦАО,150.0,3.0,14.0,0.0,4.0,https://www.cian.ru/sale/flat/300393599/,925000.0,Средний,Вторичка
154000000.0,ЦАО,177.0,2.0,8.0,0.0,4.0,https://www.cian.ru/sale/flat/300393601/,870056.5,Средний,Вторичка
67500000.0,САО,75.0,37.0,41.0,0.0,2.0,https://www.cian.ru/sale/flat/300393603/,900000.0,Средний,Вторичка
84990000.0,ЗАО,135.0,21.0,39.0,0.0,4.0,https://www.cian.ru/sale/flat/300393612/,629555.56,Средний,Вторичка
11199000.0,ЮАО,57.8,2.0,9.0,0.0,3.0,https://www.cian.ru/sale/flat/300393709/,193754.33,Средний,Вторичка
7100000.0,ВАО,28.7,2.0,5.0,0.0,1.0,https://www.cian.ru/sale/flat/300393795/,247386.76,Средний,Вторичка
34900000.0,САО,102.0,4.0,17.0,0.0,4.0,https://www.cian.ru/sale/flat/300396455/,342156.86,Средний,Вторичка
36988700.0,ЗАО,70.0,3.0,14.0,0.0,3.0,https://www.cian.ru/sale/flat/300396676/,528410.0,Средний,Вторичка
13500000.0,ЮЗАО,32.5,6.0,9.0,0.0,1.0,https://www.cian.ru/sale/flat/300396782/,415384.62,Средний,Вторичка
630000000.0,ЦАО,351.0,4.0,4.0,0.0,4.0,https://www.cian.ru/sale/flat/300396846/,1794871.79,Последний,Вторичка
7490000.0,СВАО,31.9,1.0,9.0,0.0,1.0,https://www.cian.ru/sale/flat/300396855/,234796.24,Первый,Вторичка
17500000.0,ЗАО,51.85,12.0,33.0,1.0,2.0,https://www.cian.ru/sale/flat/300397129/,337512.05,Средний,Новостройка
29501209.0,СЗАО,59.94,3.0,54.0,1.0,2.0,https://www.cian.ru/sale/flat/300397138/,492179.0,Средний,Новостройка
15950000.0,СЗАО,61.8,1.0,9.0,0.0,2.0,https://www.cian.ru/sale/flat/300397344/,258090.61,Первый,Вторичка
41000000.0,ЮЗАО,118.5,15.0,18.0,0.0,4.0,https://www.cian.ru/sale/flat/300397367/,345991.56,Средний,Вторичка
13150000.0,ЦАО,81.0,1.0,5.0,0.0,4.0,https://www.cian.ru/sale/flat/300397844/,162345.68,Первый,Вторичка
8290000.0,СВАО,31.7,2.0,8.0,0.0,1.0,https://www.cian.ru/sale/flat/300397959/,261514.2,Средний,Вторичка
18105100.0,СЗАО,53.3,12.0,16.0,0.0,2.0,https://www.cian.ru/sale/flat/300398287/,339682.93,Средний,Вторичка
10420000.0,ЮВАО,39.3,1.0,9.0,0.0,2.0,https://www.cian.ru/sale/flat/300400550/,265139.95,Первый,Вторичка
16800000.0,ЦАО,35.9,3.0,5.0,0.0,1.0,https://www.cian.ru/sale/flat/300401139/,467966.57,Средний,Вторичка
23800000.0,ЗАО,73.0,5.0,17.0,0.0,3.0,https://www.cian.ru/sale/flat/300401631/,326027.4,Средний,Вторичка
17990000.0,ЮВАО,65.1,24.0,25.0,0.0,2.0,https://www.cian.ru/sale/flat/300402728/,276344.09,Средний,Вторичка
21800000.0,ЦАО,61.6,1.0,4.0,0.0,4.0,https://www.cian.ru/sale/flat/300403416/,353896.1,Первый,Вторичка
14100000.0,САО,45.0,2.0,5.0,0.0,2.0,https://www.cian.ru/sale/flat/300411529/,313333.33,Средний,Вторичка
18500000.0,ЮВАО,76.6,3.0,5.0,0.0,4.0,https://www.cian.ru/sale/flat/300412066/,241514.36,Средний,Вторичка
7500000.0,ЮАО,32.5,1.0,9.0,0.0,1.0,https://www.cian.ru/sale/flat/300413307/,230769.23,Первый,Вторичка
37000000.0,СЗАО,115.0,1.0,19.0,0.0,3.0,https://www.cian.ru/sale/flat/300415407/,321739.13,Первый,Вторичка
18990000.0,ЮЗАО,47.0,3.0,34.0,0.0,1.0,https://www.cian.ru/sale/flat/300415453/,404042.55,Средний,Вторичка
110000000.0,САО,112.8,10.0,37.0,0.0,4.0,https://www.cian.ru/sale/flat/300417156/,975177.3,Средний,Вторичка
10300000.0,ВАО,35.0,5.0,12.0,0.0,1.0,https://www.cian.ru/sale/flat/300417729/,294285.71,Средний,Вторичка
19800000.0,ЗАО,60.0,6.0,17.0,0.0,2.0,https://www.cian.ru/sale/flat/300418102/,330000.0,Средний,Вторичка
8300000.0,ЮВАО,32.0,6.0,17.0,0.0,1.0,https://www.cian.ru/sale/flat/300418834/,259375.0,Средний,Вторичка
11599000.0,САО,35.2,2.0,12.0,0.0,1.0,https://www.cian.ru/sale/flat/300419481/,329517.05,Средний,Вторичка
17500000.0,ЮЗАО,38.0,7.0,14.0,0.0,1.0,https://www.cian.ru/sale/flat/300420717/,460526.32,Средний,Вторичка
36000000.0,ЦАО,53.6,7.0,8.0,0.0,2.0,https://www.cian.ru/sale/flat/300421699/,671641.79,Средний,Вторичка
81980000.0,ЗАО,66.2,3.0,12.0,0.0,2.0,https://www.cian.ru/sale/flat/300421777/,1238368.58,Средний,Вторичка
68070000.0,ЗАО,60.0,6.0,12.0,0.0,2.0,https://www.cian.ru/sale/flat/300421786/,1134500.0,Средний,Вторичка
42900000.0,ЗАО,70.5,4.0,25.0,0.0,2.0,https://www.cian.ru/sale/flat/300422045/,608510.64,Средний,Вторичка
31500000.0,ЮАО,63.1,8.0,42.0,0.0,2.0,https://www.cian.ru/sale/flat/300422113/,499207.61,Средний,Вторичка
110000000.0,ЦАО,78.0,7.0,12.0,0.0,2.0,https://www.cian.ru/sale/flat/300422122/,1410256.41,Средний,Вторичка
47500000.0,ЗАО,75.0,4.0,14.0,0.0,3.0,https://www.cian.ru/sale/flat/300422156/,633333.33,Средний,Вторичка
20499990.0,ЮАО,40.0,13.0,48.0,0.0,1.0,https://www.cian.ru/sale/flat/300422203/,512499.75,Средний,Вторичка
11360000.0,СВАО,45.0,5.0,9.0,0.0,2.0,https://www.cian.ru/sale/flat/300422493/,252444.44,Средний,Вторичка
14000000.0,ЮЗАО,44.8,4.0,12.0,0.0,2.0,https://www.cian.ru/sale/flat/300424388/,312500.0,Средний,Вторичка
11550000.0,ЮЗАО,47.0,2.0,9.0,0.0,2.0,https://www.cian.ru/sale/flat/300424622/,245744.68,Средний,Вторичка
21000000.0,ЦАО,85.0,4.0,5.0,0.0,4.0,https://www.cian.ru/sale/flat/300424910/,247058.82,Средний,Вторичка
46000000.0,ЮАО,95.1,17.0,18.0,0.0,3.0,https://www.cian.ru/sale/flat/300425115/,483701.37,Средний,Вторичка
23289218.0,СЗАО,40.9,3.0,32.0,1.0,2.0,https://www.cian.ru/sale/flat/300425223/,569418.53,Средний,Новостройка
26500000.0,ЮЗАО,82.7,19.0,24.0,0.0,4.0,https://www.cian.ru/sale/flat/300426266/,320435.31,Средний,Вторичка
11200000.0,САО,45.0,5.0,9.0,0.0,2.0,https://www.cian.ru/sale/flat/300427206/,248888.89,Средний,Вторичка
67499000.0,ЦАО,88.0,2.0,5.0,0.0,3.0,https://www.cian.ru/sale/flat/300427220/,767034.09,Средний,Вторичка
25500000.0,ЗАО,72.3,4.0,5.0,0.0,3.0,https://www.cian.ru/sale/flat/300427615/,352697.1,Средний,Вторичка
3737636000.0,ЦАО,530.0,6.0,7.0,0.0,4.0,https://www.cian.ru/sale/flat/300427641/,7052143.4,Средний,Вторичка
18500000.0,САО,45.0,5.0,5.0,0.0,2.0,https://www.cian.ru/sale/flat/300427642/,411111.11,Последний,Вторичка
14100000.0,ВАО,45.0,2.0,9.0,0.0,2.0,https://www.cian.ru/sale/flat/300427699/,313333.33,Средний,Вторичка
19000000.0,ЮАО,53.3,4.0,8.0,0.0,2.0,https://www.cian.ru/sale/flat/300428385/,356472.8,Средний,Вторичка
35700000.0,СВАО,69.0,8.0,27.0,0.0,2.0,https://www.cian.ru/sale/flat/300429608/,517391.3,Средний,Вторичка
9700000.0,ВАО,36.1,6.0,9.0,0.0,1.0,https://www.cian.ru/sale/flat/300430041/,268698.06,Средний,Вторичка
8450000.0,ЮВАО,20.0,14.0,23.0,0.0,1.0,https://www.cian.ru/sale/flat/300430476/,422500.0,Средний,Вторичка
23100000.0,ЗАО,59.7,7.0,9.0,0.0,3.0,https://www.cian.ru/sale/flat/300431029/,386934.67,Средний,Вторичка
27500000.0,САО,67.3,1.0,5.0,0.0,4.0,https://www.cian.ru/sale/flat/300431242/,408618.13,Первый,Вторичка
360500000.0,ЦАО,212.3,8.0,8.0,0.0,4.0,https://www.cian.ru/sale/flat/300431343/,1698068.77,Последний,Вторичка
38000000.0,ЗАО,94.7,23.0,25.0,0.0,3.0,https://www.cian.ru/sale/flat/300433218/,401267.16,Средний,Вторичка
16400000.0,ЮЗАО,45.0,10.0,12.0,0.0,2.0,https://www.cian.ru/sale/flat/300433709/,364444.44,Средний,Вторичка
141600000.0,ЦАО,118.0,2.0,7.0,0.0,3.0,https://www.cian.ru/sale/flat/300434424/,1200000.0,Средний,Вторичка
12700000.0,ВАО,41.0,6.0,8.0,0.0,2.0,https://www.cian.ru/sale/flat/300435235/,309756.1,Средний,Вторичка
33800000.0,ЮВАО,97.4,13.0,27.0,0.0,3.0,https://www.cian.ru/sale/flat/300435709/,347022.59,Средний,Вторичка
51000000.0,САО,70.0,23.0,24.0,0.0,3.0,https://www.cian.ru/sale/flat/300436382/,728571.43,Средний,Вторичка
160000000.0,ЦАО,144.0,14.0,21.0,0.0,1.0,https://www.cian.ru/sale/flat/300436631/,1111111.11,Средний,Вторичка
37100000.0,САО,106.1,19.0,25.0,0.0,4.0,https://www.cian.ru/sale/flat/300436862/,349670.12,Средний,Вторичка
25000000.0,ЮВАО,42.0,3.0,15.0,0.0,1.0,https://www.cian.ru/sale/flat/300436978/,595238.1,Средний,Вторичка
7950000.0,ЮАО,32.2,1.0,9.0,0.0,1.0,https://www.cian.ru/sale/flat/300437152/,246894.41,Первый,Вторичка
12000000.0,ЮВАО,44.9,4.0,5.0,0.0,2.0,https://www.cian.ru/sale/flat/300437344/,267260.58,Средний,Вторичка
38800000.0,ЗАО,97.6,30.0,56.0,1.0,4.0,https://www.cian.ru/sale/flat/300437395/,397540.98,Средний,Новостройка
33900000.0,ЦАО,88.2,6.0,6.0,0.0,4.0,https://www.cian.ru/sale/flat/300437445/,384353.74,Последний,Вторичка
10390000.0,ВАО,30.2,2.0,5.0,0.0,1.0,https://www.cian.ru/sale/flat/300438271/,344039.74,Средний,Вторичка
22500000.0,ЮВАО,70.0,13.0,17.0,0.0,2.0,https://www.cian.ru/sale/flat/300438771/,321428.57,Средний,Вторичка
48000000.0,СЗАО,73.4,8.0,19.0,0.0,2.0,https://www.cian.ru/sale/flat/300439382/,653950.95,Средний,Вторичка
230000000.0,ЦАО,142.0,5.0,11.0,0.0,3.0,https://www.cian.ru/sale/flat/300439781/,1619718.31,Средний,Вторичка
20849617.0,ЮВАО,58.4,2.0,33.0,1.0,2.0,https://www.cian.ru/sale/flat/300439849/,357013.99,Средний,Новостройка
20674751.0,СВАО,62.9,25.0,33.0,1.0,2.0,https://www.cian.ru/sale/flat/300439850/,328692.38,Средний,Новостройка
12700000.0,ЮЗАО,44.2,2.0,9.0,0.0,2.0,https://www.cian.ru/sale/flat/300440179/,287330.32,Средний,Вторичка
27700000.0,ЦАО,48.1,10.0,10.0,0.0,2.0,https://www.cian.ru/sale/flat/300440370/,575883.58,Последний,Вторичка
18888888.0,САО,38.64,22.0,30.0,0.0,1.0,https://www.cian.ru/sale/flat/300441246/,488842.86,Средний,Вторичка
13800000.0,СВАО,33.0,3.0,9.0,0.0,1.0,https://www.cian.ru/sale/flat/300441251/,418181.82,Средний,Вторичка
10900000.0,ЮВАО,44.6,1.0,5.0,0.0,2.0,https://www.cian.ru/sale/flat/300441470/,244394.62,Первый,Вторичка
70000000.0,СЗАО,127.2,31.0,35.0,0.0,4.0,https://www.cian.ru/sale/flat/300441618/,550314.47,Средний,Вторичка
12900000.0,САО,59.6,7.0,14.0,1.0,2.0,https://www.cian.ru/sale/flat/300441906/,216442.95,Средний,Новостройка
9650000.0,ЗАО,38.0,17.0,17.0,0.0,1.0,https://www.cian.ru/sale/flat/300442511/,253947.37,Последний,Вторичка
19350000.0,ЮЗАО,92.6,5.0,9.0,0.0,4.0,https://www.cian.ru/sale/flat/300442688/,208963.28,Средний,Вторичка
51076299.0,ЮАО,107.9,11.0,15.0,1.0,3.0,https://www.cian.ru/sale/flat/300444159/,473367.0,Средний,Новостройка
8400000.0,ЮАО,35.0,5.0,9.0,0.0,1.0,https://www.cian.ru/sale/flat/300444908/,240000.0,Средний,Вторичка
48800000.0,САО,72.0,16.0,40.0,0.0,2.0,https://www.cian.ru/sale/flat/300445049/,677777.78,Средний,Вторичка
18700000.0,ЮАО,46.0,13.0,24.0,0.0,2.0,https://www.cian.ru/sale/flat/300445688/,406521.74,Средний,Вторичка
11500000.0,СВАО,57.0,3.0,9.0,0.0,3.0,https://www.cian.ru/sale/flat/300448713/,201754.39,Средний,Вторичка
9100000.0,ВАО,38.0,14.0,14.0,0.0,1.0,https://www.cian.ru/sale/flat/300448810/,239473.68,Последний,Вторичка
19750000.0,СЗАО,53.4,9.0,16.0,0.0,2.0,https://www.cian.ru/sale/flat/300449678/,369850.19,Средний,Вторичка
49064750.0,ЮЗАО,87.5,20.0,25.0,1.0,3.0,https://www.cian.ru/sale/flat/300451831/,560740.0,Средний,Новостройка
64404508.0,ЮЗАО,135.8,21.0,25.0,1.0,4.0,https://www.cian.ru/sale/flat/300451832/,474260.0,Средний,Новостройка
44871473.0,ЮЗАО,71.4,22.0,25.0,1.0,3.0,https://www.cian.ru/sale/flat/300451833/,628452.0,Средний,Новостройка
29178803.0,ЮЗАО,51.9,9.0,12.0,1.0,2.0,https://www.cian.ru/sale/flat/300451840/,562212.0,Средний,Новостройка
42633654.0,ЮЗАО,81.2,24.0,25.0,1.0,3.0,https://www.cian.ru/sale/flat/300451855/,525045.0,Средний,Новостройка
32000000.0,ЗАО,48.0,3.0,9.0,0.0,2.0,https://www.cian.ru/sale/flat/300453414/,666666.67,Средний,Вторичка
14150000.0,ЮЗАО,38.5,17.0,17.0,0.0,1.0,https://www.cian.ru/sale/flat/300454579/,367532.47,Последний,Вторичка
22300000.0,ЮВАО,57.0,2.0,9.0,0.0,3.0,https://www.cian.ru/sale/flat/300458230/,391228.07,Средний,Вторичка
28500000.0,ЮЗАО,95.0,14.0,22.0,0.0,4.0,https://www.cian.ru/sale/flat/300458797/,300000.0,Средний,Вторичка
7600000.0,ВАО,25.0,6.0,9.0,0.0,1.0,https://www.cian.ru/sale/flat/300460233/,304000.0,Средний,Вторичка
11400000.0,ЗАО,37.9,9.0,23.0,0.0,1.0,https://www.cian.ru/sale/flat/300461258/,300791.56,Средний,Вторичка
24000000.0,САО,44.0,9.0,27.0,0.0,1.0,https://www.cian.ru/sale/flat/300463313/,545454.55,Средний,Вторичка
111215000.0,СВАО,171.1,35.0,37.0,1.0,4.0,https://www.cian.ru/sale/flat/300463315/,650000.0,Средний,Новостройка
77805000.0,СВАО,119.7,35.0,37.0,1.0,3.0,https://www.cian.ru/sale/flat/300463319/,650000.0,Средний,Новостройка
59605000.0,СВАО,91.7,35.0,37.0,1.0,3.0,https://www.cian.ru/sale/flat/300463321/,650000.0,Средний,Новостройка
29990000.0,ЮАО,59.4,23.0,28.0,0.0,2.0,https://www.cian.ru/sale/flat/300464106/,504882.15,Средний,Вторичка
52000000.0,ЮАО,92.0,9.0,12.0,0.0,3.0,https://www.cian.ru/sale/flat/300464111/,565217.39,Средний,Вторичка
630000000.0,ЦАО,251.8,4.0,4.0,0.0,4.0,https://www.cian.ru/sale/flat/300464176/,2501985.7,Последний,Вторичка
10950000.0,ЮАО,38.2,5.0,12.0,0.0,2.0,https://www.cian.ru/sale/flat/300464296/,286649.21,Средний,Вторичка
69900000.0,СВАО,88.0,9.0,14.0,0.0,4.0,https://www.cian.ru/sale/flat/300465241/,794318.18,Средний,Вторичка
21000000.0,ЮАО,80.5,2.0,22.0,0.0,3.0,https://www.cian.ru/sale/flat/300466496/,260869.57,Средний,Вторичка
49800000.0,ЮЗАО,123.9,16.0,32.0,0.0,3.0,https://www.cian.ru/sale/flat/300466773/,401937.05,Средний,Вторичка
297489993.0,ЦАО,216.2,16.0,17.0,1.0,3.0,https://www.cian.ru/sale/flat/300468144/,1375994.42,Средний,Новостройка
15900000.0,ЮЗАО,63.0,5.0,9.0,0.0,4.0,https://www.cian.ru/sale/flat/300468576/,252380.95,Средний,Вторичка
13450000.0,СВАО,38.5,8.0,17.0,0.0,1.0,https://www.cian.ru/sale/flat/300469110/,349350.65,Средний,Вторичка
29000000.0,ЮЗАО,100.9,17.0,22.0,0.0,4.0,https://www.cian.ru/sale/flat/300469341/,287413.28,Средний,Вторичка
10200000.0,ЮЗАО,32.7,4.0,9.0,0.0,1.0,https://www.cian.ru/sale/flat/300469439/,311926.61,Средний,Вторичка
63000000.0,ЦАО,107.0,2.0,8.0,0.0,4.0,https://www.cian.ru/sale/flat/300469640/,588785.05,Средний,Вторичка
9900000.0,ВАО,44.1,12.0,24.0,0.0,2.0,https://www.cian.ru/sale/flat/300470437/,224489.8,Средний,Вторичка
22000000.0,САО,43.0,5.0,27.0,0.0,1.0,https://www.cian.ru/sale/flat/300472192/,511627.91,Средний,Вторичка
120000000.0,ЗАО,63.8,3.0,12.0,0.0,2.0,https://www.cian.ru/sale/flat/300472283/,1880877.74,Средний,Вторичка
10500000.0,САО,38.0,12.0,17.0,0.0,1.0,https://www.cian.ru/sale/flat/300472406/,276315.79,Средний,Вторичка
27000000.0,САО,96.8,2.0,5.0,0.0,4.0,https://www.cian.ru/sale/flat/300472649/,278925.62,Средний,Вторичка
15299000.0,СВАО,47.0,15.0,15.0,0.0,2.0,https://www.cian.ru/sale/flat/300472670/,325510.64,Последний,Вторичка
22000000.0,СВАО,87.6,10.0,12.0,0.0,4.0,https://www.cian.ru/sale/flat/300472679/,251141.55,Средний,Вторичка
320000000.0,ЦАО,243.5,11.0,12.0,0.0,4.0,https://www.cian.ru/sale/flat/300472757/,1314168.38,Средний,Вторичка
12900000.0,ЗАО,32.5,6.0,9.0,0.0,1.0,https://www.cian.ru/sale/flat/300472824/,396923.08,Средний,Вторичка
15900000.0,ЮЗАО,53.0,8.0,14.0,0.0,2.0,https://www.cian.ru/sale/flat/300474914/,300000.0,Средний,Вторичка
350000000.0,ЦАО,200.0,3.0,10.0,0.0,4.0,https://www.cian.ru/sale/flat/300475516/,1750000.0,Средний,Вторичка
18300000.0,ЮЗАО,45.4,5.0,9.0,0.0,2.0,https://www.cian.ru/sale/flat/300476400/,403083.7,Средний,Вторичка
26000000.0,ЮАО,101.0,18.0,22.0,0.0,4.0,https://www.cian.ru/sale/flat/300476638/,257425.74,Средний,Вторичка
210000000.0,СЗАО,455.0,5.0,6.0,0.0,4.0,https://www.cian.ru/sale/flat/300476896/,461538.46,Средний,Вторичка
107000000.0,ЮАО,162.6,9.0,9.0,0.0,4.0,https://www.cian.ru/sale/flat/300477449/,658056.58,Последний,Вторичка
32000000.0,ЮАО,44.0,9.0,9.0,0.0,1.0,https://www.cian.ru/sale/flat/300477453/,727272.73,Последний,Вторичка
28000000.0,ЦАО,52.5,10.0,12.0,0.0,2.0,https://www.cian.ru/sale/flat/300477880/,533333.33,Средний,Вторичка
23000000.0,ЮВАО,86.0,13.0,17.0,0.0,4.0,https://www.cian.ru/sale/flat/300478020/,267441.86,Средний,Вторичка
196225890.0,СЗАО,212.0,22.0,32.0,0.0,4.0,https://www.cian.ru/sale/flat/300478208/,925593.82,Средний,Вторичка
62000000.0,ЮЗАО,110.0,17.0,17.0,0.0,3.0,https://www.cian.ru/sale/flat/300478268/,563636.36,Последний,Вторичка
14500000.0,ЮВАО,40.9,3.0,8.0,0.0,2.0,https://www.cian.ru/sale/flat/300478282/,354523.23,Средний,Вторичка
34500000.0,ЮАО,109.0,18.0,24.0,0.0,4.0,https://www.cian.ru/sale/flat/300478717/,316513.76,Средний,Вторичка
25000000.0,СЗАО,45.3,12.0,26.0,0.0,2.0,https://www.cian.ru/sale/flat/300479650/,551876.38,Средний,Вторичка
140000000.0,ЮЗАО,161.9,17.0,19.0,0.0,4.0,https://www.cian.ru/sale/flat/300480524/,864731.32,Средний,Вторичка
115000000.0,ЦАО,135.0,2.0,8.0,0.0,4.0,https://www.cian.ru/sale/flat/300483482/,851851.85,Средний,Вторичка
18300000.0,ВАО,78.0,8.0,9.0,0.0,4.0,https://www.cian.ru/sale/flat/300483653/,234615.38,Средний,Вторичка
37000000.0,ВАО,79.0,4.0,11.0,0.0,2.0,https://www.cian.ru/sale/flat/300484470/,468354.43,Средний,Вторичка
65000000.0,ЗАО,122.0,20.0,36.0,1.0,4.0,https://www.cian.ru/sale/flat/300484947/,532786.89,Средний,Новостройка
16900000.0,ЮВАО,59.0,18.0,22.0,0.0,2.0,https://www.cian.ru/sale/flat/300484955/,286440.68,Средний,Вторичка
130000000.0,ЦАО,182.0,7.0,9.0,0.0,4.0,https://www.cian.ru/sale/flat/300486546/,714285.71,Средний,Вторичка
12400000.0,ВАО,44.8,1.0,5.0,0.0,2.0,https://www.cian.ru/sale/flat/300486607/,276785.71,Первый,Вторичка
15000000.0,СВАО,31.7,1.0,5.0,0.0,1.0,https://www.cian.ru/sale/flat/300487094/,473186.12,Первый,Вторичка
31900000.0,ЮВАО,69.0,3.0,14.0,1.0,2.0,https://www.cian.ru/sale/flat/300487108/,462318.84,Средний,Новостройка
19500000.0,ЗАО,51.0,16.0,17.0,1.0,2.0,https://www.cian.ru/sale/flat/300488768/,382352.94,Средний,Новостройка
12490000.0,ЮВАО,32.1,1.0,9.0,0.0,1.0,https://www.cian.ru/sale/flat/300489090/,389096.57,Первый,Вторичка
55500000.0,ЮВАО,140.0,19.0,30.0,0.0,3.0,https://www.cian.ru/sale/flat/300490460/,396428.57,Средний,Вторичка
36900000.0,САО,87.2,2.0,7.0,0.0,3.0,https://www.cian.ru/sale/flat/300493250/,423165.14,Средний,Вторичка
13999900.0,СВАО,36.0,9.0,12.0,0.0,1.0,https://www.cian.ru/sale/flat/300497842/,388886.11,Средний,Вторичка
20500000.0,САО,55.0,6.0,12.0,0.0,2.0,https://www.cian.ru/sale/flat/300497889/,372727.27,Средний,Вторичка
26000000.0,САО,104.0,14.0,18.0,0.0,4.0,https://www.cian.ru/sale/flat/300499070/,250000.0,Средний,Вторичка
13000000.0,ВАО,37.0,6.0,16.0,0.0,1.0,https://www.cian.ru/sale/flat/300499163/,351351.35,Средний,Вторичка
19500000.0,СЗАО,60.9,15.0,28.0,0.0,2.0,https://www.cian.ru/sale/flat/300499251/,320197.04,Средний,Вторичка
18700000.0,ЮАО,36.5,16.0,46.0,0.0,1.0,https://www.cian.ru/sale/flat/300499349/,512328.77,Средний,Вторичка
15375000.0,СЗАО,41.5,13.0,21.0,0.0,1.0,https://www.cian.ru/sale/flat/300499412/,370481.93,Средний,Вторичка
13950000.0,ЮЗАО,46.0,3.0,9.0,0.0,2.0,https://www.cian.ru/sale/flat/300499469/,303260.87,Средний,Вторичка
11500000.0,ВАО,42.6,7.0,14.0,0.0,1.0,https://www.cian.ru/sale/flat/300500053/,269953.05,Средний,Вторичка
10100000.0,САО,35.0,3.0,12.0,0.0,1.0,https://www.cian.ru/sale/flat/300501002/,288571.43,Средний,Вторичка
35000000.0,СЗАО,115.0,3.0,14.0,0.0,4.0,https://www.cian.ru/sale/flat/300502013/,304347.83,Средний,Вторичка
21399999.0,ЮВАО,71.3,20.0,26.0,0.0,3.0,https://www.cian.ru/sale/flat/300502613/,300140.24,Средний,Вторичка
36500000.0,ЗАО,77.1,3.0,11.0,0.0,4.0,https://www.cian.ru/sale/flat/300502994/,473411.15,Средний,Вторичка
13990000.0,ЮВАО,47.0,6.0,9.0,0.0,2.0,https://www.cian.ru/sale/flat/300503142/,297659.57,Средний,Вторичка
53000000.0,ЗАО,68.4,9.0,13.0,0.0,2.0,https://www.cian.ru/sale/flat/300503296/,774853.8,Средний,Вторичка
21900000.0,САО,54.7,4.0,8.0,0.0,2.0,https://www.cian.ru/sale/flat/300503865/,400365.63,Средний,Вторичка
18250000.0,СЗАО,50.3,7.0,16.0,0.0,2.0,https://www.cian.ru/sale/flat/300504155/,362823.06,Средний,Вторичка
82000000.0,ЗАО,100.0,42.0,42.0,0.0,2.0,https://www.cian.ru/sale/flat/300504325/,820000.0,Последний,Вторичка
11800000.0,ЮАО,33.2,5.0,12.0,0.0,1.0,https://www.cian.ru/sale/flat/300505732/,355421.69,Средний,Вторичка
26700000.0,СЗАО,50.3,11.0,20.0,0.0,2.0,https://www.cian.ru/sale/flat/300506281/,530815.11,Средний,Вторичка
11000000.0,ЗАО,36.0,6.0,16.0,0.0,1.0,https://www.cian.ru/sale/flat/300506765/,305555.56,Средний,Вторичка
30978000.0,ЗАО,79.3,26.0,27.0,0.0,4.0,https://www.cian.ru/sale/flat/300507433/,390643.13,Средний,Вторичка
159355000.0,ЦАО,138.57,8.0,15.0,0.0,3.0,https://www.cian.ru/sale/flat/300508732/,1149996.39,Средний,Вторичка
174100000.0,ЦАО,114.1,6.0,12.0,0.0,3.0,https://www.cian.ru/sale/flat/300508734/,1525854.51,Средний,Вторичка
61200000.0,ЦАО,53.31,10.0,21.0,0.0,2.0,https://www.cian.ru/sale/flat/300508737/,1148002.25,Средний,Вторичка
138750000.0,ЦАО,147.36,3.0,11.0,0.0,4.0,https://www.cian.ru/sale/flat/300508740/,941571.66,Средний,Вторичка
14800000.0,ЮАО,45.0,4.0,9.0,0.0,2.0,https://www.cian.ru/sale/flat/300508742/,328888.89,Средний,Вторичка
147800000.0,ЦАО,129.5,5.0,14.0,0.0,2.0,https://www.cian.ru/sale/flat/300508743/,1141312.74,Средний,Вторичка
160500000.0,ЦАО,107.5,6.0,13.0,0.0,3.0,https://www.cian.ru/sale/flat/300508744/,1493023.26,Средний,Вторичка
219890000.0,ЦАО,199.37,9.0,11.0,0.0,4.0,https://www.cian.ru/sale/flat/300508747/,1102924.21,Средний,Вторичка
301095040.0,ЦАО,154.2,3.0,7.0,0.0,3.0,https://www.cian.ru/sale/flat/300508751/,1952626.72,Средний,Вторичка
207380000.0,ЦАО,135.08,5.0,12.0,0.0,3.0,https://www.cian.ru/sale/flat/300508754/,1535238.38,Средний,Вторичка
154000000.0,ЦАО,138.1,4.0,14.0,0.0,3.0,https://www.cian.ru/sale/flat/300508756/,1115133.96,Средний,Вторичка
168900000.0,ЦАО,170.0,4.0,6.0,0.0,3.0,https://www.cian.ru/sale/flat/300508758/,993529.41,Средний,Вторичка
504580860.0,ЦАО,303.0,11.0,11.0,0.0,4.0,https://www.cian.ru/sale/flat/300508763/,1665283.37,Последний,Вторичка
99000000.0,ЗАО,136.5,5.0,12.0,0.0,4.0,https://www.cian.ru/sale/flat/300508999/,725274.73,Средний,Вторичка
252637557.0,ЦАО,179.0,4.0,6.0,0.0,3.0,https://www.cian.ru/sale/flat/300509002/,1411383.0,Средний,Вторичка
77000000.0,ЮЗАО,141.8,7.0,48.0,0.0,4.0,https://www.cian.ru/sale/flat/300509004/,543018.34,Средний,Вторичка
39999999.0,ЗАО,68.7,6.0,13.0,0.0,3.0,https://www.cian.ru/sale/flat/300509005/,582241.62,Средний,Вторичка
420484050.0,ЦАО,215.0,3.0,7.0,0.0,4.0,https://www.cian.ru/sale/flat/300509006/,1955739.77,Средний,Вторичка
301095040.0,ЦАО,154.2,3.0,7.0,0.0,3.0,https://www.cian.ru/sale/flat/300509007/,1952626.72,Средний,Вторичка
235810500.0,ЦАО,142.0,8.0,11.0,0.0,2.0,https://www.cian.ru/sale/flat/300509009/,1660637.32,Средний,Вторичка
33500000.0,ЗАО,44.0,10.0,14.0,0.0,2.0,https://www.cian.ru/sale/flat/300509012/,761363.64,Средний,Вторичка
84600000.0,ЗАО,130.4,2.0,14.0,0.0,4.0,https://www.cian.ru/sale/flat/300509013/,648773.01,Средний,Вторичка
81500000.0,ЦАО,134.5,3.0,13.0,0.0,3.0,https://www.cian.ru/sale/flat/300509015/,605947.96,Средний,Вторичка
125000000.0,ЦАО,100.1,5.0,14.0,0.0,2.0,https://www.cian.ru/sale/flat/300509017/,1248751.25,Средний,Вторичка
55000000.0,ЗАО,98.0,6.0,14.0,0.0,4.0,https://www.cian.ru/sale/flat/300509019/,561224.49,Средний,Вторичка
243250000.0,ЦАО,138.57,19.0,21.0,0.0,4.0,https://www.cian.ru/sale/flat/300509020/,1755430.47,Средний,Вторичка
115000000.0,ЦАО,104.55,11.0,21.0,0.0,3.0,https://www.cian.ru/sale/flat/300509023/,1099952.18,Средний,Вторичка
155000000.0,ЦАО,152.2,2.0,8.0,0.0,3.0,https://www.cian.ru/sale/flat/300509024/,1018396.85,Средний,Вторичка
178000000.0,ЦАО,179.2,2.0,5.0,0.0,4.0,https://www.cian.ru/sale/flat/300509026/,993303.57,Средний,Вторичка
182240000.0,ЦАО,113.9,6.0,12.0,0.0,3.0,https://www.cian.ru/sale/flat/300509030/,1600000.0,Средний,Вторичка
135000000.0,ЦАО,118.71,3.0,11.0,0.0,3.0,https://www.cian.ru/sale/flat/300509031/,1137225.17,Средний,Вторичка
190000000.0,ЦАО,170.0,4.0,6.0,0.0,3.0,https://www.cian.ru/sale/flat/300509033/,1117647.06,Средний,Вторичка
209000000.0,ЦАО,135.08,5.0,12.0,0.0,3.0,https://www.cian.ru/sale/flat/300509034/,1547231.27,Средний,Вторичка
113300000.0,ЦАО,100.0,8.0,14.0,0.0,2.0,https://www.cian.ru/sale/flat/300509038/,1133000.0,Средний,Вторичка
118450000.0,ЦАО,99.71,9.0,14.0,0.0,2.0,https://www.cian.ru/sale/flat/300509041/,1187945.04,Средний,Вторичка
170000000.0,ЦАО,150.7,10.0,13.0,0.0,3.0,https://www.cian.ru/sale/flat/300509042/,1128069.01,Средний,Вторичка
350000000.0,ЦАО,242.97,11.0,14.0,0.0,3.0,https://www.cian.ru/sale/flat/300509043/,1440507.06,Средний,Вторичка
135000000.0,ЦАО,107.11,10.0,14.0,0.0,3.0,https://www.cian.ru/sale/flat/300509047/,1260386.52,Средний,Вторичка
160000000.0,ЦАО,99.9,3.0,15.0,0.0,3.0,https://www.cian.ru/sale/flat/300509049/,1601601.6,Средний,Вторичка
46440000.0,САО,86.0,3.0,27.0,0.0,3.0,https://www.cian.ru/sale/flat/300509067/,540000.0,Средний,Вторичка
290000000.0,ЦАО,201.6,4.0,8.0,0.0,4.0,https://www.cian.ru/sale/flat/300509096/,1438492.06,Средний,Вторичка
576973371.0,ЦАО,219.2,2.0,4.0,0.0,3.0,https://www.cian.ru/sale/flat/300509099/,2632177.79,Средний,Вторичка
242899015.0,ЦАО,172.1,4.0,6.0,0.0,3.0,https://www.cian.ru/sale/flat/300509101/,1411383.0,Средний,Вторичка
182000000.0,ЦАО,184.6,2.0,8.0,0.0,3.0,https://www.cian.ru/sale/flat/300509109/,985915.49,Средний,Вторичка
228800000.0,ЦАО,173.9,5.0,8.0,0.0,4.0,https://www.cian.ru/sale/flat/300509113/,1315698.68,Средний,Вторичка
209000000.0,ЦАО,135.08,5.0,12.0,0.0,3.0,https://www.cian.ru/sale/flat/300509115/,1547231.27,Средний,Вторичка
190000000.0,ЦАО,170.0,4.0,6.0,0.0,3.0,https://www.cian.ru/sale/flat/300509116/,1117647.06,Средний,Вторичка
94092200.0,ЗАО,103.1,4.0,12.0,0.0,3.0,https://www.cian.ru/sale/flat/300509117/,912630.46,Средний,Вторичка
170000000.0,ЦАО,150.7,10.0,13.0,0.0,3.0,https://www.cian.ru/sale/flat/300509120/,1128069.01,Средний,Вторичка
38500000.0,ЗАО,68.7,3.0,14.0,0.0,2.0,https://www.cian.ru/sale/flat/300509121/,560407.57,Средний,Вторичка
90000000.0,ЗАО,111.0,10.0,12.0,0.0,3.0,https://www.cian.ru/sale/flat/300509123/,810810.81,Средний,Вторичка
155000000.0,ЦАО,152.2,2.0,8.0,0.0,3.0,https://www.cian.ru/sale/flat/300509124/,1018396.85,Средний,Вторичка
102000000.0,ЗАО,136.9,8.0,12.0,0.0,4.0,https://www.cian.ru/sale/flat/300509130/,745069.39,Средний,Вторичка
206000000.0,ЦАО,125.18,8.0,15.0,0.0,3.0,https://www.cian.ru/sale/flat/300509132/,1645630.29,Средний,Вторичка
35000000.0,ЗАО,66.3,2.0,14.0,0.0,3.0,https://www.cian.ru/sale/flat/300509133/,527903.47,Средний,Вторичка
126490000.0,ЦАО,97.25,9.0,15.0,0.0,2.0,https://www.cian.ru/sale/flat/300509135/,1300668.38,Средний,Вторичка
38894000.0,ЗАО,68.9,7.0,14.0,0.0,2.0,https://www.cian.ru/sale/flat/300509136/,564499.27,Средний,Вторичка
99000000.0,ЦАО,90.4,5.0,12.0,0.0,2.0,https://www.cian.ru/sale/flat/300509137/,1095132.74,Средний,Вторичка
207002840.0,ЦАО,164.0,2.0,5.0,0.0,3.0,https://www.cian.ru/sale/flat/300509141/,1262212.44,Средний,Вторичка
135000000.0,ЦАО,101.61,8.0,8.0,0.0,2.0,https://www.cian.ru/sale/flat/300509142/,1328609.39,Последний,Вторичка
51000000.0,ЗАО,91.5,10.0,14.0,0.0,4.0,https://www.cian.ru/sale/flat/300509151/,557377.05,Средний,Вторичка
50499999.0,ЗАО,95.7,8.0,14.0,0.0,4.0,https://www.cian.ru/sale/flat/300509153/,527690.69,Средний,Вторичка
56000000.0,ЗАО,95.7,6.0,14.0,0.0,4.0,https://www.cian.ru/sale/flat/300509154/,585161.96,Средний,Вторичка
58800000.0,ЗАО,96.1,8.0,14.0,0.0,4.0,https://www.cian.ru/sale/flat/300509157/,611862.64,Средний,Вторичка
140000000.0,ЦАО,137.0,5.0,21.0,0.0,3.0,https://www.cian.ru/sale/flat/300509158/,1021897.81,Средний,Вторичка
52971000.0,ЗАО,100.0,2.0,14.0,0.0,4.0,https://www.cian.ru/sale/flat/300509161/,529710.0,Средний,Вторичка
155350000.0,ЦАО,119.5,8.0,15.0,0.0,3.0,https://www.cian.ru/sale/flat/300509267/,1300000.0,Средний,Вторичка
159355500.0,ЦАО,138.57,8.0,15.0,0.0,3.0,https://www.cian.ru/sale/flat/300509268/,1150000.0,Средний,Вторичка
179000000.0,ЦАО,113.9,6.0,12.0,0.0,3.0,https://www.cian.ru/sale/flat/300509269/,1571553.99,Средний,Вторичка
139000000.0,ЦАО,147.36,3.0,11.0,0.0,4.0,https://www.cian.ru/sale/flat/300509274/,943268.19,Средний,Вторичка
130000000.0,ЦАО,119.0,6.0,15.0,0.0,3.0,https://www.cian.ru/sale/flat/300509278/,1092436.97,Средний,Вторичка
160000000.0,ЦАО,114.99,7.0,11.0,0.0,3.0,https://www.cian.ru/sale/flat/300509279/,1391425.34,Средний,Вторичка
329870000.0,ЦАО,242.97,11.0,14.0,0.0,3.0,https://www.cian.ru/sale/flat/300509280/,1357657.32,Средний,Вторичка
119000000.0,ЦАО,113.91,11.0,12.0,0.0,2.0,https://www.cian.ru/sale/flat/300509284/,1044684.4,Средний,Вторичка
113000000.0,ЦАО,100.0,8.0,14.0,0.0,2.0,https://www.cian.ru/sale/flat/300509285/,1130000.0,Средний,Вторичка
130000000.0,ЦАО,99.61,10.0,14.0,0.0,2.0,https://www.cian.ru/sale/flat/300509288/,1305089.85,Средний,Вторичка
167000000.0,ЦАО,95.0,7.0,14.0,0.0,2.0,https://www.cian.ru/sale/flat/300509289/,1757894.74,Средний,Вторичка
94450000.0,ЦАО,71.06,3.0,13.0,0.0,1.0,https://www.cian.ru/sale/flat/300509292/,1329158.46,Средний,Вторичка
138830000.0,ЦАО,152.2,2.0,8.0,0.0,3.0,https://www.cian.ru/sale/flat/300509293/,912155.06,Средний,Вторичка
104900000.0,ЦАО,78.0,7.0,12.0,0.0,2.0,https://www.cian.ru/sale/flat/300509295/,1344871.79,Средний,Вторичка
125740000.0,ЦАО,97.25,9.0,15.0,0.0,2.0,https://www.cian.ru/sale/flat/300509296/,1292956.3,Средний,Вторичка
103000000.0,ЦАО,99.71,9.0,14.0,0.0,2.0,https://www.cian.ru/sale/flat/300509297/,1032995.69,Средний,Вторичка
125000000.0,ЦАО,107.11,10.0,14.0,0.0,3.0,https://www.cian.ru/sale/flat/300509299/,1167024.55,Средний,Вторичка
159990000.0,ЦАО,99.9,3.0,15.0,0.0,3.0,https://www.cian.ru/sale/flat/300509302/,1601501.5,Средний,Вторичка
154000000.0,ЦАО,138.1,4.0,14.0,0.0,3.0,https://www.cian.ru/sale/flat/300509303/,1115133.96,Средний,Вторичка
8300000.0,САО,32.7,1.0,9.0,0.0,1.0,https://www.cian.ru/sale/flat/300509346/,253822.63,Первый,Вторичка
218651706.0,ЦАО,157.6,7.0,18.0,0.0,4.0,https://www.cian.ru/sale/flat/300509376/,1387383.92,Средний,Вторичка
82400000.0,ЦАО,62.0,1.0,7.0,0.0,2.0,https://www.cian.ru/sale/flat/300509378/,1329032.26,Первый,Вторичка
309657431.0,ЦАО,219.4,4.0,6.0,0.0,3.0,https://www.cian.ru/sale/flat/300509386/,1411383.0,Средний,Вторичка
175000000.0,ЦАО,125.8,4.0,9.0,0.0,4.0,https://www.cian.ru/sale/flat/300509391/,1391096.98,Средний,Вторичка
221900000.0,ЦАО,172.7,6.0,9.0,0.0,4.0,https://www.cian.ru/sale/flat/300509393/,1284887.09,Средний,Вторичка
130000000.0,ЦАО,94.0,6.0,7.0,0.0,2.0,https://www.cian.ru/sale/flat/300509397/,1382978.72,Средний,Вторичка
258868870.0,ЦАО,98.0,5.0,7.0,0.0,1.0,https://www.cian.ru/sale/flat/300509400/,2641519.08,Средний,Вторичка
151380000.0,ЦАО,119.5,8.0,15.0,0.0,3.0,https://www.cian.ru/sale/flat/300509402/,1266778.24,Средний,Вторичка
127500000.0,ЗАО,110.9,6.0,12.0,0.0,3.0,https://www.cian.ru/sale/flat/300509403/,1149684.4,Средний,Вторичка
135000000.0,ЦАО,139.6,7.0,10.0,0.0,3.0,https://www.cian.ru/sale/flat/300509405/,967048.71,Средний,Вторичка
159350000.0,ЦАО,138.57,8.0,15.0,0.0,3.0,https://www.cian.ru/sale/flat/300509408/,1149960.31,Средний,Вторичка
240000000.0,ЦАО,199.37,9.0,11.0,0.0,4.0,https://www.cian.ru/sale/flat/300509417/,1203791.94,Средний,Вторичка
189000000.0,ЦАО,127.4,3.0,6.0,0.0,2.0,https://www.cian.ru/sale/flat/300509419/,1483516.48,Средний,Вторичка
160000000.0,ЦАО,114.99,7.0,11.0,0.0,3.0,https://www.cian.ru/sale/flat/300509420/,1391425.34,Средний,Вторичка
118850000.0,ЦАО,113.91,11.0,12.0,0.0,2.0,https://www.cian.ru/sale/flat/300509424/,1043367.57,Средний,Вторичка
98900000.0,ЦАО,95.3,3.0,13.0,0.0,2.0,https://www.cian.ru/sale/flat/300509431/,1037775.45,Средний,Вторичка
81499999.0,ЦАО,134.5,3.0,13.0,0.0,3.0,https://www.cian.ru/sale/flat/300509438/,605947.95,Средний,Вторичка
99500000.0,ЦАО,90.53,11.0,21.0,0.0,3.0,https://www.cian.ru/sale/flat/300509439/,1099083.18,Средний,Вторичка
101999000.0,ЦАО,99.71,9.0,14.0,0.0,2.0,https://www.cian.ru/sale/flat/300509440/,1022956.57,Средний,Вторичка
125730000.0,ЦАО,97.25,9.0,15.0,0.0,2.0,https://www.cian.ru/sale/flat/300509441/,1292853.47,Средний,Вторичка
101000000.0,ЦАО,104.55,11.0,21.0,0.0,3.0,https://www.cian.ru/sale/flat/300509442/,966044.95,Средний,Вторичка
94400000.0,ЦАО,90.4,5.0,12.0,0.0,2.0,https://www.cian.ru/sale/flat/300509445/,1044247.79,Средний,Вторичка
140000000.0,ЦАО,138.1,4.0,14.0,0.0,3.0,https://www.cian.ru/sale/flat/300509451/,1013758.15,Средний,Вторичка
49900000.0,САО,65.0,8.0,21.0,0.0,3.0,https://www.cian.ru/sale/flat/300509461/,767692.31,Средний,Вторичка
11300000.0,ЮВАО,57.6,10.0,12.0,0.0,2.0,https://www.cian.ru/sale/flat/300510506/,196180.56,Средний,Вторичка
34200000.0,СВАО,67.5,14.0,23.0,0.0,2.0,https://www.cian.ru/sale/flat/300510683/,506666.67,Средний,Вторичка
32900000.0,ЗАО,49.2,12.0,14.0,0.0,2.0,https://www.cian.ru/sale/flat/300512089/,668699.19,Средний,Вторичка
51000000.0,САО,70.1,23.0,24.0,0.0,2.0,https://www.cian.ru/sale/flat/300512095/,727532.1,Средний,Вторичка
14850000.0,ЮВАО,51.5,16.0,17.0,0.0,2.0,https://www.cian.ru/sale/flat/300512221/,288349.51,Средний,Вторичка
55000000.0,САО,71.0,20.0,37.0,0.0,3.0,https://www.cian.ru/sale/flat/300512818/,774647.89,Средний,Вторичка
30490000.0,СЗАО,46.0,30.0,43.0,0.0,2.0,https://www.cian.ru/sale/flat/300520402/,662826.09,Средний,Вторичка
9499000.0,ЮВАО,30.0,6.0,9.0,0.0,1.0,https://www.cian.ru/sale/flat/300520887/,316633.33,Средний,Вторичка
31000000.0,ЗАО,49.6,6.0,23.0,0.0,2.0,https://www.cian.ru/sale/flat/300520944/,625000.0,Средний,Вторичка
23500000.0,ЮЗАО,90.0,1.0,5.0,0.0,4.0,https://www.cian.ru/sale/flat/300521297/,261111.11,Первый,Вторичка
28000000.0,СВАО,91.0,4.0,14.0,0.0,4.0,https://www.cian.ru/sale/flat/300522057/,307692.31,Средний,Вторичка
310000000.0,ЦАО,207.0,17.0,18.0,0.0,3.0,https://www.cian.ru/sale/flat/300522113/,1497584.54,Средний,Вторичка
20899000.0,САО,58.0,32.0,33.0,0.0,2.0,https://www.cian.ru/sale/flat/300522255/,360327.59,Средний,Вторичка
12000000.0,ЮВАО,35.0,11.0,16.0,0.0,1.0,https://www.cian.ru/sale/flat/300522974/,342857.14,Средний,Вторичка
35000000.0,САО,115.2,12.0,22.0,0.0,4.0,https://www.cian.ru/sale/flat/300522984/,303819.44,Средний,Вторичка
21890000.0,ВАО,55.91,24.0,29.0,1.0,2.0,https://www.cian.ru/sale/flat/300523054/,391522.09,Средний,Новостройка
19800000.0,САО,61.6,3.0,4.0,0.0,2.0,https://www.cian.ru/sale/flat/300523406/,321428.57,Средний,Вторичка
15300000.0,ЗАО,71.0,3.0,16.0,0.0,4.0,https://www.cian.ru/sale/flat/300523749/,215492.96,Средний,Вторичка
60000000.0,СЗАО,137.0,40.0,41.0,0.0,4.0,https://www.cian.ru/sale/flat/300524480/,437956.2,Средний,Вторичка
34500000.0,ЮАО,102.0,12.0,17.0,0.0,4.0,https://www.cian.ru/sale/flat/300525047/,338235.29,Средний,Вторичка
35700000.0,ЦАО,70.6,6.0,11.0,0.0,3.0,https://www.cian.ru/sale/flat/300525625/,505665.72,Средний,Вторичка
13200000.0,СЗАО,44.7,8.0,9.0,0.0,2.0,https://www.cian.ru/sale/flat/300525950/,295302.01,Средний,Вторичка
120000000.0,ЦАО,77.4,2.0,8.0,1.0,2.0,https://www.cian.ru/sale/flat/300526235/,1550387.6,Средний,Новостройка
39000000.0,ЗАО,65.0,4.0,11.0,0.0,2.0,https://www.cian.ru/sale/flat/300526496/,600000.0,Средний,Вторичка
7900000.0,ЮАО,34.7,9.0,12.0,0.0,1.0,https://www.cian.ru/sale/flat/300526999/,227665.71,Средний,Вторичка
79500000.0,ЦАО,95.7,3.0,5.0,0.0,4.0,https://www.cian.ru/sale/flat/300527124/,830721.0,Средний,Вторичка
20800000.0,ЮЗАО,82.0,8.0,9.0,0.0,3.0,https://www.cian.ru/sale/flat/300527453/,253658.54,Средний,Вторичка
11400000.0,ЮАО,38.9,5.0,12.0,0.0,1.0,https://www.cian.ru/sale/flat/300528636/,293059.13,Средний,Вторичка
21000000.0,ЮВАО,54.0,21.0,30.0,1.0,2.0,https://www.cian.ru/sale/flat/300528637/,388888.89,Средний,Новостройка
18000000.0,ЮАО,38.8,5.0,20.0,1.0,1.0,https://www.cian.ru/sale/flat/300529477/,463917.53,Средний,Новостройка
17500000.0,СВАО,65.0,2.0,9.0,0.0,4.0,https://www.cian.ru/sale/flat/300530468/,269230.77,Средний,Вторичка
37700000.0,ЗАО,57.7,23.0,29.0,0.0,2.0,https://www.cian.ru/sale/flat/300530825/,653379.55,Средний,Вторичка
22500000.0,ЗАО,55.0,14.0,22.0,0.0,2.0,https://www.cian.ru/sale/flat/300531670/,409090.91,Средний,Вторичка
75000000.0,ЗАО,139.0,11.0,15.0,0.0,3.0,https://www.cian.ru/sale/flat/300532384/,539568.35,Средний,Вторичка
107000000.0,ЦАО,90.0,4.0,9.0,0.0,2.0,https://www.cian.ru/sale/flat/300534105/,1188888.89,Средний,Вторичка
56000000.0,ЮАО,99.8,7.0,8.0,0.0,4.0,https://www.cian.ru/sale/flat/300539694/,561122.24,Средний,Вторичка
194072550.0,ЦАО,196.0,4.0,7.0,0.0,4.0,https://www.cian.ru/sale/flat/300539699/,990166.07,Средний,Вторичка
106500000.0,ЦАО,146.0,4.0,12.0,0.0,3.0,https://www.cian.ru/sale/flat/300539700/,729452.05,Средний,Вторичка
53999000.0,ЦАО,113.6,5.0,6.0,0.0,4.0,https://www.cian.ru/sale/flat/300539704/,475343.31,Средний,Вторичка
46500000.0,ЦАО,86.0,4.0,11.0,0.0,3.0,https://www.cian.ru/sale/flat/300539706/,540697.67,Средний,Вторичка
44000000.0,ЦАО,80.0,4.0,5.0,0.0,2.0,https://www.cian.ru/sale/flat/300539707/,550000.0,Средний,Вторичка
130000000.0,ЦАО,260.0,3.0,8.0,0.0,4.0,https://www.cian.ru/sale/flat/300539708/,500000.0,Средний,Вторичка
80000000.0,ЦАО,90.0,2.0,7.0,0.0,3.0,https://www.cian.ru/sale/flat/300539712/,888888.89,Средний,Вторичка
54990000.0,ЦАО,127.5,5.0,5.0,0.0,4.0,https://www.cian.ru/sale/flat/300539713/,431294.12,Последний,Вторичка
123900000.0,ЦАО,126.7,2.0,3.0,0.0,4.0,https://www.cian.ru/sale/flat/300539716/,977900.55,Средний,Вторичка
67490000.0,ЦАО,88.0,2.0,5.0,0.0,3.0,https://www.cian.ru/sale/flat/300539718/,766931.82,Средний,Вторичка
38000000.0,ЦАО,80.0,4.0,6.0,0.0,3.0,https://www.cian.ru/sale/flat/300539721/,475000.0,Средний,Вторичка
277246500.0,ЦАО,340.0,6.0,6.0,0.0,4.0,https://www.cian.ru/sale/flat/300539722/,815430.88,Последний,Вторичка
35490000.0,ЦАО,90.0,3.0,6.0,0.0,3.0,https://www.cian.ru/sale/flat/300539725/,394333.33,Средний,Вторичка
75000000.0,ЦАО,130.0,5.0,6.0,0.0,4.0,https://www.cian.ru/sale/flat/300539728/,576923.08,Средний,Вторичка
49000000.0,ЦАО,80.0,5.0,5.0,0.0,3.0,https://www.cian.ru/sale/flat/300539729/,612500.0,Последний,Вторичка
37000000.0,ЦАО,65.0,2.0,8.0,0.0,2.0,https://www.cian.ru/sale/flat/300539730/,569230.77,Средний,Вторичка
54990000.0,ЦАО,115.2,7.0,11.0,0.0,3.0,https://www.cian.ru/sale/flat/300539731/,477343.75,Средний,Вторичка
48000000.0,ЗАО,67.0,7.0,14.0,0.0,2.0,https://www.cian.ru/sale/flat/300539733/,716417.91,Средний,Вторичка
72000000.0,ЦАО,150.1,2.0,3.0,0.0,3.0,https://www.cian.ru/sale/flat/300539737/,479680.21,Средний,Вторичка
85000000.0,ЦАО,140.0,7.0,7.0,0.0,4.0,https://www.cian.ru/sale/flat/300539743/,607142.86,Последний,Вторичка
77500000.0,ЦАО,160.6,5.0,6.0,0.0,4.0,https://www.cian.ru/sale/flat/300539748/,482565.38,Средний,Вторичка
50000000.0,ЦАО,81.0,8.0,8.0,0.0,3.0,https://www.cian.ru/sale/flat/300539749/,617283.95,Последний,Вторичка
45000000.0,ЗАО,109.1,3.0,5.0,0.0,4.0,https://www.cian.ru/sale/flat/300539752/,412465.63,Средний,Вторичка
31500000.0,ЦАО,75.0,9.0,10.0,0.0,2.0,https://www.cian.ru/sale/flat/300539774/,420000.0,Средний,Вторичка
195000000.0,ЦАО,144.0,9.0,12.0,0.0,4.0,https://www.cian.ru/sale/flat/300539778/,1354166.67,Средний,Вторичка
115000000.0,ЦАО,117.0,5.0,6.0,0.0,2.0,https://www.cian.ru/sale/flat/300539780/,982905.98,Средний,Вторичка
85000000.0,ЦАО,140.0,7.0,7.0,0.0,4.0,https://www.cian.ru/sale/flat/300539782/,607142.86,Последний,Вторичка
149300000.0,ЦАО,160.1,3.0,6.0,0.0,4.0,https://www.cian.ru/sale/flat/300539785/,932542.16,Средний,Вторичка
160000000.0,ЦАО,155.0,6.0,7.0,0.0,4.0,https://www.cian.ru/sale/flat/300539792/,1032258.06,Средний,Вторичка
83000000.0,ЦАО,171.3,5.0,25.0,0.0,4.0,https://www.cian.ru/sale/flat/300539797/,484530.06,Средний,Вторичка
99000000.0,ЦАО,166.5,2.0,7.0,0.0,4.0,https://www.cian.ru/sale/flat/300539805/,594594.59,Средний,Вторичка
120000000.0,ЦАО,180.0,4.0,6.0,0.0,3.0,https://www.cian.ru/sale/flat/300539810/,666666.67,Средний,Вторичка
20900000.0,ЗАО,44.0,2.0,8.0,0.0,2.0,https://www.cian.ru/sale/flat/300539822/,475000.0,Средний,Вторичка
71990000.0,ЦАО,150.0,3.0,6.0,0.0,4.0,https://www.cian.ru/sale/flat/300539825/,479933.33,Средний,Вторичка
42000000.0,ЦАО,73.4,5.0,5.0,0.0,3.0,https://www.cian.ru/sale/flat/300539828/,572207.08,Последний,Вторичка
65000000.0,ЗАО,140.0,5.0,8.0,0.0,4.0,https://www.cian.ru/sale/flat/300539844/,464285.71,Средний,Вторичка
70000000.0,ЦАО,100.0,5.0,6.0,0.0,2.0,https://www.cian.ru/sale/flat/300539848/,700000.0,Средний,Вторичка
39990000.0,ЮЗАО,80.0,7.0,8.0,0.0,3.0,https://www.cian.ru/sale/flat/300539856/,499875.0,Средний,Вторичка
52000000.0,ЦАО,101.0,3.0,9.0,0.0,4.0,https://www.cian.ru/sale/flat/300539859/,514851.49,Средний,Вторичка
15100000.0,ВАО,58.4,5.0,5.0,0.0,2.0,https://www.cian.ru/sale/flat/300540008/,258561.64,Последний,Вторичка
8900000.0,СВАО,26.4,1.0,5.0,0.0,1.0,https://www.cian.ru/sale/flat/300540690/,337121.21,Первый,Вторичка
19900000.0,ЦАО,42.0,2.0,9.0,0.0,2.0,https://www.cian.ru/sale/flat/300541952/,473809.52,Средний,Вторичка
13950000.0,ЮВАО,51.1,2.0,17.0,0.0,2.0,https://www.cian.ru/sale/flat/300542057/,272994.13,Средний,Вторичка
33500000.0,ЗАО,60.0,7.0,8.0,0.0,2.0,https://www.cian.ru/sale/flat/300542333/,558333.33,Средний,Вторичка
34900000.0,ЦАО,56.0,5.0,6.0,0.0,2.0,https://www.cian.ru/sale/flat/300542619/,623214.29,Средний,Вторичка
43500000.0,ЦАО,57.2,4.0,12.0,0.0,2.0,https://www.cian.ru/sale/flat/300542646/,760489.51,Средний,Вторичка
28999000.0,ЦАО,43.4,5.0,7.0,0.0,2.0,https://www.cian.ru/sale/flat/300542685/,668179.72,Средний,Вторичка
13380000.0,ЗАО,30.0,7.0,9.0,0.0,1.0,https://www.cian.ru/sale/flat/300542693/,446000.0,Средний,Вторичка
74990000.0,ЦАО,116.0,5.0,5.0,0.0,4.0,https://www.cian.ru/sale/flat/300542974/,646465.52,Последний,Вторичка
14500000.0,ВАО,59.3,4.0,9.0,0.0,3.0,https://www.cian.ru/sale/flat/300542990/,244519.39,Средний,Вторичка
17500000.0,ЗАО,71.0,4.0,5.0,0.0,2.0,https://www.cian.ru/sale/flat/300545017/,246478.87,Средний,Вторичка
53300000.0,ЮЗАО,161.3,3.0,18.0,0.0,3.0,https://www.cian.ru/sale/flat/300545035/,330440.17,Средний,Вторичка
37950000.0,ЦАО,73.2,2.0,4.0,0.0,4.0,https://www.cian.ru/sale/flat/300545043/,518442.62,Средний,Вторичка
28300000.0,ЮАО,55.0,5.0,14.0,0.0,2.0,https://www.cian.ru/sale/flat/300545062/,514545.45,Средний,Вторичка
792540000.0,ЦАО,396.27,4.0,5.0,0.0,4.0,https://www.cian.ru/sale/flat/300547257/,2000000.0,Средний,Вторичка
810340000.0,ЦАО,405.17,4.0,5.0,0.0,4.0,https://www.cian.ru/sale/flat/300547260/,2000000.0,Средний,Вторичка
35000000.0,ЮВАО,131.0,5.0,7.0,0.0,4.0,https://www.cian.ru/sale/flat/300547322/,267175.57,Средний,Вторичка
21350000.0,ЮАО,91.4,2.0,18.0,0.0,4.0,https://www.cian.ru/sale/flat/300547342/,233588.62,Средний,Вторичка
27000000.0,ЮЗАО,78.3,3.0,8.0,0.0,3.0,https://www.cian.ru/sale/flat/300548530/,344827.59,Средний,Вторичка
114000000.0,ЦАО,165.7,2.0,7.0,0.0,4.0,https://www.cian.ru/sale/flat/300548969/,687990.34,Средний,Вторичка
46000000.0,ЗАО,46.4,8.0,11.0,0.0,1.0,https://www.cian.ru/sale/flat/300549135/,991379.31,Средний,Вторичка
12990000.0,ЮВАО,50.0,4.0,19.0,0.0,2.0,https://www.cian.ru/sale/flat/300550054/,259800.0,Средний,Вторичка
26700000.0,ЦАО,55.6,2.0,6.0,0.0,2.0,https://www.cian.ru/sale/flat/300551119/,480215.83,Средний,Вторичка
15500000.0,ЮВАО,38.8,18.0,20.0,0.0,1.0,https://www.cian.ru/sale/flat/300551345/,399484.54,Средний,Вторичка
205569980.0,ЦАО,163.8,2.0,10.0,0.0,4.0,https://www.cian.ru/sale/flat/300551563/,1255005.98,Средний,Вторичка
15550000.0,ЮВАО,50.1,3.0,16.0,0.0,2.0,https://www.cian.ru/sale/flat/300552142/,310379.24,Средний,Вторичка
8800000.0,ЮВАО,33.0,8.0,9.0,0.0,1.0,https://www.cian.ru/sale/flat/300552265/,266666.67,Средний,Вторичка
62580000.0,СЗАО,104.3,25.0,58.0,0.0,3.0,https://www.cian.ru/sale/flat/300552585/,600000.0,Средний,Вторичка
35000000.0,ЦАО,70.8,2.0,14.0,0.0,2.0,https://www.cian.ru/sale/flat/300553173/,494350.28,Средний,Вторичка
14850000.0,САО,43.7,10.0,12.0,0.0,1.0,https://www.cian.ru/sale/flat/300553239/,339816.93,Средний,Вторичка
7800000.0,ВАО,31.8,1.0,9.0,0.0,1.0,https://www.cian.ru/sale/flat/300553532/,245283.02,Первый,Вторичка
23700000.0,СЗАО,43.0,21.0,49.0,0.0,1.0,https://www.cian.ru/sale/flat/300553598/,551162.79,Средний,Вторичка
135000000.0,ЦАО,118.71,3.0,11.0,0.0,3.0,https://www.cian.ru/sale/flat/300554553/,1137225.17,Средний,Вторичка
166900000.0,ЦАО,95.0,7.0,14.0,0.0,2.0,https://www.cian.ru/sale/flat/300554949/,1756842.11,Средний,Вторичка
13200000.0,ЮЗАО,38.0,8.0,9.0,0.0,1.0,https://www.cian.ru/sale/flat/300555782/,347368.42,Средний,Вторичка
28990000.0,СЗАО,55.1,17.0,47.0,0.0,2.0,https://www.cian.ru/sale/flat/300556401/,526134.3,Средний,Вторичка
115000000.0,ЦАО,96.0,9.0,20.0,0.0,3.0,https://www.cian.ru/sale/flat/300556446/,1197916.67,Средний,Вторичка
36000000.0,ЦАО,105.2,4.0,6.0,0.0,4.0,https://www.cian.ru/sale/flat/300556982/,342205.32,Средний,Вторичка
14490000.0,САО,35.0,5.0,12.0,0.0,1.0,https://www.cian.ru/sale/flat/300557795/,414000.0,Средний,Вторичка
7950000.0,ВАО,33.2,6.0,9.0,0.0,1.0,https://www.cian.ru/sale/flat/300557845/,239457.83,Средний,Вторичка
30000000.0,ЦАО,50.0,9.0,9.0,0.0,2.0,https://www.cian.ru/sale/flat/300558907/,600000.0,Последний,Вторичка
13900000.0,ЮЗАО,50.1,2.0,17.0,0.0,2.0,https://www.cian.ru/sale/flat/300559505/,277445.11,Средний,Вторичка
17000000.0,ЗАО,53.3,17.0,17.0,0.0,2.0,https://www.cian.ru/sale/flat/300560475/,318949.34,Последний,Вторичка
22900000.0,САО,84.1,2.0,14.0,0.0,4.0,https://www.cian.ru/sale/flat/300560728/,272294.89,Средний,Вторичка
10000000.0,ЮВАО,39.1,10.0,14.0,0.0,1.0,https://www.cian.ru/sale/flat/300560954/,255754.48,Средний,Вторичка
38500000.0,СВАО,75.5,8.0,19.0,0.0,2.0,https://www.cian.ru/sale/flat/300561404/,509933.77,Средний,Вторичка
34990000.0,ЦАО,98.5,3.0,4.0,0.0,3.0,https://www.cian.ru/sale/flat/300561784/,355228.43,Средний,Вторичка
8200000.0,ВАО,32.7,8.0,9.0,0.0,1.0,https://www.cian.ru/sale/flat/300562429/,250764.53,Средний,Вторичка
63990000.0,ЗАО,122.0,15.0,22.0,0.0,3.0,https://www.cian.ru/sale/flat/300563314/,524508.2,Средний,Вторичка
68000000.0,СЗАО,175.0,14.0,38.0,0.0,4.0,https://www.cian.ru/sale/flat/300563675/,388571.43,Средний,Вторичка
13900000.0,ВАО,50.3,4.0,14.0,0.0,2.0,https://www.cian.ru/sale/flat/300563845/,276341.95,Средний,Вторичка
75000000.0,САО,114.0,25.0,41.0,0.0,3.0,https://www.cian.ru/sale/flat/300564787/,657894.74,Средний,Вторичка
175000000.0,ЗАО,163.0,31.0,53.0,0.0,4.0,https://www.cian.ru/sale/flat/300564793/,1073619.63,Средний,Вторичка
13000000.0,ЮАО,35.4,13.0,16.0,0.0,1.0,https://www.cian.ru/sale/flat/300564827/,367231.64,Средний,Вторичка
15900000.0,ЮВАО,39.8,4.0,21.0,0.0,2.0,https://www.cian.ru/sale/flat/300565552/,399497.49,Средний,Вторичка
239970000.0,ЦАО,258.0,4.0,4.0,0.0,4.0,https://www.cian.ru/sale/flat/300566778/,930116.28,Последний,Вторичка
34990000.0,ЦАО,83.4,4.0,5.0,0.0,3.0,https://www.cian.ru/sale/flat/300567591/,419544.36,Средний,Вторичка
19800000.0,СЗАО,46.0,9.0,26.0,1.0,2.0,https://www.cian.ru/sale/flat/300567867/,430434.78,Средний,Новостройка
18650000.0,ЮАО,44.3,5.0,16.0,1.0,2.0,https://www.cian.ru/sale/flat/300567987/,420993.23,Средний,Новостройка
50500000.0,СЗАО,96.5,26.0,58.0,0.0,4.0,https://www.cian.ru/sale/flat/300568709/,523316.06,Средний,Вторичка
155000000.0,САО,158.3,22.0,37.0,0.0,4.0,https://www.cian.ru/sale/flat/300568716/,979153.51,Средний,Вторичка
17350000.0,САО,52.0,2.0,18.0,0.0,2.0,https://www.cian.ru/sale/flat/300568783/,333653.85,Средний,Вторичка
20500000.0,СВАО,57.7,2.0,22.0,0.0,2.0,https://www.cian.ru/sale/flat/300569317/,355285.96,Средний,Вторичка
22000000.0,САО,43.0,5.0,27.0,0.0,2.0,https://www.cian.ru/sale/flat/300569348/,511627.91,Средний,Вторичка
25850000.0,ЮВАО,79.0,4.0,12.0,0.0,4.0,https://www.cian.ru/sale/flat/300571384/,327215.19,Средний,Вторичка
52000000.0,СВАО,103.0,3.0,20.0,0.0,3.0,https://www.cian.ru/sale/flat/300571581/,504854.37,Средний,Вторичка
57500000.0,СЗАО,114.1,45.0,58.0,0.0,3.0,https://www.cian.ru/sale/flat/300571585/,503943.91,Средний,Вторичка
14300000.0,ВАО,40.1,2.0,8.0,0.0,1.0,https://www.cian.ru/sale/flat/300571796/,356608.48,Средний,Вторичка
52000000.0,ЦАО,53.35,4.0,21.0,0.0,2.0,https://www.cian.ru/sale/flat/300571814/,974695.41,Средний,Вторичка
21500000.0,ЦАО,40.0,6.0,14.0,0.0,1.0,https://www.cian.ru/sale/flat/300572581/,537500.0,Средний,Вторичка
22000000.0,СВАО,75.0,7.0,17.0,0.0,3.0,https://www.cian.ru/sale/flat/300572817/,293333.33,Средний,Вторичка
25000000.0,ЮВАО,42.0,3.0,17.0,0.0,1.0,https://www.cian.ru/sale/flat/300573137/,595238.1,Средний,Вторичка
250000000.0,ЦАО,176.0,12.0,22.0,0.0,4.0,https://www.cian.ru/sale/flat/300573187/,1420454.55,Средний,Вторичка
14000000.0,ЮЗАО,63.2,9.0,9.0,0.0,4.0,https://www.cian.ru/sale/flat/300574311/,221518.99,Последний,Вторичка
27200000.0,СЗАО,80.2,2.0,12.0,0.0,4.0,https://www.cian.ru/sale/flat/300574438/,339152.12,Средний,Вторичка
36360000.0,ЗАО,111.6,18.0,27.0,0.0,4.0,https://www.cian.ru/sale/flat/300574549/,325806.45,Средний,Вторичка
16000000.0,ЮАО,54.5,10.0,17.0,0.0,2.0,https://www.cian.ru/sale/flat/300574973/,293577.98,Средний,Вторичка
20606706.0,ЮВАО,58.2,2.0,29.0,1.0,2.0,https://www.cian.ru/sale/flat/300575195/,354067.11,Средний,Новостройка
28676315.0,ЮВАО,77.9,22.0,29.0,1.0,3.0,https://www.cian.ru/sale/flat/300575207/,368117.01,Средний,Новостройка
16971100.0,ЮВАО,36.9,10.0,29.0,1.0,1.0,https://www.cian.ru/sale/flat/300575216/,459921.41,Средний,Новостройка
21743843.0,ЮВАО,52.4,10.0,29.0,1.0,2.0,https://www.cian.ru/sale/flat/300575218/,414958.84,Средний,Новостройка
17775256.0,ЮВАО,37.4,22.0,29.0,1.0,1.0,https://www.cian.ru/sale/flat/300575226/,475274.22,Средний,Новостройка
22617059.0,ЮВАО,52.6,27.0,29.0,1.0,2.0,https://www.cian.ru/sale/flat/300575236/,429982.11,Средний,Новостройка
31345564.0,ЮВАО,90.6,12.0,30.0,1.0,3.0,https://www.cian.ru/sale/flat/300575241/,345977.53,Средний,Новостройка
38732684.0,ЮВАО,99.3,19.0,30.0,1.0,4.0,https://www.cian.ru/sale/flat/300575246/,390057.24,Средний,Новостройка
38924165.0,ЮВАО,99.5,21.0,30.0,1.0,4.0,https://www.cian.ru/sale/flat/300575247/,391197.64,Средний,Новостройка
23688668.0,ЮВАО,60.5,5.0,30.0,1.0,2.0,https://www.cian.ru/sale/flat/300575251/,391548.23,Средний,Новостройка
18523001.0,ЮВАО,41.3,22.0,30.0,1.0,1.0,https://www.cian.ru/sale/flat/300575265/,448498.81,Средний,Новостройка
18762218.0,ЮВАО,41.5,28.0,30.0,1.0,1.0,https://www.cian.ru/sale/flat/300575270/,452101.64,Средний,Новостройка
19168200.0,ЮВАО,46.0,2.0,29.0,1.0,1.0,https://www.cian.ru/sale/flat/300575274/,416700.0,Средний,Новостройка
19400962.0,ЮВАО,41.4,23.0,30.0,1.0,1.0,https://www.cian.ru/sale/flat/300575526/,468622.27,Средний,Новостройка
19573961.0,ЮВАО,41.5,28.0,30.0,1.0,1.0,https://www.cian.ru/sale/flat/300575531/,471661.71,Средний,Новостройка
31116980.0,ЮВАО,91.4,13.0,30.0,1.0,3.0,https://www.cian.ru/sale/flat/300575553/,340448.36,Средний,Новостройка
26777340.0,ЮВАО,78.4,20.0,30.0,1.0,3.0,https://www.cian.ru/sale/flat/300575558/,341547.7,Средний,Новостройка
31735858.0,ЮВАО,91.6,24.0,30.0,1.0,3.0,https://www.cian.ru/sale/flat/300575562/,346461.33,Средний,Новостройка
18588577.0,ЮВАО,37.4,29.0,30.0,1.0,1.0,https://www.cian.ru/sale/flat/300575567/,497020.78,Средний,Новостройка
23234767.0,ЮВАО,57.1,29.0,30.0,1.0,2.0,https://www.cian.ru/sale/flat/300575590/,406913.61,Средний,Новостройка
30500000.0,СЗАО,46.0,30.0,46.0,0.0,2.0,https://www.cian.ru/sale/flat/300575677/,663043.48,Средний,Вторичка
26690000.0,ЮАО,71.3,3.0,11.0,1.0,2.0,https://www.cian.ru/sale/flat/300575713/,374333.8,Средний,Новостройка
26000000.0,ЮАО,40.0,14.0,46.0,0.0,2.0,https://www.cian.ru/sale/flat/300575899/,650000.0,Средний,Вторичка
173000000.0,ЦАО,115.0,3.0,7.0,0.0,3.0,https://www.cian.ru/sale/flat/300575952/,1504347.83,Средний,Вторичка
27000000.0,СЗАО,63.5,5.0,19.0,0.0,3.0,https://www.cian.ru/sale/flat/300575961/,425196.85,Средний,Вторичка
10900000.0,ЮЗАО,38.0,14.0,16.0,0.0,1.0,https://www.cian.ru/sale/flat/300576055/,286842.11,Средний,Вторичка
15500000.0,СВАО,52.0,10.0,14.0,0.0,2.0,https://www.cian.ru/sale/flat/300576198/,298076.92,Средний,Вторичка
12000000.0,ЮЗАО,38.0,6.0,9.0,0.0,2.0,https://www.cian.ru/sale/flat/300576385/,315789.47,Средний,Вторичка
62890000.0,ЗАО,104.5,3.0,15.0,0.0,3.0,https://www.cian.ru/sale/flat/300576939/,601818.18,Средний,Вторичка
42477783.0,ЮАО,98.8,2.0,11.0,1.0,3.0,https://www.cian.ru/sale/flat/300577186/,429937.07,Средний,Новостройка
76000000.0,ЮАО,94.0,3.0,15.0,0.0,3.0,https://www.cian.ru/sale/flat/300578212/,808510.64,Средний,Вторичка
9400000.0,ЮВАО,35.0,8.0,16.0,0.0,1.0,https://www.cian.ru/sale/flat/300578229/,268571.43,Средний,Вторичка
135000000.0,ЦАО,139.0,2.0,5.0,0.0,4.0,https://www.cian.ru/sale/flat/300578367/,971223.02,Средний,Вторичка
355075420.0,ЦАО,172.0,2.0,5.0,0.0,4.0,https://www.cian.ru/sale/flat/300578699/,2064391.98,Средний,Вторичка
14500000.0,ВАО,58.0,2.0,9.0,0.0,3.0,https://www.cian.ru/sale/flat/300579605/,250000.0,Средний,Вторичка
30690920.0,ЮВАО,69.4,19.0,22.0,1.0,2.0,https://www.cian.ru/sale/flat/300583049/,442232.28,Средний,Новостройка
31500000.0,САО,40.5,9.0,42.0,0.0,1.0,https://www.cian.ru/sale/flat/300584442/,777777.78,Средний,Вторичка
28300000.0,ЮВАО,86.0,2.0,9.0,0.0,4.0,https://www.cian.ru/sale/flat/300586877/,329069.77,Средний,Вторичка
30000000.0,ЗАО,61.1,7.0,29.0,0.0,2.0,https://www.cian.ru/sale/flat/300587382/,490998.36,Средний,Вторичка
19850000.0,ВАО,57.1,5.0,25.0,0.0,2.0,https://www.cian.ru/sale/flat/300588052/,347635.73,Средний,Вторичка
58500000.0,САО,91.0,16.0,37.0,0.0,3.0,https://www.cian.ru/sale/flat/300588173/,642857.14,Средний,Вторичка
25500000.0,ЮВАО,104.8,6.0,12.0,0.0,4.0,https://www.cian.ru/sale/flat/300589923/,243320.61,Средний,Вторичка
27500000.0,СВАО,66.0,7.0,35.0,0.0,2.0,https://www.cian.ru/sale/flat/300590078/,416666.67,Средний,Вторичка
37000000.0,ЮЗАО,114.7,12.0,24.0,0.0,3.0,https://www.cian.ru/sale/flat/300590290/,322580.65,Средний,Вторичка
60000000.0,САО,128.0,22.0,23.0,0.0,3.0,https://www.cian.ru/sale/flat/300590779/,468750.0,Средний,Вторичка
7500000.0,САО,15.3,7.0,9.0,0.0,1.0,https://www.cian.ru/sale/flat/300591126/,490196.08,Средний,Вторичка
200000000.0,ЦАО,150.0,11.0,11.0,0.0,3.0,https://www.cian.ru/sale/flat/300592030/,1333333.33,Последний,Вторичка
19260000.0,ЗАО,57.0,6.0,10.0,0.0,3.0,https://www.cian.ru/sale/flat/300592453/,337894.74,Средний,Вторичка
7900000.0,ЮЗАО,43.4,13.0,17.0,0.0,1.0,https://www.cian.ru/sale/flat/300592828/,182027.65,Средний,Вторичка
33100000.0,ЗАО,62.7,4.0,11.0,0.0,2.0,https://www.cian.ru/sale/flat/300593020/,527910.69,Средний,Вторичка
105000000.0,ЦАО,71.3,7.0,12.0,0.0,2.0,https://www.cian.ru/sale/flat/300593035/,1472650.77,Средний,Вторичка
200000000.0,ЦАО,150.0,11.0,11.0,0.0,3.0,https://www.cian.ru/sale/flat/300593282/,1333333.33,Последний,Вторичка
10100000.0,САО,35.0,3.0,12.0,0.0,1.0,https://www.cian.ru/sale/flat/300594074/,288571.43,Средний,Вторичка
37000000.0,СВАО,116.8,18.0,32.0,0.0,4.0,https://www.cian.ru/sale/flat/300595851/,316780.82,Средний,Вторичка
42000000.0,САО,118.3,12.0,16.0,0.0,4.0,https://www.cian.ru/sale/flat/300596531/,355029.59,Средний,Вторичка
26800000.0,ЮАО,52.0,12.0,12.0,0.0,2.0,https://www.cian.ru/sale/flat/300596715/,515384.62,Последний,Вторичка
21200000.0,ЮАО,91.4,2.0,18.0,0.0,4.0,https://www.cian.ru/sale/flat/300597145/,231947.48,Средний,Вторичка
75000000.0,ЦАО,88.0,29.0,44.0,0.0,4.0,https://www.cian.ru/sale/flat/300597186/,852272.73,Средний,Вторичка
21500000.0,ЮВАО,68.7,10.0,16.0,0.0,2.0,https://www.cian.ru/sale/flat/300597303/,312954.88,Средний,Вторичка
8350000.0,САО,27.0,5.0,9.0,0.0,1.0,https://www.cian.ru/sale/flat/300598910/,309259.26,Средний,Вторичка
26500000.0,ЦАО,54.0,6.0,9.0,0.0,2.0,https://www.cian.ru/sale/flat/300598940/,490740.74,Средний,Вторичка
8900000.0,ЮВАО,35.5,5.0,16.0,0.0,1.0,https://www.cian.ru/sale/flat/300599409/,250704.23,Средний,Вторичка
14400000.0,САО,36.0,8.0,9.0,0.0,1.0,https://www.cian.ru/sale/flat/300600845/,400000.0,Средний,Вторичка
15700000.0,ЮВАО,38.8,18.0,20.0,0.0,1.0,https://www.cian.ru/sale/flat/300600848/,404639.18,Средний,Вторичка
15800000.0,СВАО,60.0,19.0,25.0,1.0,2.0,https://www.cian.ru/sale/flat/300601398/,263333.33,Средний,Новостройка
14499000.0,ВАО,52.0,1.0,16.0,0.0,2.0,https://www.cian.ru/sale/flat/300601402/,278826.92,Первый,Вторичка
15900000.0,ЮВАО,31.2,10.0,22.0,1.0,1.0,https://www.cian.ru/sale/flat/300601414/,509615.38,Средний,Новостройка
17900000.0,ЮАО,59.0,4.0,7.0,0.0,2.0,https://www.cian.ru/sale/flat/300601422/,303389.83,Средний,Вторичка
14250000.0,СЗАО,37.5,11.0,22.0,0.0,1.0,https://www.cian.ru/sale/flat/300603353/,380000.0,Средний,Вторичка
27500000.0,САО,90.0,6.0,7.0,0.0,4.0,https://www.cian.ru/sale/flat/300603788/,305555.56,Средний,Вторичка
12199000.0,ЗАО,56.0,2.0,14.0,0.0,2.0,https://www.cian.ru/sale/flat/300605149/,217839.29,Средний,Вторичка
16562490.0,ЗАО,57.0,4.0,25.0,1.0,2.0,https://www.cian.ru/sale/flat/300605447/,290570.0,Средний,Новостройка
23352671.0,ЗАО,82.6,15.0,25.0,1.0,3.0,https://www.cian.ru/sale/flat/300605450/,282719.99,Средний,Новостройка
18388406.0,ЗАО,63.7,13.0,25.0,1.0,3.0,https://www.cian.ru/sale/flat/300605454/,288671.99,Средний,Новостройка
15621827.0,ЗАО,53.6,2.0,25.0,1.0,2.0,https://www.cian.ru/sale/flat/300605455/,291452.0,Средний,Новостройка
14924263.0,ЗАО,49.8,11.0,25.0,1.0,2.0,https://www.cian.ru/sale/flat/300605458/,299684.0,Средний,Новостройка
12888568.0,ЗАО,44.0,14.0,25.0,1.0,1.0,https://www.cian.ru/sale/flat/300605461/,292922.0,Средний,Новостройка
22370745.0,ЗАО,79.1,11.0,25.0,1.0,3.0,https://www.cian.ru/sale/flat/300605463/,282815.99,Средний,Новостройка
16388393.0,ЗАО,55.1,12.0,25.0,1.0,2.0,https://www.cian.ru/sale/flat/300605467/,297430.0,Средний,Новостройка
16864281.0,ЗАО,60.7,6.0,25.0,1.0,2.0,https://www.cian.ru/sale/flat/300605469/,277830.0,Средний,Новостройка
25868927.0,ЗАО,92.0,6.0,25.0,1.0,3.0,https://www.cian.ru/sale/flat/300605470/,281183.99,Средний,Новостройка
19458439.0,ЗАО,71.5,7.0,25.0,1.0,2.0,https://www.cian.ru/sale/flat/300605473/,272146.0,Средний,Новостройка
20493503.0,ЗАО,75.7,10.0,25.0,1.0,3.0,https://www.cian.ru/sale/flat/300605475/,270719.99,Средний,Новостройка
20000000.0,ЗАО,45.5,5.0,6.0,0.0,2.0,https://www.cian.ru/sale/flat/300605744/,439560.44,Средний,Вторичка
35000000.0,САО,65.1,19.0,20.0,0.0,2.0,https://www.cian.ru/sale/flat/300607713/,537634.41,Средний,Вторичка
57000000.0,ЦАО,74.4,2.0,9.0,0.0,3.0,https://www.cian.ru/sale/flat/300607754/,766129.03,Средний,Вторичка
27500000.0,ЗАО,48.9,4.0,36.0,1.0,1.0,https://www.cian.ru/sale/flat/300607842/,562372.19,Средний,Новостройка
26500000.0,СВАО,82.1,2.0,16.0,0.0,4.0,https://www.cian.ru/sale/flat/300608049/,322777.1,Средний,Вторичка
135000000.0,ЦАО,100.0,8.0,10.0,0.0,3.0,https://www.cian.ru/sale/flat/300608374/,1350000.0,Средний,Вторичка
23000000.0,ЮАО,33.0,4.0,5.0,0.0,1.0,https://www.cian.ru/sale/flat/300608412/,696969.7,Средний,Вторичка
11100000.0,САО,47.0,8.0,9.0,0.0,2.0,https://www.cian.ru/sale/flat/300609062/,236170.21,Средний,Вторичка
46500000.0,СЗАО,70.0,3.0,24.0,0.0,2.0,https://www.cian.ru/sale/flat/300610100/,664285.71,Средний,Вторичка
27900000.0,СВАО,120.0,23.0,24.0,0.0,4.0,https://www.cian.ru/sale/flat/300610236/,232500.0,Средний,Вторичка
16200000.0,ЗАО,38.6,7.0,21.0,1.0,1.0,https://www.cian.ru/sale/flat/300610242/,419689.12,Средний,Новостройка
14700000.0,ЮАО,45.0,9.0,9.0,0.0,2.0,https://www.cian.ru/sale/flat/300610779/,326666.67,Последний,Вторичка
50266949.0,СВАО,104.6,21.0,22.0,1.0,3.0,https://www.cian.ru/sale/flat/300611005/,480563.57,Средний,Новостройка
30000000.0,ЗАО,66.9,5.0,14.0,1.0,3.0,https://www.cian.ru/sale/flat/300611466/,448430.49,Средний,Новостройка
12150000.0,ВАО,42.0,5.0,8.0,0.0,2.0,https://www.cian.ru/sale/flat/300611842/,289285.71,Средний,Вторичка
13590000.0,ЗАО,34.6,5.0,12.0,0.0,1.0,https://www.cian.ru/sale/flat/300611928/,392774.57,Средний,Вторичка
47000000.0,ЗАО,144.0,19.0,27.0,0.0,4.0,https://www.cian.ru/sale/flat/300612059/,326388.89,Средний,Вторичка
41000000.0,ЦАО,94.3,4.0,4.0,0.0,4.0,https://www.cian.ru/sale/flat/300612898/,434782.61,Последний,Вторичка
357000000.0,ЦАО,179.0,6.0,16.0,0.0,2.0,https://www.cian.ru/sale/flat/300613267/,1994413.41,Средний,Вторичка
41500000.0,СЗАО,77.5,15.0,36.0,0.0,3.0,https://www.cian.ru/sale/flat/300613814/,535483.87,Средний,Вторичка
42100000.0,ЗАО,79.3,7.0,21.0,0.0,2.0,https://www.cian.ru/sale/flat/300614137/,530895.33,Средний,Вторичка
25679385.0,ЗАО,90.4,25.0,25.0,1.0,3.0,https://www.cian.ru/sale/flat/300614602/,284063.99,Последний,Новостройка
22301836.0,ЗАО,77.8,25.0,25.0,1.0,3.0,https://www.cian.ru/sale/flat/300614603/,286655.99,Последний,Новостройка
23711231.0,ЗАО,86.0,9.0,25.0,1.0,3.0,https://www.cian.ru/sale/flat/300614604/,275711.99,Средний,Новостройка
14180992.0,ЗАО,47.6,3.0,25.0,1.0,2.0,https://www.cian.ru/sale/flat/300614605/,297920.0,Средний,Новостройка
140000000.0,ЦАО,99.0,4.0,21.0,0.0,3.0,https://www.cian.ru/sale/flat/300615233/,1414141.41,Средний,Вторичка
14250000.0,СЗАО,43.0,20.0,20.0,0.0,1.0,https://www.cian.ru/sale/flat/300615394/,331395.35,Последний,Вторичка
18100000.0,ЮАО,49.4,15.0,22.0,0.0,2.0,https://www.cian.ru/sale/flat/300615971/,366396.76,Средний,Вторичка
11689000.0,ЮАО,31.8,1.0,9.0,0.0,1.0,https://www.cian.ru/sale/flat/300615994/,367578.62,Первый,Вторичка
11300000.0,ЮАО,50.4,7.0,16.0,0.0,2.0,https://www.cian.ru/sale/flat/300616262/,224206.35,Средний,Вторичка
117000000.0,ЦАО,163.5,6.0,6.0,0.0,4.0,https://www.cian.ru/sale/flat/300616273/,715596.33,Последний,Вторичка
13500000.0,ЗАО,38.2,2.0,9.0,0.0,1.0,https://www.cian.ru/sale/flat/300616358/,353403.14,Средний,Вторичка
28000000.0,ЮВАО,100.0,3.0,17.0,0.0,4.0,https://www.cian.ru/sale/flat/300616387/,280000.0,Средний,Вторичка
13350000.0,СВАО,64.6,9.0,9.0,0.0,4.0,https://www.cian.ru/sale/flat/300617076/,206656.35,Последний,Вторичка
10500000.0,САО,30.5,2.0,5.0,0.0,1.0,https://www.cian.ru/sale/flat/300617206/,344262.3,Средний,Вторичка
15900000.0,САО,47.0,11.0,33.0,0.0,2.0,https://www.cian.ru/sale/flat/300617244/,338297.87,Средний,Вторичка
28500000.0,ЗАО,44.0,14.0,28.0,0.0,2.0,https://www.cian.ru/sale/flat/300617338/,647727.27,Средний,Вторичка
41990000.0,САО,56.9,39.0,41.0,0.0,2.0,https://www.cian.ru/sale/flat/300618922/,737961.34,Средний,Вторичка
12400000.0,САО,32.7,4.0,9.0,0.0,1.0,https://www.cian.ru/sale/flat/300619103/,379204.89,Средний,Вторичка
10900000.0,САО,34.9,9.0,9.0,0.0,2.0,https://www.cian.ru/sale/flat/300619659/,312320.92,Последний,Вторичка
24600000.0,ЦАО,44.3,6.0,9.0,0.0,2.0,https://www.cian.ru/sale/flat/300620282/,555304.74,Средний,Вторичка
19999999.0,ЮАО,54.0,8.0,26.0,1.0,1.0,https://www.cian.ru/sale/flat/300620700/,370370.35,Средний,Новостройка
115000000.0,ЦАО,160.0,5.0,6.0,0.0,4.0,https://www.cian.ru/sale/flat/300620703/,718750.0,Средний,Вторичка
16000000.0,ЮВАО,45.0,4.0,9.0,0.0,2.0,https://www.cian.ru/sale/flat/300621745/,355555.56,Средний,Вторичка
12000000.0,ЮАО,46.0,1.0,9.0,0.0,2.0,https://www.cian.ru/sale/flat/300622194/,260869.57,Первый,Вторичка
17250000.0,ЗАО,36.2,5.0,27.0,0.0,1.0,https://www.cian.ru/sale/flat/300622309/,476519.34,Средний,Вторичка
15950000.0,ЮВАО,49.7,3.0,8.0,0.0,1.0,https://www.cian.ru/sale/flat/300622311/,320925.55,Средний,Вторичка
26700000.0,САО,103.3,20.0,22.0,0.0,4.0,https://www.cian.ru/sale/flat/300622410/,258470.47,Средний,Вторичка
20500000.0,ЮЗАО,57.8,3.0,25.0,0.0,2.0,https://www.cian.ru/sale/flat/300622649/,354671.28,Средний,Вторичка
13450000.0,СВАО,36.2,6.0,16.0,0.0,1.0,https://www.cian.ru/sale/flat/300622955/,371546.96,Средний,Вторичка
34700000.0,ЦАО,94.8,4.0,5.0,0.0,4.0,https://www.cian.ru/sale/flat/300633273/,366033.76,Средний,Вторичка
10300000.0,САО,44.4,1.0,9.0,0.0,2.0,https://www.cian.ru/sale/flat/300633462/,231981.98,Первый,Вторичка
14850000.0,ВАО,55.0,5.0,17.0,0.0,2.0,https://www.cian.ru/sale/flat/300634689/,270000.0,Средний,Вторичка
10490000.0,ЮАО,32.7,2.0,12.0,0.0,1.0,https://www.cian.ru/sale/flat/300635008/,320795.11,Средний,Вторичка
31900000.0,ЗАО,54.0,5.0,10.0,0.0,2.0,https://www.cian.ru/sale/flat/300635638/,590740.74,Средний,Вторичка
8290000.0,САО,34.3,8.0,12.0,0.0,1.0,https://www.cian.ru/sale/flat/300639142/,241690.96,Средний,Вторичка
33900000.0,ЦАО,42.0,2.0,5.0,0.0,2.0,https://www.cian.ru/sale/flat/300639293/,807142.86,Средний,Вторичка
18200000.0,ЮАО,112.1,11.0,22.0,0.0,4.0,https://www.cian.ru/sale/flat/300640200/,162355.04,Средний,Вторичка
18200000.0,ВАО,58.8,16.0,24.0,0.0,2.0,https://www.cian.ru/sale/flat/300640451/,309523.81,Средний,Вторичка
13100000.0,ЮАО,40.0,11.0,30.0,0.0,1.0,https://www.cian.ru/sale/flat/300640655/,327500.0,Средний,Вторичка
40000000.0,ЗАО,77.0,10.0,25.0,0.0,3.0,https://www.cian.ru/sale/flat/300640749/,519480.52,Средний,Вторичка
19000000.0,ЦАО,47.0,5.0,6.0,0.0,3.0,https://www.cian.ru/sale/flat/300640756/,404255.32,Средний,Вторичка
11600000.0,ЮВАО,45.0,8.0,9.0,0.0,2.0,https://www.cian.ru/sale/flat/300640759/,257777.78,Средний,Вторичка
32500000.0,САО,87.9,2.0,34.0,0.0,2.0,https://www.cian.ru/sale/flat/300643127/,369738.34,Средний,Вторичка
32500000.0,СЗАО,52.0,30.0,58.0,0.0,3.0,https://www.cian.ru/sale/flat/300643505/,625000.0,Средний,Вторичка
8200000.0,САО,35.7,4.0,4.0,0.0,1.0,https://www.cian.ru/sale/flat/300644356/,229691.88,Последний,Вторичка
17900000.0,ЮАО,112.1,13.0,24.0,0.0,4.0,https://www.cian.ru/sale/flat/300645791/,159678.86,Средний,Вторичка
32000000.0,САО,111.8,2.0,6.0,0.0,3.0,https://www.cian.ru/sale/flat/300646119/,286225.4,Средний,Вторичка
10390000.0,САО,27.0,5.0,8.0,0.0,1.0,https://www.cian.ru/sale/flat/300646975/,384814.81,Средний,Вторичка
25500000.0,ЗАО,44.1,1.0,14.0,0.0,1.0,https://www.cian.ru/sale/flat/300647525/,578231.29,Первый,Вторичка
37990000.0,ЗАО,67.0,9.0,14.0,0.0,3.0,https://www.cian.ru/sale/flat/300647527/,567014.93,Средний,Вторичка
13000000.0,ЮАО,38.7,4.0,12.0,0.0,1.0,https://www.cian.ru/sale/flat/300647536/,335917.31,Средний,Вторичка
41741000.0,СВАО,67.0,3.0,34.0,1.0,2.0,https://www.cian.ru/sale/flat/300648031/,623000.0,Средний,Новостройка
17700000.0,ЮЗАО,51.1,12.0,12.0,0.0,2.0,https://www.cian.ru/sale/flat/300649339/,346379.65,Последний,Вторичка
180000000.0,ЦАО,159.0,13.0,13.0,0.0,3.0,https://www.cian.ru/sale/flat/300650050/,1132075.47,Последний,Вторичка
355075420.0,ЦАО,171.9,2.0,5.0,0.0,4.0,https://www.cian.ru/sale/flat/300650054/,2065592.9,Средний,Вторичка
180000000.0,ЦАО,180.0,12.0,13.0,0.0,3.0,https://www.cian.ru/sale/flat/300650152/,1000000.0,Средний,Вторичка
229500000.0,ЦАО,153.0,4.0,13.0,0.0,3.0,https://www.cian.ru/sale/flat/300650821/,1500000.0,Средний,Вторичка
229400000.0,ЦАО,153.0,6.0,13.0,0.0,4.0,https://www.cian.ru/sale/flat/300650827/,1499346.41,Средний,Вторичка
160000000.0,ЦАО,114.99,7.0,11.0,0.0,3.0,https://www.cian.ru/sale/flat/300650829/,1391425.34,Средний,Вторичка
119000000.0,ЦАО,113.91,11.0,12.0,0.0,2.0,https://www.cian.ru/sale/flat/300650832/,1044684.4,Средний,Вторичка
204999000.0,ЦАО,184.3,4.0,12.0,0.0,4.0,https://www.cian.ru/sale/flat/300650836/,1112311.45,Средний,Вторичка
154000000.0,ЦАО,138.1,4.0,14.0,0.0,3.0,https://www.cian.ru/sale/flat/300650842/,1115133.96,Средний,Вторичка
15700000.0,ЗАО,26.9,8.0,14.0,0.0,1.0,https://www.cian.ru/sale/flat/300650861/,583643.12,Средний,Вторичка
513924950.0,ЦАО,303.0,11.0,11.0,0.0,4.0,https://www.cian.ru/sale/flat/300650863/,1696121.95,Последний,Вторичка
126890000.0,ЦАО,118.71,3.0,11.0,0.0,3.0,https://www.cian.ru/sale/flat/300650864/,1068907.42,Средний,Вторичка
63000000.0,ЦАО,53.31,10.0,21.0,0.0,2.0,https://www.cian.ru/sale/flat/300650870/,1181767.02,Средний,Вторичка
61000000.0,ЦАО,58.54,3.0,15.0,0.0,2.0,https://www.cian.ru/sale/flat/300650872/,1042022.55,Средний,Вторичка
52000000.0,ЦАО,51.0,3.0,21.0,0.0,2.0,https://www.cian.ru/sale/flat/300650875/,1019607.84,Средний,Вторичка
131000000.0,ЦАО,114.0,6.0,21.0,0.0,3.0,https://www.cian.ru/sale/flat/300650885/,1149122.81,Средний,Вторичка
46899000.0,ЗАО,72.9,11.0,12.0,0.0,3.0,https://www.cian.ru/sale/flat/300650911/,643333.33,Средний,Вторичка
17100000.0,ЮЗАО,64.1,3.0,9.0,0.0,4.0,https://www.cian.ru/sale/flat/300651025/,266770.67,Средний,Вторичка
15900000.0,САО,55.1,1.0,5.0,0.0,3.0,https://www.cian.ru/sale/flat/300651633/,288566.24,Первый,Вторичка
28000000.0,СЗАО,76.0,3.0,16.0,0.0,3.0,https://www.cian.ru/sale/flat/300651657/,368421.05,Средний,Вторичка
29350000.0,СЗАО,79.73,3.0,8.0,1.0,2.0,https://www.cian.ru/sale/flat/300651675/,368117.4,Средний,Новостройка
40000000.0,ЦАО,55.7,8.0,9.0,0.0,2.0,https://www.cian.ru/sale/flat/300652339/,718132.85,Средний,Вторичка
9000000.0,ВАО,28.7,5.0,5.0,0.0,1.0,https://www.cian.ru/sale/flat/300652846/,313588.85,Последний,Вторичка
39990000.0,ЦАО,66.5,2.0,7.0,0.0,2.0,https://www.cian.ru/sale/flat/300653804/,601353.38,Средний,Вторичка
13500000.0,САО,39.0,10.0,12.0,0.0,2.0,https://www.cian.ru/sale/flat/300653839/,346153.85,Средний,Вторичка
40000000.0,СВАО,128.0,8.0,59.0,0.0,3.0,https://www.cian.ru/sale/flat/300653895/,312500.0,Средний,Вторичка
14000000.0,ЮВАО,58.6,19.0,25.0,0.0,2.0,https://www.cian.ru/sale/flat/300654085/,238907.85,Средний,Вторичка
8300000.0,ЮВАО,37.5,6.0,17.0,0.0,1.0,https://www.cian.ru/sale/flat/300654476/,221333.33,Средний,Вторичка
19300000.0,ВАО,57.0,3.0,6.0,0.0,2.0,https://www.cian.ru/sale/flat/300654584/,338596.49,Средний,Вторичка
13900000.0,ЮАО,84.0,2.0,22.0,0.0,3.0,https://www.cian.ru/sale/flat/300655380/,165476.19,Средний,Вторичка
17500000.0,СЗАО,42.6,17.0,25.0,1.0,1.0,https://www.cian.ru/sale/flat/300655983/,410798.12,Средний,Новостройка
32400000.0,ЦАО,112.0,11.0,12.0,0.0,4.0,https://www.cian.ru/sale/flat/300656284/,289285.71,Средний,Вторичка
32400000.0,ЦАО,112.0,10.0,12.0,0.0,4.0,https://www.cian.ru/sale/flat/300656306/,289285.71,Средний,Вторичка
10200000.0,САО,41.8,5.0,14.0,1.0,2.0,https://www.cian.ru/sale/flat/300657098/,244019.14,Средний,Новостройка
65000000.0,ЦАО,120.0,5.0,12.0,0.0,4.0,https://www.cian.ru/sale/flat/300657224/,541666.67,Средний,Вторичка
78000000.0,ЦАО,127.0,6.0,7.0,0.0,4.0,https://www.cian.ru/sale/flat/300657331/,614173.23,Средний,Вторичка
17290000.0,СЗАО,31.7,19.0,33.0,0.0,1.0,https://www.cian.ru/sale/flat/300658108/,545425.87,Средний,Вторичка
37500000.0,ЮЗАО,93.4,5.0,22.0,0.0,2.0,https://www.cian.ru/sale/flat/300658528/,401498.93,Средний,Вторичка
34000000.0,ЦАО,100.0,28.0,36.0,0.0,4.0,https://www.cian.ru/sale/flat/300658821/,340000.0,Средний,Вторичка
10100000.0,САО,35.5,10.0,12.0,0.0,1.0,https://www.cian.ru/sale/flat/300659821/,284507.04,Средний,Вторичка
15500000.0,ВАО,52.0,8.0,12.0,0.0,2.0,https://www.cian.ru/sale/flat/300659824/,298076.92,Средний,Вторичка
35900000.0,ЗАО,46.2,9.0,15.0,0.0,2.0,https://www.cian.ru/sale/flat/300660152/,777056.28,Средний,Вторичка
44000000.0,ЦАО,53.6,28.0,29.0,0.0,2.0,https://www.cian.ru/sale/flat/300660827/,820895.52,Средний,Вторичка
14390000.0,ЮАО,38.2,6.0,9.0,0.0,1.0,https://www.cian.ru/sale/flat/300660959/,376701.57,Средний,Вторичка
52000000.0,ЦАО,51.0,3.0,20.0,0.0,2.0,https://www.cian.ru/sale/flat/300661218/,1019607.84,Средний,Вторичка
32900000.0,ЗАО,86.5,20.0,39.0,0.0,3.0,https://www.cian.ru/sale/flat/300661643/,380346.82,Средний,Вторичка
64700000.0,ЗАО,120.0,18.0,24.0,0.0,4.0,https://www.cian.ru/sale/flat/300661681/,539166.67,Средний,Вторичка
11100000.0,САО,47.0,8.0,9.0,0.0,2.0,https://www.cian.ru/sale/flat/300661792/,236170.21,Средний,Вторичка
34500000.0,ЗАО,57.0,6.0,8.0,0.0,2.0,https://www.cian.ru/sale/flat/300661833/,605263.16,Средний,Вторичка
27499900.0,ЮАО,57.7,8.0,46.0,0.0,2.0,https://www.cian.ru/sale/flat/300662395/,476601.39,Средний,Вторичка
43950000.0,ЮАО,95.4,28.0,46.0,0.0,4.0,https://www.cian.ru/sale/flat/300662400/,460691.82,Средний,Вторичка
55000000.0,ЮАО,110.0,36.0,46.0,0.0,4.0,https://www.cian.ru/sale/flat/300662405/,500000.0,Средний,Вторичка
20500000.0,ЗАО,46.3,22.0,31.0,0.0,2.0,https://www.cian.ru/sale/flat/300662643/,442764.58,Средний,Вторичка
23500000.0,СЗАО,43.1,22.0,41.0,0.0,2.0,https://www.cian.ru/sale/flat/300663253/,545243.62,Средний,Вторичка
13990000.0,СВАО,35.0,3.0,9.0,0.0,2.0,https://www.cian.ru/sale/flat/300663312/,399714.29,Средний,Вторичка
50000000.0,ЗАО,109.2,32.0,39.0,0.0,4.0,https://www.cian.ru/sale/flat/300664215/,457875.46,Средний,Вторичка
17500000.0,СЗАО,42.9,14.0,47.0,0.0,1.0,https://www.cian.ru/sale/flat/300664236/,407925.41,Средний,Вторичка
44000000.0,САО,92.0,41.0,59.0,0.0,4.0,https://www.cian.ru/sale/flat/300664263/,478260.87,Средний,Вторичка
24400000.0,СВАО,85.7,8.0,13.0,0.0,4.0,https://www.cian.ru/sale/flat/300664536/,284714.12,Средний,Вторичка
13990000.0,ЗАО,36.0,9.0,9.0,0.0,1.0,https://www.cian.ru/sale/flat/300664967/,388611.11,Последний,Вторичка
15800000.0,ЮАО,43.0,3.0,35.0,1.0,1.0,https://www.cian.ru/sale/flat/300666380/,367441.86,Средний,Новостройка
32000000.0,ЮАО,85.0,8.0,8.0,0.0,3.0,https://www.cian.ru/sale/flat/300666401/,376470.59,Последний,Вторичка
16490000.0,СВАО,42.3,5.0,9.0,0.0,2.0,https://www.cian.ru/sale/flat/300666704/,389834.52,Средний,Вторичка
16000000.0,ЗАО,47.4,19.0,25.0,0.0,1.0,https://www.cian.ru/sale/flat/300667031/,337552.74,Средний,Вторичка
87500000.0,ЮЗАО,115.4,38.0,40.0,0.0,2.0,https://www.cian.ru/sale/flat/300667260/,758232.24,Средний,Вторичка
23000000.0,ЮВАО,99.0,3.0,5.0,0.0,4.0,https://www.cian.ru/sale/flat/300667955/,232323.23,Средний,Вторичка
32900000.0,ЮВАО,88.9,6.0,9.0,0.0,3.0,https://www.cian.ru/sale/flat/300668328/,370078.74,Средний,Вторичка
56000000.0,САО,111.0,4.0,17.0,0.0,3.0,https://www.cian.ru/sale/flat/300669448/,504504.5,Средний,Вторичка
111800000.0,ЦАО,157.0,4.0,9.0,0.0,3.0,https://www.cian.ru/sale/flat/300669758/,712101.91,Средний,Вторичка
12500000.0,САО,49.0,9.0,9.0,0.0,3.0,https://www.cian.ru/sale/flat/300669759/,255102.04,Последний,Вторичка
11800000.0,ЮАО,33.1,9.0,22.0,0.0,1.0,https://www.cian.ru/sale/flat/300669958/,356495.47,Средний,Вторичка
13700000.0,ЮВАО,28.0,11.0,29.0,0.0,1.0,https://www.cian.ru/sale/flat/300670002/,489285.71,Средний,Вторичка
46500000.0,САО,74.7,4.0,37.0,0.0,2.0,https://www.cian.ru/sale/flat/300670564/,622489.96,Средний,Вторичка
9700000.0,СЗАО,30.0,4.0,5.0,0.0,1.0,https://www.cian.ru/sale/flat/300670685/,323333.33,Средний,Вторичка
12500000.0,СЗАО,35.9,7.0,9.0,0.0,1.0,https://www.cian.ru/sale/flat/300670903/,348189.42,Средний,Вторичка
34434514.0,ЮАО,68.1,4.0,6.0,1.0,2.0,https://www.cian.ru/sale/flat/300672487/,505646.31,Средний,Новостройка
25616800.0,ЮЗАО,41.0,22.0,42.0,1.0,2.0,https://www.cian.ru/sale/flat/300672629/,624800.0,Средний,Новостройка
27984400.0,ЮЗАО,43.0,35.0,42.0,1.0,2.0,https://www.cian.ru/sale/flat/300672653/,650800.0,Средний,Новостройка
28657590.0,ЮЗАО,59.1,27.0,34.0,1.0,2.0,https://www.cian.ru/sale/flat/300673465/,484900.0,Средний,Новостройка
31437720.0,ЮЗАО,62.6,32.0,34.0,1.0,2.0,https://www.cian.ru/sale/flat/300673469/,502200.0,Средний,Новостройка
23647219.0,СВАО,91.9,2.0,33.0,1.0,3.0,https://www.cian.ru/sale/flat/300673589/,257314.68,Средний,Новостройка
32000000.0,ЗАО,72.0,3.0,28.0,0.0,2.0,https://www.cian.ru/sale/flat/300676856/,444444.44,Средний,Вторичка
26000000.0,ЮАО,40.0,13.0,29.0,0.0,1.0,https://www.cian.ru/sale/flat/300678338/,650000.0,Средний,Вторичка
19921381.0,ЗАО,55.8,1.0,17.0,1.0,1.0,https://www.cian.ru/sale/flat/300679182/,357014.0,Первый,Новостройка
16409423.0,ЗАО,31.9,33.0,33.0,1.0,1.0,https://www.cian.ru/sale/flat/300679186/,514401.97,Последний,Новостройка
17451252.0,ЗАО,39.0,1.0,33.0,1.0,1.0,https://www.cian.ru/sale/flat/300679189/,447468.0,Первый,Новостройка
19027591.0,ЗАО,43.7,31.0,33.0,1.0,1.0,https://www.cian.ru/sale/flat/300679191/,435413.98,Средний,Новостройка
24773733.0,ЗАО,72.6,26.0,33.0,1.0,3.0,https://www.cian.ru/sale/flat/300679223/,341235.99,Средний,Новостройка
15607088.0,ЗАО,34.0,21.0,33.0,1.0,1.0,https://www.cian.ru/sale/flat/300679252/,459032.0,Средний,Новостройка
19468778.0,ЗАО,51.4,4.0,33.0,1.0,2.0,https://www.cian.ru/sale/flat/300679261/,378770.0,Средний,Новостройка
19764973.0,ЗАО,51.9,6.0,33.0,1.0,2.0,https://www.cian.ru/sale/flat/300679268/,380828.0,Средний,Новостройка
27004194.0,ЗАО,76.5,30.0,34.0,1.0,3.0,https://www.cian.ru/sale/flat/300679291/,352996.0,Средний,Новостройка
21809958.0,ЗАО,52.6,11.0,34.0,1.0,2.0,https://www.cian.ru/sale/flat/300679303/,414637.98,Средний,Новостройка
18972800.0,ЗАО,44.0,9.0,34.0,1.0,1.0,https://www.cian.ru/sale/flat/300679308/,431200.0,Средний,Новостройка
16299752.0,ЗАО,34.4,33.0,34.0,1.0,1.0,https://www.cian.ru/sale/flat/300679311/,473830.0,Средний,Новостройка
16372174.0,ЗАО,36.2,27.0,34.0,1.0,1.0,https://www.cian.ru/sale/flat/300679318/,452270.0,Средний,Новостройка
26391850.0,ЗАО,73.4,33.0,34.0,1.0,3.0,https://www.cian.ru/sale/flat/300679320/,359561.99,Средний,Новостройка
15956781.0,ЗАО,32.3,33.0,34.0,1.0,1.0,https://www.cian.ru/sale/flat/300679325/,494017.99,Средний,Новостройка
18082940.0,ЗАО,41.4,32.0,34.0,1.0,1.0,https://www.cian.ru/sale/flat/300679329/,436785.99,Средний,Новостройка
26051947.0,ЗАО,59.9,32.0,33.0,1.0,2.0,https://www.cian.ru/sale/flat/300679341/,434923.99,Средний,Новостройка
21600630.0,ЗАО,50.3,33.0,33.0,1.0,2.0,https://www.cian.ru/sale/flat/300679347/,429435.98,Последний,Новостройка
19882837.0,ЗАО,48.9,29.0,33.0,1.0,2.0,https://www.cian.ru/sale/flat/300679360/,406601.98,Средний,Новостройка
16240942.0,ЗАО,37.3,6.0,33.0,1.0,1.0,https://www.cian.ru/sale/flat/300679399/,435413.99,Средний,Новостройка
18085704.0,ЗАО,42.0,3.0,33.0,1.0,1.0,https://www.cian.ru/sale/flat/300679407/,430612.0,Средний,Новостройка
22233103.0,ЗАО,61.2,7.0,33.0,1.0,2.0,https://www.cian.ru/sale/flat/300679410/,363286.0,Средний,Новостройка
22224665.0,ЗАО,52.9,21.0,33.0,1.0,2.0,https://www.cian.ru/sale/flat/300679426/,420125.99,Средний,Новостройка
17830120.0,ЗАО,44.0,19.0,33.0,1.0,1.0,https://www.cian.ru/sale/flat/300679431/,405230.0,Средний,Новостройка
29229156.0,ЗАО,76.3,26.0,33.0,1.0,3.0,https://www.cian.ru/sale/flat/300679432/,383081.99,Средний,Новостройка
17098187.0,ЗАО,36.1,30.0,33.0,1.0,1.0,https://www.cian.ru/sale/flat/300679453/,473633.99,Средний,Новостройка
20607312.0,ЗАО,51.3,25.0,33.0,1.0,2.0,https://www.cian.ru/sale/flat/300679483/,401701.99,Средний,Новостройка
27738753.0,ЗАО,73.5,23.0,33.0,1.0,3.0,https://www.cian.ru/sale/flat/300679491/,377398.0,Средний,Новостройка
20018048.0,ЗАО,48.6,27.0,33.0,1.0,2.0,https://www.cian.ru/sale/flat/300679492/,411893.99,Средний,Новостройка
15338234.0,ЗАО,32.6,31.0,33.0,1.0,1.0,https://www.cian.ru/sale/flat/300679495/,470497.98,Средний,Новостройка
28498400.0,ЗАО,72.7,32.0,33.0,1.0,3.0,https://www.cian.ru/sale/flat/300679627/,392000.0,Средний,Новостройка
20754949.0,ЗАО,50.8,2.0,33.0,1.0,2.0,https://www.cian.ru/sale/flat/300679635/,408561.99,Средний,Новостройка
15269184.0,ЗАО,32.0,2.0,33.0,1.0,1.0,https://www.cian.ru/sale/flat/300679647/,477162.0,Средний,Новостройка
15392669.0,ЮВАО,45.8,13.0,23.0,1.0,1.0,https://www.cian.ru/sale/flat/300680003/,336084.48,Средний,Новостройка
14077381.0,ЮВАО,36.8,14.0,23.0,1.0,1.0,https://www.cian.ru/sale/flat/300680004/,382537.53,Средний,Новостройка
13561530.0,ЮВАО,35.3,18.0,23.0,1.0,1.0,https://www.cian.ru/sale/flat/300680033/,384179.32,Средний,Новостройка
18000000.0,ЮАО,40.3,3.0,9.0,1.0,1.0,https://www.cian.ru/sale/flat/300680273/,446650.12,Средний,Новостройка
23899990.0,СЗАО,75.0,9.0,16.0,0.0,3.0,https://www.cian.ru/sale/flat/300681396/,318666.53,Средний,Вторичка
40000000.0,ЗАО,91.7,23.0,28.0,0.0,3.0,https://www.cian.ru/sale/flat/300681399/,436205.02,Средний,Вторичка
78000000.0,ЗАО,135.4,2.0,17.0,0.0,3.0,https://www.cian.ru/sale/flat/300682264/,576070.9,Средний,Вторичка
24450000.0,САО,65.0,2.0,9.0,0.0,2.0,https://www.cian.ru/sale/flat/300682308/,376153.85,Средний,Вторичка
59000000.0,ЗАО,91.1,4.0,14.0,0.0,4.0,https://www.cian.ru/sale/flat/300682749/,647639.96,Средний,Вторичка
12900000.0,ЮЗАО,50.0,3.0,9.0,0.0,3.0,https://www.cian.ru/sale/flat/300683250/,258000.0,Средний,Вторичка
10900000.0,ЮАО,63.25,2.0,22.0,0.0,2.0,https://www.cian.ru/sale/flat/300683447/,172332.02,Средний,Вторичка
16100000.0,ЦАО,47.2,8.0,12.0,0.0,2.0,https://www.cian.ru/sale/flat/300684401/,341101.69,Средний,Вторичка
11490000.0,ЮАО,58.0,5.0,9.0,0.0,3.0,https://www.cian.ru/sale/flat/300684591/,198103.45,Средний,Вторичка
14800000.0,СВАО,46.0,5.0,12.0,0.0,2.0,https://www.cian.ru/sale/flat/300684694/,321739.13,Средний,Вторичка
78950000.0,ЗАО,91.1,3.0,13.0,0.0,4.0,https://www.cian.ru/sale/flat/300684789/,866630.08,Средний,Вторичка
21900000.0,СЗАО,41.4,7.0,22.0,0.0,1.0,https://www.cian.ru/sale/flat/300685195/,528985.51,Средний,Вторичка
60500000.0,ЮАО,115.0,4.0,16.0,0.0,4.0,https://www.cian.ru/sale/flat/300685418/,526086.96,Средний,Вторичка
34000000.0,ЗАО,68.0,21.0,21.0,1.0,2.0,https://www.cian.ru/sale/flat/300685589/,500000.0,Последний,Новостройка
14500000.0,ЗАО,37.6,8.0,17.0,0.0,1.0,https://www.cian.ru/sale/flat/300685886/,385638.3,Средний,Вторичка
13500000.0,ЮВАО,74.0,1.0,14.0,0.0,4.0,https://www.cian.ru/sale/flat/300686900/,182432.43,Первый,Вторичка
67500000.0,ЮЗАО,204.2,3.0,18.0,0.0,4.0,https://www.cian.ru/sale/flat/300687422/,330558.28,Средний,Вторичка
20398240.0,ВАО,55.43,19.0,29.0,1.0,2.0,https://www.cian.ru/sale/flat/300687592/,368000.0,Средний,Новостройка
23550000.0,СЗАО,52.0,6.0,52.0,0.0,2.0,https://www.cian.ru/sale/flat/300688271/,452884.62,Средний,Вторичка
150000000.0,ЮАО,124.1,5.0,9.0,0.0,4.0,https://www.cian.ru/sale/flat/300688370/,1208702.66,Средний,Вторичка
54023883.0,СЗАО,86.54,2.0,32.0,1.0,4.0,https://www.cian.ru/sale/flat/300689261/,624264.88,Средний,Новостройка
77500000.0,ЮЗАО,195.3,3.0,18.0,0.0,4.0,https://www.cian.ru/sale/flat/300690285/,396825.4,Средний,Вторичка
12500000.0,ВАО,34.0,1.0,13.0,0.0,1.0,https://www.cian.ru/sale/flat/300691248/,367647.06,Первый,Вторичка
15199980.0,ЗАО,49.7,3.0,9.0,0.0,2.0,https://www.cian.ru/sale/flat/300691649/,305834.61,Средний,Вторичка
14500000.0,ВАО,39.5,2.0,14.0,0.0,1.0,https://www.cian.ru/sale/flat/300691701/,367088.61,Средний,Вторичка
120000000.0,ЦАО,116.78,5.0,21.0,0.0,3.0,https://www.cian.ru/sale/flat/300691853/,1027573.21,Средний,Вторичка
8700000.0,СЗАО,31.8,2.0,4.0,0.0,1.0,https://www.cian.ru/sale/flat/300691951/,273584.91,Средний,Вторичка
10900000.0,СЗАО,33.6,1.0,14.0,0.0,1.0,https://www.cian.ru/sale/flat/300692309/,324404.76,Первый,Вторичка
37000000.0,САО,60.0,13.0,24.0,0.0,2.0,https://www.cian.ru/sale/flat/300692511/,616666.67,Средний,Вторичка
180000000.0,ЦАО,159.0,13.0,14.0,0.0,3.0,https://www.cian.ru/sale/flat/300693443/,1132075.47,Средний,Вторичка
10500000.0,ВАО,37.5,2.0,17.0,0.0,1.0,https://www.cian.ru/sale/flat/300693446/,280000.0,Средний,Вторичка
26999000.0,СЗАО,57.0,15.0,16.0,0.0,2.0,https://www.cian.ru/sale/flat/300693850/,473666.67,Средний,Вторичка
200000000.0,ЦАО,210.0,4.0,6.0,0.0,3.0,https://www.cian.ru/sale/flat/300694597/,952380.95,Средний,Вторичка
23400000.0,ЦАО,42.0,5.0,14.0,0.0,1.0,https://www.cian.ru/sale/flat/300695623/,557142.86,Средний,Вторичка
42000000.0,ЗАО,77.0,6.0,15.0,0.0,3.0,https://www.cian.ru/sale/flat/300695923/,545454.55,Средний,Вторичка
16900000.0,ВАО,58.5,2.0,23.0,0.0,2.0,https://www.cian.ru/sale/flat/300697220/,288888.89,Средний,Вторичка
120000000.0,ЦАО,119.1,5.0,9.0,0.0,4.0,https://www.cian.ru/sale/flat/300697253/,1007556.68,Средний,Вторичка
23000000.0,ЗАО,56.8,12.0,22.0,0.0,2.0,https://www.cian.ru/sale/flat/300698129/,404929.58,Средний,Вторичка
8290000.0,САО,34.3,8.0,12.0,1.0,1.0,https://www.cian.ru/sale/flat/300698308/,241690.96,Средний,Новостройка
105000000.0,ЦАО,72.0,7.0,13.0,0.0,1.0,https://www.cian.ru/sale/flat/300698636/,1458333.33,Средний,Вторичка
17750000.0,ЮАО,38.9,7.0,20.0,0.0,1.0,https://www.cian.ru/sale/flat/300698867/,456298.2,Средний,Вторичка
23300000.0,ЗАО,40.3,11.0,15.0,0.0,1.0,https://www.cian.ru/sale/flat/300698958/,578163.77,Средний,Вторичка
27000000.0,ЮВАО,105.0,2.0,23.0,0.0,4.0,https://www.cian.ru/sale/flat/300700624/,257142.86,Средний,Вторичка
11090000.0,СВАО,43.0,2.0,5.0,0.0,2.0,https://www.cian.ru/sale/flat/300701493/,257906.98,Средний,Вторичка
33000000.0,СЗАО,67.1,11.0,41.0,0.0,2.0,https://www.cian.ru/sale/flat/300701528/,491803.28,Средний,Вторичка
29200000.0,СЗАО,65.3,36.0,41.0,1.0,2.0,https://www.cian.ru/sale/flat/300702766/,447166.92,Средний,Новостройка
68000000.0,ЗАО,59.2,6.0,12.0,0.0,1.0,https://www.cian.ru/sale/flat/300702934/,1148648.65,Средний,Вторичка
13490000.0,ВАО,38.8,3.0,12.0,0.0,2.0,https://www.cian.ru/sale/flat/300703069/,347680.41,Средний,Вторичка
16000000.0,ЗАО,41.9,19.0,19.0,0.0,1.0,https://www.cian.ru/sale/flat/300703424/,381861.58,Последний,Вторичка
500000000.0,ЦАО,250.0,11.0,13.0,0.0,4.0,https://www.cian.ru/sale/flat/300705211/,2000000.0,Средний,Вторичка
44700000.0,САО,81.9,6.0,12.0,0.0,2.0,https://www.cian.ru/sale/flat/300705607/,545787.55,Средний,Вторичка
11500000.0,ЮЗАО,44.8,9.0,9.0,0.0,2.0,https://www.cian.ru/sale/flat/300706081/,256696.43,Последний,Вторичка
21500000.0,ЮАО,46.0,8.0,22.0,1.0,1.0,https://www.cian.ru/sale/flat/300706259/,467391.3,Средний,Новостройка
28900000.0,ЮАО,61.0,18.0,22.0,1.0,2.0,https://www.cian.ru/sale/flat/300707095/,473770.49,Средний,Новостройка
239900000.0,ЦАО,237.0,5.0,5.0,0.0,4.0,https://www.cian.ru/sale/flat/300707134/,1012236.29,Последний,Вторичка
19990000.0,САО,64.3,3.0,6.0,0.0,2.0,https://www.cian.ru/sale/flat/300707176/,310886.47,Средний,Вторичка
15350000.0,ЗАО,57.0,3.0,5.0,0.0,2.0,https://www.cian.ru/sale/flat/300707466/,269298.25,Средний,Вторичка
230000000.0,ЦАО,149.6,4.0,6.0,0.0,3.0,https://www.cian.ru/sale/flat/300707882/,1537433.16,Средний,Вторичка
10500000.0,ЮАО,35.2,1.0,12.0,0.0,1.0,https://www.cian.ru/sale/flat/300708213/,298295.45,Первый,Вторичка
33500000.0,ЮЗАО,115.2,31.0,33.0,0.0,4.0,https://www.cian.ru/sale/flat/300708541/,290798.61,Средний,Вторичка
13000000.0,СЗАО,55.0,1.0,14.0,0.0,2.0,https://www.cian.ru/sale/flat/300708579/,236363.64,Первый,Вторичка
32200000.0,СЗАО,57.0,3.0,29.0,0.0,2.0,https://www.cian.ru/sale/flat/300709110/,564912.28,Средний,Вторичка
19700000.0,ЗАО,33.0,5.0,9.0,0.0,1.0,https://www.cian.ru/sale/flat/300709125/,596969.7,Средний,Вторичка
11500000.0,САО,50.4,7.0,16.0,0.0,2.0,https://www.cian.ru/sale/flat/300710411/,228174.6,Средний,Вторичка
9900000.0,ЮВАО,35.0,8.0,9.0,0.0,1.0,https://www.cian.ru/sale/flat/300710491/,282857.14,Средний,Вторичка
29000000.0,ЮВАО,70.6,10.0,12.0,0.0,2.0,https://www.cian.ru/sale/flat/300711703/,410764.87,Средний,Вторичка
25380160.0,ЮЗАО,41.6,23.0,42.0,1.0,2.0,https://www.cian.ru/sale/flat/300712642/,610100.0,Средний,Новостройка
29013160.0,ЮЗАО,46.6,37.0,42.0,1.0,2.0,https://www.cian.ru/sale/flat/300712651/,622600.0,Средний,Новостройка
30349669.0,ЮАО,72.4,3.0,24.0,1.0,2.0,https://www.cian.ru/sale/flat/300712697/,419194.32,Средний,Новостройка
36413082.0,ЮАО,59.9,6.0,6.0,1.0,2.0,https://www.cian.ru/sale/flat/300712718/,607897.86,Последний,Новостройка
32900524.0,ЮАО,73.6,5.0,24.0,1.0,2.0,https://www.cian.ru/sale/flat/300712729/,447017.99,Средний,Новостройка
31658683.0,ЮАО,73.2,6.0,24.0,1.0,2.0,https://www.cian.ru/sale/flat/300712731/,432495.67,Средний,Новостройка
30585500.0,ЮЗАО,67.0,32.0,34.0,1.0,2.0,https://www.cian.ru/sale/flat/300713408/,456500.0,Средний,Новостройка
14500000.0,ВАО,65.0,9.0,9.0,0.0,4.0,https://www.cian.ru/sale/flat/300713526/,223076.92,Последний,Вторичка
8200000.0,ЗАО,21.0,3.0,9.0,0.0,1.0,https://www.cian.ru/sale/flat/300717594/,390476.19,Средний,Вторичка
25500000.0,САО,42.0,8.0,9.0,0.0,2.0,https://www.cian.ru/sale/flat/300719607/,607142.86,Средний,Вторичка
20500000.0,СВАО,61.6,2.0,22.0,0.0,3.0,https://www.cian.ru/sale/flat/300720765/,332792.21,Средний,Вторичка
21565260.0,СВАО,65.4,8.0,23.0,0.0,2.0,https://www.cian.ru/sale/flat/300723349/,329744.04,Средний,Вторичка
8150000.0,ЮЗАО,42.0,12.0,17.0,0.0,1.0,https://www.cian.ru/sale/flat/300724047/,194047.62,Средний,Вторичка
18000000.0,САО,61.6,4.0,25.0,0.0,2.0,https://www.cian.ru/sale/flat/300724209/,292207.79,Средний,Вторичка
11100000.0,ЮВАО,51.3,8.0,17.0,0.0,2.0,https://www.cian.ru/sale/flat/300724404/,216374.27,Средний,Вторичка
24192312.0,ЮАО,84.5,33.0,33.0,1.0,3.0,https://www.cian.ru/sale/flat/300725129/,286299.55,Последний,Новостройка
20301398.0,ЮАО,71.6,2.0,33.0,1.0,2.0,https://www.cian.ru/sale/flat/300725137/,283539.08,Средний,Новостройка
13061204.0,ЮАО,35.7,32.0,33.0,1.0,1.0,https://www.cian.ru/sale/flat/300725174/,365860.06,Средний,Новостройка
17028119.0,ЮАО,50.8,19.0,33.0,1.0,2.0,https://www.cian.ru/sale/flat/300725238/,335199.19,Средний,Новостройка
20303991.0,ЮАО,74.7,26.0,33.0,1.0,3.0,https://www.cian.ru/sale/flat/300725246/,271807.11,Средний,Новостройка
13034703.0,ЮАО,37.7,32.0,33.0,1.0,1.0,https://www.cian.ru/sale/flat/300725264/,345748.09,Средний,Новостройка
12872970.0,ЮАО,36.2,27.0,33.0,1.0,1.0,https://www.cian.ru/sale/flat/300725287/,355606.91,Средний,Новостройка
13424195.0,ЮАО,41.4,22.0,23.0,1.0,1.0,https://www.cian.ru/sale/flat/300725318/,324255.92,Средний,Новостройка
21561195.0,ЮАО,75.0,17.0,23.0,1.0,3.0,https://www.cian.ru/sale/flat/300725322/,287482.6,Средний,Новостройка
12128571.0,ЮАО,32.4,22.0,23.0,1.0,1.0,https://www.cian.ru/sale/flat/300725327/,374338.61,Средний,Новостройка
10490000.0,СЗАО,35.0,8.0,9.0,0.0,1.0,https://www.cian.ru/sale/flat/300725362/,299714.29,Средний,Вторичка
14528203.0,ЮАО,44.2,17.0,23.0,1.0,1.0,https://www.cian.ru/sale/flat/300726025/,328692.38,Средний,Новостройка
18065482.0,ЮАО,58.6,23.0,23.0,1.0,2.0,https://www.cian.ru/sale/flat/300726033/,308284.68,Последний,Новостройка
16449514.0,ЮЗАО,81.2,2.0,9.0,1.0,3.0,https://www.cian.ru/sale/flat/300726060/,202580.22,Средний,Новостройка
9015675.0,ЮЗАО,35.5,3.0,9.0,1.0,1.0,https://www.cian.ru/sale/flat/300726097/,253962.68,Средний,Новостройка
39500000.0,ЗАО,85.0,2.0,21.0,0.0,3.0,https://www.cian.ru/sale/flat/300726658/,464705.88,Средний,Вторичка
6500000.0,СВАО,18.0,4.0,12.0,0.0,1.0,https://www.cian.ru/sale/flat/300726839/,361111.11,Средний,Вторичка
10770000.0,ЦАО,14.0,1.0,5.0,0.0,1.0,https://www.cian.ru/sale/flat/300726879/,769285.71,Первый,Вторичка
52000000.0,ЦАО,62.5,3.0,10.0,0.0,3.0,https://www.cian.ru/sale/flat/300727469/,832000.0,Средний,Вторичка
196225890.0,ЦАО,195.1,4.0,7.0,0.0,4.0,https://www.cian.ru/sale/flat/300727627/,1005770.84,Средний,Вторичка
21000000.0,СЗАО,55.7,2.0,19.0,0.0,1.0,https://www.cian.ru/sale/flat/300728418/,377019.75,Средний,Вторичка
30999000.0,ЗАО,56.4,27.0,41.0,1.0,2.0,https://www.cian.ru/sale/flat/300728987/,549627.66,Средний,Новостройка
29000000.0,СВАО,78.8,16.0,22.0,0.0,3.0,https://www.cian.ru/sale/flat/300731032/,368020.3,Средний,Вторичка
47500000.0,ЦАО,52.0,2.0,6.0,0.0,2.0,https://www.cian.ru/sale/flat/300731423/,913461.54,Средний,Вторичка
147000000.0,ЗАО,165.0,2.0,12.0,0.0,4.0,https://www.cian.ru/sale/flat/300731784/,890909.09,Средний,Вторичка
17200000.0,ЗАО,55.3,9.0,16.0,0.0,2.0,https://www.cian.ru/sale/flat/300732744/,311030.74,Средний,Вторичка
10500000.0,СЗАО,40.0,4.0,9.0,0.0,2.0,https://www.cian.ru/sale/flat/300732921/,262500.0,Средний,Вторичка
18500000.0,СВАО,53.1,16.0,17.0,0.0,2.0,https://www.cian.ru/sale/flat/300733343/,348399.25,Средний,Вторичка
18500000.0,ЮВАО,80.1,5.0,12.0,0.0,3.0,https://www.cian.ru/sale/flat/300733347/,230961.3,Средний,Вторичка
29499000.0,ЗАО,54.9,18.0,24.0,0.0,2.0,https://www.cian.ru/sale/flat/300734084/,537322.4,Средний,Вторичка
12450000.0,ЮАО,48.0,5.0,9.0,0.0,2.0,https://www.cian.ru/sale/flat/300734116/,259375.0,Средний,Вторичка
17400000.0,СЗАО,38.0,4.0,9.0,0.0,2.0,https://www.cian.ru/sale/flat/300734140/,457894.74,Средний,Вторичка
94324200.0,ЦАО,65.0,3.0,9.0,0.0,2.0,https://www.cian.ru/sale/flat/300734218/,1451141.54,Средний,Вторичка
45900000.0,ЮЗАО,132.0,5.0,14.0,0.0,4.0,https://www.cian.ru/sale/flat/300734410/,347727.27,Средний,Вторичка
10300000.0,САО,30.0,5.0,5.0,0.0,1.0,https://www.cian.ru/sale/flat/300734523/,343333.33,Последний,Вторичка
18000000.0,СВАО,38.1,7.0,52.0,1.0,1.0,https://www.cian.ru/sale/flat/300734756/,472440.94,Средний,Новостройка
16300000.0,СЗАО,53.9,9.0,17.0,0.0,2.0,https://www.cian.ru/sale/flat/300734770/,302411.87,Средний,Вторичка
84990000.0,ЮЗАО,122.0,5.0,20.0,0.0,3.0,https://www.cian.ru/sale/flat/300736517/,696639.34,Средний,Вторичка
13500000.0,ЮВАО,50.8,7.0,14.0,0.0,2.0,https://www.cian.ru/sale/flat/300737220/,265748.03,Средний,Вторичка
8950000.0,САО,37.4,17.0,17.0,0.0,1.0,https://www.cian.ru/sale/flat/300737992/,239304.81,Последний,Вторичка
22000000.0,ЮАО,50.0,4.0,19.0,0.0,1.0,https://www.cian.ru/sale/flat/300738237/,440000.0,Средний,Вторичка
26800000.0,СЗАО,66.3,6.0,25.0,0.0,3.0,https://www.cian.ru/sale/flat/300738314/,404223.23,Средний,Вторичка
23500000.0,ЦАО,41.0,8.0,17.0,0.0,1.0,https://www.cian.ru/sale/flat/300738679/,573170.73,Средний,Вторичка
17500000.0,ЗАО,38.7,3.0,41.0,0.0,1.0,https://www.cian.ru/sale/flat/300739522/,452196.38,Средний,Вторичка
8200000.0,ЮАО,33.0,1.0,9.0,0.0,1.0,https://www.cian.ru/sale/flat/300740237/,248484.85,Первый,Вторичка
230000000.0,ЦАО,156.0,9.0,11.0,0.0,4.0,https://www.cian.ru/sale/flat/300740379/,1474358.97,Средний,Вторичка
220000000.0,ЦАО,155.0,6.0,9.0,0.0,4.0,https://www.cian.ru/sale/flat/300740705/,1419354.84,Средний,Вторичка
8350000.0,ВАО,35.0,10.0,12.0,0.0,1.0,https://www.cian.ru/sale/flat/300741487/,238571.43,Средний,Вторичка
12000000.0,СВАО,37.4,3.0,12.0,0.0,2.0,https://www.cian.ru/sale/flat/300741529/,320855.61,Средний,Вторичка
24500000.0,ЗАО,64.6,10.0,24.0,1.0,3.0,https://www.cian.ru/sale/flat/300741807/,379256.97,Средний,Новостройка
25500000.0,ЗАО,60.0,20.0,37.0,0.0,2.0,https://www.cian.ru/sale/flat/300742288/,425000.0,Средний,Вторичка
126000000.0,ЦАО,126.0,3.0,7.0,0.0,4.0,https://www.cian.ru/sale/flat/300742307/,1000000.0,Средний,Вторичка
43000000.0,САО,69.0,2.0,5.0,0.0,2.0,https://www.cian.ru/sale/flat/300742961/,623188.41,Средний,Вторичка
28500000.0,ЦАО,76.5,7.0,7.0,0.0,4.0,https://www.cian.ru/sale/flat/300744172/,372549.02,Последний,Вторичка
17350000.0,ЮВАО,57.5,30.0,30.0,0.0,2.0,https://www.cian.ru/sale/flat/300744274/,301739.13,Последний,Вторичка
33000000.0,САО,105.3,20.0,22.0,0.0,4.0,https://www.cian.ru/sale/flat/300744705/,313390.31,Средний,Вторичка
20990000.0,ЦАО,38.0,4.0,7.0,0.0,1.0,https://www.cian.ru/sale/flat/300745064/,552368.42,Средний,Вторичка
64000000.0,ЗАО,125.0,25.0,28.0,0.0,4.0,https://www.cian.ru/sale/flat/300745573/,512000.0,Средний,Вторичка
25800000.0,ВАО,105.0,4.0,8.0,0.0,4.0,https://www.cian.ru/sale/flat/300747040/,245714.29,Средний,Вторичка
36900000.0,ЗАО,60.3,27.0,31.0,0.0,2.0,https://www.cian.ru/sale/flat/300748311/,611940.3,Средний,Вторичка
33000000.0,СЗАО,72.2,4.0,30.0,0.0,3.0,https://www.cian.ru/sale/flat/300748700/,457063.71,Средний,Вторичка
11300000.0,СВАО,41.2,13.0,19.0,0.0,1.0,https://www.cian.ru/sale/flat/300749553/,274271.84,Средний,Вторичка
13300000.0,СЗАО,53.5,1.0,17.0,0.0,2.0,https://www.cian.ru/sale/flat/300749835/,248598.13,Первый,Вторичка
43900000.0,СВАО,102.7,9.0,12.0,1.0,3.0,https://www.cian.ru/sale/flat/300750641/,427458.62,Средний,Новостройка
70000000.0,ЦАО,123.7,9.0,18.0,0.0,3.0,https://www.cian.ru/sale/flat/300751207/,565885.21,Средний,Вторичка
21800000.0,ЮВАО,62.4,17.0,19.0,1.0,2.0,https://www.cian.ru/sale/flat/300752359/,349358.97,Средний,Новостройка
20000000.0,ЮВАО,74.7,3.0,17.0,0.0,3.0,https://www.cian.ru/sale/flat/300752416/,267737.62,Средний,Вторичка
67500000.0,СЗАО,106.1,49.0,58.0,0.0,1.0,https://www.cian.ru/sale/flat/300752525/,636192.27,Средний,Вторичка
236405477.0,ЦАО,169.0,8.0,10.0,0.0,4.0,https://www.cian.ru/sale/flat/300753193/,1398848.98,Средний,Вторичка
95000000.0,ЦАО,165.0,3.0,7.0,0.0,4.0,https://www.cian.ru/sale/flat/300753196/,575757.58,Средний,Вторичка
13000000.0,СЗАО,33.2,9.0,9.0,0.0,2.0,https://www.cian.ru/sale/flat/300753621/,391566.27,Последний,Вторичка
8800000.0,ЮВАО,20.0,8.0,21.0,0.0,1.0,https://www.cian.ru/sale/flat/300753760/,440000.0,Средний,Вторичка
14000000.0,САО,37.1,3.0,9.0,0.0,2.0,https://www.cian.ru/sale/flat/300754029/,377358.49,Средний,Вторичка
108000000.0,ЦАО,108.1,3.0,12.0,0.0,3.0,https://www.cian.ru/sale/flat/300754049/,999074.93,Средний,Вторичка
43000000.0,ЗАО,97.2,14.0,25.0,1.0,4.0,https://www.cian.ru/sale/flat/300754108/,442386.83,Средний,Новостройка
35000000.0,ЗАО,66.0,3.0,8.0,0.0,2.0,https://www.cian.ru/sale/flat/300754226/,530303.03,Средний,Вторичка
10700000.0,ВАО,45.2,4.0,9.0,0.0,2.0,https://www.cian.ru/sale/flat/300754754/,236725.66,Средний,Вторичка
41606500.0,САО,96.2,14.0,25.0,1.0,3.0,https://www.cian.ru/sale/flat/300755280/,432500.0,Средний,Новостройка
29504877.0,САО,86.1,2.0,12.0,0.0,4.0,https://www.cian.ru/sale/flat/300755851/,342681.5,Средний,Вторичка
35378435.0,САО,103.2,4.0,12.0,0.0,3.0,https://www.cian.ru/sale/flat/300755853/,342814.29,Средний,Вторичка
34030297.0,САО,99.4,3.0,12.0,0.0,3.0,https://www.cian.ru/sale/flat/300755855/,342357.11,Средний,Вторичка
9500000.0,ВАО,21.6,33.0,33.0,0.0,1.0,https://www.cian.ru/sale/flat/300756677/,439814.81,Последний,Вторичка
13800000.0,СВАО,38.8,12.0,19.0,0.0,1.0,https://www.cian.ru/sale/flat/300757392/,355670.1,Средний,Вторичка
30997904.0,ЮВАО,67.7,14.0,30.0,0.0,3.0,https://www.cian.ru/sale/flat/300759046/,457871.55,Средний,Вторичка
65500000.0,СЗАО,108.0,16.0,57.0,0.0,4.0,https://www.cian.ru/sale/flat/300759218/,606481.48,Средний,Вторичка
117000000.0,ЦАО,189.1,4.0,19.0,0.0,4.0,https://www.cian.ru/sale/flat/300759292/,618720.25,Средний,Вторичка
117000000.0,ЦАО,189.1,4.0,19.0,0.0,4.0,https://www.cian.ru/sale/flat/300759623/,618720.25,Средний,Вторичка
48700000.0,ЗАО,81.6,23.0,39.0,0.0,3.0,https://www.cian.ru/sale/flat/300759720/,596813.73,Средний,Вторичка
33000000.0,ЮАО,92.6,3.0,17.0,0.0,4.0,https://www.cian.ru/sale/flat/300759807/,356371.49,Средний,Вторичка
90000000.0,ЦАО,154.0,5.0,5.0,0.0,4.0,https://www.cian.ru/sale/flat/300760149/,584415.58,Последний,Вторичка
360000000.0,ЦАО,175.0,4.0,9.0,0.0,4.0,https://www.cian.ru/sale/flat/300760666/,2057142.86,Средний,Вторичка
26379046.0,ЮАО,58.3,10.0,24.0,1.0,1.0,https://www.cian.ru/sale/flat/300761652/,452470.77,Средний,Новостройка
32993222.0,ЮАО,73.7,7.0,24.0,1.0,2.0,https://www.cian.ru/sale/flat/300761655/,447669.23,Средний,Новостройка
37160243.0,ЮАО,73.6,20.0,24.0,1.0,2.0,https://www.cian.ru/sale/flat/300761665/,504894.61,Средний,Новостройка
34029996.0,ЮАО,67.3,4.0,6.0,1.0,2.0,https://www.cian.ru/sale/flat/300761672/,505646.3,Средний,Новостройка
52308436.0,ЮАО,98.7,4.0,6.0,1.0,3.0,https://www.cian.ru/sale/flat/300761673/,529974.02,Средний,Новостройка
33058064.0,ЮАО,57.1,6.0,6.0,1.0,2.0,https://www.cian.ru/sale/flat/300761675/,578950.33,Последний,Новостройка
30433508.0,ЮАО,72.6,3.0,24.0,1.0,2.0,https://www.cian.ru/sale/flat/300761683/,419194.33,Средний,Новостройка
31945412.0,ЮАО,73.6,4.0,24.0,1.0,2.0,https://www.cian.ru/sale/flat/300761685/,434040.92,Средний,Новостройка
29270700.0,ЮЗАО,66.6,31.0,34.0,1.0,2.0,https://www.cian.ru/sale/flat/300761715/,439500.0,Средний,Новостройка
47692700.0,ЮЗАО,95.5,22.0,34.0,1.0,3.0,https://www.cian.ru/sale/flat/300761729/,499400.0,Средний,Новостройка
24492960.0,ЮЗАО,46.6,30.0,34.0,1.0,2.0,https://www.cian.ru/sale/flat/300761742/,525600.0,Средний,Новостройка
35311520.0,ЮЗАО,66.4,14.0,42.0,1.0,3.0,https://www.cian.ru/sale/flat/300761877/,531800.0,Средний,Новостройка
15336216.0,ЗАО,32.4,5.0,33.0,1.0,1.0,https://www.cian.ru/sale/flat/300762628/,473340.0,Средний,Новостройка
21835201.0,ЮАО,74.9,3.0,23.0,1.0,3.0,https://www.cian.ru/sale/flat/300763058/,291524.71,Средний,Новостройка
16500000.0,ЮЗАО,38.4,3.0,22.0,0.0,1.0,https://www.cian.ru/sale/flat/300767627/,429687.5,Средний,Вторичка
16900000.0,ЗАО,43.0,5.0,9.0,0.0,2.0,https://www.cian.ru/sale/flat/300770138/,393023.26,Средний,Вторичка
24300000.0,САО,56.0,3.0,27.0,0.0,2.0,https://www.cian.ru/sale/flat/300770612/,433928.57,Средний,Вторичка
14100000.0,СВАО,29.4,6.0,8.0,0.0,1.0,https://www.cian.ru/sale/flat/300771393/,479591.84,Средний,Вторичка
39988700.0,ЗАО,68.0,1.0,14.0,0.0,3.0,https://www.cian.ru/sale/flat/300771490/,588069.12,Первый,Вторичка
28800000.0,ЮЗАО,66.0,8.0,42.0,0.0,2.0,https://www.cian.ru/sale/flat/300771933/,436363.64,Средний,Вторичка
159000000.0,ЦАО,226.3,15.0,22.0,0.0,4.0,https://www.cian.ru/sale/flat/300772000/,702607.16,Средний,Вторичка
8300000.0,САО,33.2,2.0,9.0,0.0,1.0,https://www.cian.ru/sale/flat/300772468/,250000.0,Средний,Вторичка
26500000.0,ЮЗАО,72.3,8.0,9.0,0.0,3.0,https://www.cian.ru/sale/flat/300773101/,366528.35,Средний,Вторичка
16800000.0,САО,61.0,3.0,9.0,0.0,3.0,https://www.cian.ru/sale/flat/300773184/,275409.84,Средний,Вторичка
14990000.0,ЮЗАО,40.0,9.0,12.0,0.0,2.0,https://www.cian.ru/sale/flat/300774268/,374750.0,Средний,Вторичка
17500000.0,ЮАО,60.0,5.0,17.0,0.0,2.0,https://www.cian.ru/sale/flat/300774365/,291666.67,Средний,Вторичка
15800000.0,СЗАО,38.1,24.0,25.0,0.0,1.0,https://www.cian.ru/sale/flat/300774778/,414698.16,Средний,Вторичка
17990000.0,ЮВАО,40.0,24.0,30.0,0.0,1.0,https://www.cian.ru/sale/flat/300775267/,449750.0,Средний,Вторичка
11600000.0,САО,40.0,17.0,17.0,0.0,1.0,https://www.cian.ru/sale/flat/300775701/,290000.0,Последний,Вторичка
13700000.0,САО,56.5,6.0,9.0,0.0,3.0,https://www.cian.ru/sale/flat/300776368/,242477.88,Средний,Вторичка
49900000.0,СЗАО,82.3,20.0,57.0,0.0,3.0,https://www.cian.ru/sale/flat/300776748/,606318.35,Средний,Вторичка
42500000.0,ЦАО,62.0,33.0,44.0,0.0,2.0,https://www.cian.ru/sale/flat/300776785/,685483.87,Средний,Вторичка
31900000.0,ЗАО,78.6,7.0,29.0,0.0,3.0,https://www.cian.ru/sale/flat/300777586/,405852.42,Средний,Вторичка
10500000.0,СВАО,38.0,14.0,17.0,0.0,1.0,https://www.cian.ru/sale/flat/300779111/,276315.79,Средний,Вторичка
9300000.0,ВАО,39.1,1.0,12.0,0.0,1.0,https://www.cian.ru/sale/flat/300779233/,237851.66,Первый,Вторичка
14500000.0,СВАО,57.0,3.0,9.0,0.0,3.0,https://www.cian.ru/sale/flat/300779492/,254385.96,Средний,Вторичка
26000000.0,ЮАО,90.0,5.0,5.0,0.0,4.0,https://www.cian.ru/sale/flat/300779635/,288888.89,Последний,Вторичка
11200000.0,ЮАО,36.0,8.0,34.0,1.0,1.0,https://www.cian.ru/sale/flat/300779837/,311111.11,Средний,Новостройка
13200000.0,ЮЗАО,45.2,10.0,22.0,0.0,1.0,https://www.cian.ru/sale/flat/300780263/,292035.4,Средний,Вторичка
12000000.0,ЮВАО,32.0,8.0,9.0,0.0,1.0,https://www.cian.ru/sale/flat/300780545/,375000.0,Средний,Вторичка
39500000.0,ЮАО,65.6,14.0,40.0,0.0,2.0,https://www.cian.ru/sale/flat/300780912/,602134.15,Средний,Вторичка
13999000.0,САО,36.7,2.0,9.0,0.0,2.0,https://www.cian.ru/sale/flat/300781629/,381444.14,Средний,Вторичка
16200000.0,СВАО,45.0,4.0,5.0,0.0,2.0,https://www.cian.ru/sale/flat/300781800/,360000.0,Средний,Вторичка
13690000.0,ЮВАО,40.0,5.0,17.0,0.0,1.0,https://www.cian.ru/sale/flat/300782277/,342250.0,Средний,Вторичка
42190811.0,ЮАО,94.8,2.0,6.0,1.0,3.0,https://www.cian.ru/sale/flat/300783103/,445050.75,Средний,Новостройка
42600618.0,ЮАО,73.1,6.0,6.0,1.0,2.0,https://www.cian.ru/sale/flat/300783106/,582771.79,Последний,Новостройка
53119241.0,ЮАО,93.0,6.0,6.0,1.0,3.0,https://www.cian.ru/sale/flat/300783108/,571174.63,Последний,Новостройка
48060207.0,ЮАО,110.5,3.0,24.0,1.0,3.0,https://www.cian.ru/sale/flat/300783116/,434934.0,Средний,Новостройка
28375022.0,ЮАО,69.7,2.0,24.0,1.0,2.0,https://www.cian.ru/sale/flat/300783117/,407102.18,Средний,Новостройка
48680580.0,ЮЗАО,89.8,31.0,34.0,1.0,3.0,https://www.cian.ru/sale/flat/300783442/,542100.0,Средний,Новостройка
29078320.0,ЮЗАО,63.2,22.0,34.0,1.0,2.0,https://www.cian.ru/sale/flat/300783447/,460100.0,Средний,Новостройка
34000000.0,САО,69.0,10.0,35.0,0.0,2.0,https://www.cian.ru/sale/flat/300783591/,492753.62,Средний,Вторичка
13590000.0,ЗАО,34.9,5.0,12.0,0.0,1.0,https://www.cian.ru/sale/flat/300787335/,389398.28,Средний,Вторичка
18800000.0,СЗАО,60.0,18.0,24.0,0.0,2.0,https://www.cian.ru/sale/flat/300787656/,313333.33,Средний,Вторичка
30000000.0,ЦАО,55.7,5.0,9.0,0.0,2.0,https://www.cian.ru/sale/flat/300787917/,538599.64,Средний,Вторичка
9250000.0,ЮЗАО,34.3,6.0,12.0,0.0,1.0,https://www.cian.ru/sale/flat/300788111/,269679.3,Средний,Вторичка
18500000.0,САО,73.0,5.0,5.0,0.0,3.0,https://www.cian.ru/sale/flat/300788549/,253424.66,Последний,Вторичка
8990000.0,ЮЗАО,33.1,6.0,9.0,0.0,1.0,https://www.cian.ru/sale/flat/300789556/,271601.21,Средний,Вторичка
9990000.0,ЮВАО,38.3,16.0,17.0,0.0,1.0,https://www.cian.ru/sale/flat/300790165/,260835.51,Средний,Вторичка
25500000.0,САО,61.3,2.0,7.0,0.0,3.0,https://www.cian.ru/sale/flat/300790349/,415986.95,Средний,Вторичка
22500000.0,ЮАО,95.0,11.0,20.0,0.0,4.0,https://www.cian.ru/sale/flat/300791418/,236842.11,Средний,Вторичка
24990000.0,ЮВАО,64.5,5.0,17.0,0.0,2.0,https://www.cian.ru/sale/flat/300791839/,387441.86,Средний,Вторичка
20500000.0,САО,59.6,4.0,17.0,0.0,2.0,https://www.cian.ru/sale/flat/300791931/,343959.73,Средний,Вторичка
12200000.0,ЮВАО,55.4,5.0,8.0,0.0,2.0,https://www.cian.ru/sale/flat/300792177/,220216.61,Средний,Вторичка
26500000.0,ЗАО,74.0,4.0,17.0,0.0,3.0,https://www.cian.ru/sale/flat/300792268/,358108.11,Средний,Вторичка
17899000.0,ЦАО,41.7,2.0,9.0,0.0,2.0,https://www.cian.ru/sale/flat/300792289/,429232.61,Средний,Вторичка
46900000.0,САО,77.9,14.0,28.0,0.0,3.0,https://www.cian.ru/sale/flat/300792895/,602053.92,Средний,Вторичка
11800000.0,ЮЗАО,33.0,8.0,9.0,0.0,1.0,https://www.cian.ru/sale/flat/300793062/,357575.76,Средний,Вторичка
8300000.0,ВАО,39.2,9.0,12.0,0.0,1.0,https://www.cian.ru/sale/flat/300793174/,211734.69,Средний,Вторичка
14400000.0,САО,44.5,3.0,9.0,0.0,2.0,https://www.cian.ru/sale/flat/300793238/,323595.51,Средний,Вторичка
63000000.0,ЗАО,115.3,6.0,23.0,0.0,4.0,https://www.cian.ru/sale/flat/300793867/,546400.69,Средний,Вторичка
19800000.0,ЮАО,48.6,18.0,23.0,0.0,2.0,https://www.cian.ru/sale/flat/300794127/,407407.41,Средний,Вторичка
12000000.0,ЮЗАО,39.1,2.0,14.0,0.0,1.0,https://www.cian.ru/sale/flat/300794336/,306905.37,Средний,Вторичка
54500000.0,ЦАО,63.0,5.0,6.0,0.0,3.0,https://www.cian.ru/sale/flat/300794598/,865079.37,Средний,Вторичка
9500000.0,ВАО,32.0,9.0,9.0,0.0,1.0,https://www.cian.ru/sale/flat/300795150/,296875.0,Последний,Вторичка
14000000.0,ЮЗАО,47.0,14.0,14.0,0.0,2.0,https://www.cian.ru/sale/flat/300795780/,297872.34,Последний,Вторичка
11000000.0,ЮАО,37.7,1.0,9.0,0.0,2.0,https://www.cian.ru/sale/flat/300795874/,291777.19,Первый,Вторичка
21700000.0,ЮЗАО,74.5,1.0,4.0,0.0,3.0,https://www.cian.ru/sale/flat/300796185/,291275.17,Первый,Вторичка
8200000.0,ВАО,30.0,1.0,9.0,0.0,1.0,https://www.cian.ru/sale/flat/300796453/,273333.33,Первый,Вторичка
10800000.0,ЮВАО,33.9,15.0,17.0,0.0,1.0,https://www.cian.ru/sale/flat/300797184/,318584.07,Средний,Вторичка
10500000.0,ЮЗАО,34.83,3.0,5.0,0.0,1.0,https://www.cian.ru/sale/flat/300797878/,301464.25,Средний,Вторичка
14500000.0,ЮАО,35.1,2.0,26.0,0.0,1.0,https://www.cian.ru/sale/flat/300799595/,413105.41,Средний,Вторичка
62629672.0,ЮАО,136.1,18.0,24.0,1.0,4.0,https://www.cian.ru/sale/flat/300800410/,460173.93,Средний,Новостройка
63162203.0,ЮАО,111.7,6.0,6.0,1.0,4.0,https://www.cian.ru/sale/flat/300800418/,565462.87,Последний,Новостройка
31043096.0,ЮАО,59.1,5.0,6.0,1.0,2.0,https://www.cian.ru/sale/flat/300800419/,525263.89,Средний,Новостройка
37047354.0,ЮАО,74.0,4.0,6.0,1.0,2.0,https://www.cian.ru/sale/flat/300800420/,500639.92,Средний,Новостройка
46270858.0,ЮАО,94.3,4.0,6.0,1.0,3.0,https://www.cian.ru/sale/flat/300800421/,490677.18,Средний,Новостройка
22463285.0,ЮАО,42.4,4.0,6.0,1.0,1.0,https://www.cian.ru/sale/flat/300800423/,529794.46,Средний,Новостройка
43076039.0,ЮАО,99.9,3.0,24.0,1.0,3.0,https://www.cian.ru/sale/flat/300800428/,431191.58,Средний,Новостройка
41200980.0,ЮЗАО,83.1,24.0,42.0,1.0,4.0,https://www.cian.ru/sale/flat/300800474/,495800.0,Средний,Новостройка
50962200.0,ЮЗАО,94.2,28.0,42.0,1.0,4.0,https://www.cian.ru/sale/flat/300800475/,541000.0,Средний,Новостройка
34068750.0,ЮЗАО,62.5,5.0,42.0,1.0,3.0,https://www.cian.ru/sale/flat/300800479/,545100.0,Средний,Новостройка
62544720.0,ЮЗАО,123.9,39.0,42.0,1.0,4.0,https://www.cian.ru/sale/flat/300800483/,504800.0,Средний,Новостройка
48657600.0,ЮЗАО,98.1,24.0,34.0,1.0,4.0,https://www.cian.ru/sale/flat/300800760/,496000.0,Средний,Новостройка
29481400.0,ЮЗАО,59.8,32.0,34.0,1.0,2.0,https://www.cian.ru/sale/flat/300800763/,493000.0,Средний,Новостройка
45190740.0,ЮЗАО,93.1,30.0,34.0,1.0,4.0,https://www.cian.ru/sale/flat/300800772/,485400.0,Средний,Новостройка
31956600.0,ЮЗАО,66.3,24.0,34.0,1.0,2.0,https://www.cian.ru/sale/flat/300800773/,482000.0,Средний,Новостройка
32800000.0,ЗАО,66.0,40.0,41.0,0.0,3.0,https://www.cian.ru/sale/flat/300803592/,496969.7,Средний,Вторичка
11800000.0,ЮАО,48.2,7.0,12.0,0.0,2.0,https://www.cian.ru/sale/flat/300804494/,244813.28,Средний,Вторичка
12700000.0,САО,42.0,3.0,12.0,0.0,1.0,https://www.cian.ru/sale/flat/300806179/,302380.95,Средний,Вторичка
15700000.0,ЗАО,63.1,5.0,9.0,0.0,4.0,https://www.cian.ru/sale/flat/300807144/,248811.41,Средний,Вторичка
15990000.0,ЮЗАО,45.0,8.0,9.0,0.0,2.0,https://www.cian.ru/sale/flat/300807361/,355333.33,Средний,Вторичка
22999999.0,ЗАО,91.0,4.0,17.0,0.0,4.0,https://www.cian.ru/sale/flat/300807750/,252747.24,Средний,Вторичка
14290000.0,СВАО,38.0,4.0,9.0,0.0,1.0,https://www.cian.ru/sale/flat/300809061/,376052.63,Средний,Вторичка
41000000.0,ЗАО,68.4,2.0,16.0,0.0,2.0,https://www.cian.ru/sale/flat/300810444/,599415.2,Средний,Вторичка
14500000.0,ЗАО,45.0,11.0,14.0,0.0,2.0,https://www.cian.ru/sale/flat/300810564/,322222.22,Средний,Вторичка
30000000.0,ЮВАО,50.0,4.0,13.0,0.0,2.0,https://www.cian.ru/sale/flat/300811659/,600000.0,Средний,Вторичка
8800000.0,САО,37.1,1.0,9.0,0.0,2.0,https://www.cian.ru/sale/flat/300811968/,237196.77,Первый,Вторичка
240000000.0,ЦАО,172.5,3.0,10.0,0.0,3.0,https://www.cian.ru/sale/flat/300812053/,1391304.35,Средний,Вторичка
63800000.0,ЦАО,91.8,2.0,8.0,0.0,3.0,https://www.cian.ru/sale/flat/300812059/,694989.11,Средний,Вторичка
50000000.0,ЦАО,77.0,2.0,3.0,0.0,2.0,https://www.cian.ru/sale/flat/300812063/,649350.65,Средний,Вторичка
27000000.0,ЦАО,36.2,8.0,17.0,0.0,1.0,https://www.cian.ru/sale/flat/300812067/,745856.35,Средний,Вторичка
94000000.0,ЦАО,119.7,17.0,21.0,0.0,3.0,https://www.cian.ru/sale/flat/300812071/,785296.57,Средний,Вторичка
24000000.0,ЮВАО,64.0,15.0,29.0,0.0,2.0,https://www.cian.ru/sale/flat/300813354/,375000.0,Средний,Вторичка
57950000.0,ЗАО,89.0,12.0,26.0,0.0,4.0,https://www.cian.ru/sale/flat/300813408/,651123.6,Средний,Вторичка
15550000.0,СЗАО,42.0,17.0,18.0,0.0,1.0,https://www.cian.ru/sale/flat/300813614/,370238.1,Средний,Вторичка
20300000.0,САО,45.0,7.0,14.0,0.0,2.0,https://www.cian.ru/sale/flat/300813808/,451111.11,Средний,Вторичка
20300000.0,ЮАО,69.4,17.0,23.0,0.0,1.0,https://www.cian.ru/sale/flat/300814010/,292507.2,Средний,Вторичка
44990000.0,ЗАО,86.7,3.0,26.0,0.0,2.0,https://www.cian.ru/sale/flat/300814017/,518915.8,Средний,Вторичка
10000000.0,ВАО,44.1,1.0,9.0,0.0,2.0,https://www.cian.ru/sale/flat/300814829/,226757.37,Первый,Вторичка
10300000.0,СЗАО,37.0,6.0,9.0,0.0,2.0,https://www.cian.ru/sale/flat/300815687/,278378.38,Средний,Вторичка
23500000.0,ВАО,98.0,4.0,12.0,0.0,4.0,https://www.cian.ru/sale/flat/300817644/,239795.92,Средний,Вторичка
60000000.0,САО,100.0,12.0,18.0,0.0,4.0,https://www.cian.ru/sale/flat/300818196/,600000.0,Средний,Вторичка
350000000.0,ЦАО,238.8,11.0,12.0,0.0,4.0,https://www.cian.ru/sale/flat/300818257/,1465661.64,Средний,Вторичка
40000000.0,ЦАО,55.7,8.0,9.0,0.0,2.0,https://www.cian.ru/sale/flat/300818414/,718132.85,Средний,Вторичка
48500000.0,ЦАО,90.8,13.0,23.0,0.0,3.0,https://www.cian.ru/sale/flat/300818689/,534140.97,Средний,Вторичка
34800000.0,САО,91.0,35.0,35.0,0.0,4.0,https://www.cian.ru/sale/flat/300818719/,382417.58,Последний,Вторичка
129000000.0,ЗАО,137.0,24.0,44.0,0.0,3.0,https://www.cian.ru/sale/flat/300818777/,941605.84,Средний,Вторичка
29500000.0,ЮЗАО,75.0,2.0,20.0,0.0,3.0,https://www.cian.ru/sale/flat/300818798/,393333.33,Средний,Вторичка
28700000.0,СВАО,67.0,21.0,23.0,0.0,3.0,https://www.cian.ru/sale/flat/300819799/,428358.21,Средний,Вторичка
22450000.0,ЮАО,75.0,7.0,17.0,0.0,3.0,https://www.cian.ru/sale/flat/300820910/,299333.33,Средний,Вторичка
29000000.0,СВАО,75.0,5.0,14.0,0.0,3.0,https://www.cian.ru/sale/flat/300821065/,386666.67,Средний,Вторичка
185000000.0,ЦАО,212.1,6.0,6.0,0.0,4.0,https://www.cian.ru/sale/flat/300821131/,872230.08,Последний,Вторичка
10990000.0,ЮВАО,38.4,17.0,19.0,0.0,1.0,https://www.cian.ru/sale/flat/300821406/,286197.92,Средний,Вторичка
40000000.0,ЮЗАО,77.0,4.0,9.0,0.0,3.0,https://www.cian.ru/sale/flat/300821462/,519480.52,Средний,Вторичка
21000000.0,ЮАО,59.5,6.0,9.0,1.0,3.0,https://www.cian.ru/sale/flat/300821729/,352941.18,Средний,Новостройка
26500000.0,ЮЗАО,42.0,12.0,42.0,0.0,2.0,https://www.cian.ru/sale/flat/300822078/,630952.38,Средний,Вторичка
16300000.0,ЮВАО,38.0,5.0,22.0,0.0,1.0,https://www.cian.ru/sale/flat/300822428/,428947.37,Средний,Вторичка
120000000.0,ЦАО,116.8,5.0,21.0,0.0,3.0,https://www.cian.ru/sale/flat/300822468/,1027397.26,Средний,Вторичка
52000000.0,ЦАО,51.0,3.0,21.0,0.0,2.0,https://www.cian.ru/sale/flat/300822469/,1019607.84,Средний,Вторичка
14800000.0,САО,47.0,5.0,14.0,0.0,2.0,https://www.cian.ru/sale/flat/300822574/,314893.62,Средний,Вторичка
9490000.0,ЮАО,39.3,7.0,12.0,0.0,1.0,https://www.cian.ru/sale/flat/300824342/,241475.83,Средний,Вторичка
10000000.0,СВАО,38.5,2.0,12.0,0.0,1.0,https://www.cian.ru/sale/flat/300824442/,259740.26,Средний,Вторичка
108000000.0,ЦАО,108.0,3.0,12.0,0.0,3.0,https://www.cian.ru/sale/flat/300824467/,1000000.0,Средний,Вторичка
34900000.0,ЮЗАО,73.4,7.0,9.0,0.0,3.0,https://www.cian.ru/sale/flat/300824489/,475476.84,Средний,Вторичка
14800000.0,ВАО,57.9,8.0,9.0,0.0,3.0,https://www.cian.ru/sale/flat/300824965/,255613.13,Средний,Вторичка
233000000.0,ЦАО,155.0,3.0,14.0,0.0,3.0,https://www.cian.ru/sale/flat/300825212/,1503225.81,Средний,Вторичка
17499000.0,СЗАО,54.0,16.0,17.0,0.0,2.0,https://www.cian.ru/sale/flat/300825973/,324055.56,Средний,Вторичка
22500000.0,ЮВАО,64.1,6.0,25.0,0.0,2.0,https://www.cian.ru/sale/flat/300826022/,351014.04,Средний,Вторичка
8350000.0,ВАО,32.4,7.0,9.0,0.0,1.0,https://www.cian.ru/sale/flat/300826839/,257716.05,Средний,Вторичка
91999000.0,ЦАО,99.61,10.0,14.0,0.0,2.0,https://www.cian.ru/sale/flat/300826937/,923592.01,Средний,Вторичка
16900000.0,ЗАО,41.4,2.0,5.0,0.0,2.0,https://www.cian.ru/sale/flat/300828564/,408212.56,Средний,Вторичка
236872682.0,ЦАО,169.0,8.0,11.0,0.0,4.0,https://www.cian.ru/sale/flat/300828783/,1401613.5,Средний,Вторичка
21930000.0,ВАО,73.1,8.0,25.0,1.0,3.0,https://www.cian.ru/sale/flat/300829188/,300000.0,Средний,Новостройка
66500000.0,ЮЗАО,113.7,4.0,13.0,0.0,4.0,https://www.cian.ru/sale/flat/300829275/,584872.47,Средний,Вторичка
15000000.0,ЗАО,46.8,17.0,24.0,0.0,1.0,https://www.cian.ru/sale/flat/300829361/,320512.82,Средний,Вторичка
11100000.0,ЮАО,44.4,5.0,9.0,0.0,2.0,https://www.cian.ru/sale/flat/300829381/,250000.0,Средний,Вторичка
13990000.0,ЮАО,54.8,15.0,24.0,0.0,2.0,https://www.cian.ru/sale/flat/300829889/,255291.97,Средний,Вторичка
11290000.0,ВАО,55.0,1.0,5.0,0.0,2.0,https://www.cian.ru/sale/flat/300830031/,205272.73,Первый,Вторичка
14000000.0,ЮВАО,51.0,5.0,17.0,0.0,2.0,https://www.cian.ru/sale/flat/300831273/,274509.8,Средний,Вторичка
39000000.0,ЗАО,68.4,12.0,14.0,0.0,3.0,https://www.cian.ru/sale/flat/300831375/,570175.44,Средний,Вторичка
9600000.0,ЮВАО,38.0,7.0,17.0,0.0,1.0,https://www.cian.ru/sale/flat/300831522/,252631.58,Средний,Вторичка
11399000.0,ЮЗАО,38.0,13.0,17.0,0.0,1.0,https://www.cian.ru/sale/flat/300832025/,299973.68,Средний,Вторичка
18900000.0,ЮВАО,41.7,5.0,26.0,0.0,1.0,https://www.cian.ru/sale/flat/300832068/,453237.41,Средний,Вторичка
17500000.0,ЮВАО,55.4,19.0,31.0,0.0,2.0,https://www.cian.ru/sale/flat/300832241/,315884.48,Средний,Вторичка
10400000.0,ЮВАО,37.9,11.0,17.0,0.0,1.0,https://www.cian.ru/sale/flat/300832689/,274406.33,Средний,Вторичка
12000000.0,СВАО,37.0,6.0,8.0,0.0,2.0,https://www.cian.ru/sale/flat/300832937/,324324.32,Средний,Вторичка
14500000.0,САО,43.9,1.0,16.0,0.0,1.0,https://www.cian.ru/sale/flat/300833245/,330296.13,Первый,Вторичка
36000000.0,ЗАО,100.0,10.0,15.0,0.0,4.0,https://www.cian.ru/sale/flat/300833437/,360000.0,Средний,Вторичка
14900000.0,ЮЗАО,32.0,4.0,9.0,0.0,1.0,https://www.cian.ru/sale/flat/300833544/,465625.0,Средний,Вторичка
24300000.0,СВАО,85.3,5.0,14.0,0.0,4.0,https://www.cian.ru/sale/flat/300833632/,284876.91,Средний,Вторичка
14350000.0,СВАО,63.7,7.0,17.0,0.0,2.0,https://www.cian.ru/sale/flat/300833862/,225274.73,Средний,Вторичка
22100000.0,СЗАО,45.2,8.0,24.0,0.0,2.0,https://www.cian.ru/sale/flat/300834184/,488938.05,Средний,Вторичка
28070000.0,СЗАО,64.0,13.0,29.0,0.0,3.0,https://www.cian.ru/sale/flat/300834187/,438593.75,Средний,Вторичка
8000000.0,ВАО,32.1,6.0,9.0,0.0,1.0,https://www.cian.ru/sale/flat/300834581/,249221.18,Средний,Вторичка
13700000.0,СЗАО,22.1,5.0,32.0,0.0,1.0,https://www.cian.ru/sale/flat/300835111/,619909.5,Средний,Вторичка
31000000.0,СЗАО,72.0,3.0,21.0,1.0,2.0,https://www.cian.ru/sale/flat/300836686/,430555.56,Средний,Новостройка
34900000.0,ЦАО,63.5,8.0,9.0,0.0,2.0,https://www.cian.ru/sale/flat/300836718/,549606.3,Средний,Вторичка
18300000.0,ЗАО,37.7,7.0,27.0,0.0,1.0,https://www.cian.ru/sale/flat/300836735/,485411.14,Средний,Вторичка
67800000.0,СВАО,130.0,3.0,14.0,0.0,3.0,https://www.cian.ru/sale/flat/300836809/,521538.46,Средний,Вторичка
85000000.0,ЗАО,100.0,10.0,14.0,0.0,4.0,https://www.cian.ru/sale/flat/300838160/,850000.0,Средний,Вторичка
11300000.0,ЮЗАО,42.1,2.0,12.0,0.0,1.0,https://www.cian.ru/sale/flat/300838166/,268408.55,Средний,Вторичка
231523500.0,ЗАО,149.37,8.0,9.0,0.0,4.0,https://www.cian.ru/sale/flat/300839315/,1550000.0,Средний,Вторичка
8800000.0,СВАО,32.8,8.0,9.0,0.0,1.0,https://www.cian.ru/sale/flat/300839361/,268292.68,Средний,Вторичка
26000000.0,СВАО,90.7,5.0,14.0,0.0,4.0,https://www.cian.ru/sale/flat/300839627/,286659.32,Средний,Вторичка
215000000.0,ЦАО,150.7,10.0,13.0,0.0,3.0,https://www.cian.ru/sale/flat/300839676/,1426675.51,Средний,Вторичка
14350000.0,СЗАО,35.0,9.0,9.0,0.0,2.0,https://www.cian.ru/sale/flat/300840365/,410000.0,Последний,Вторичка
14300000.0,СВАО,36.0,2.0,9.0,0.0,2.0,https://www.cian.ru/sale/flat/300840758/,397222.22,Средний,Вторичка
17100000.0,САО,46.7,6.0,12.0,0.0,2.0,https://www.cian.ru/sale/flat/300841155/,366167.02,Средний,Вторичка
14500000.0,ЮВАО,44.0,17.0,17.0,0.0,2.0,https://www.cian.ru/sale/flat/300841537/,329545.45,Последний,Вторичка
44000000.0,ЗАО,87.5,15.0,22.0,0.0,2.0,https://www.cian.ru/sale/flat/300842155/,502857.14,Средний,Вторичка
11600000.0,ЗАО,45.0,2.0,12.0,0.0,2.0,https://www.cian.ru/sale/flat/300843447/,257777.78,Средний,Вторичка
27000000.0,СЗАО,49.8,9.0,30.0,0.0,2.0,https://www.cian.ru/sale/flat/300843513/,542168.67,Средний,Вторичка
11489999.0,ВАО,36.7,11.0,22.0,0.0,1.0,https://www.cian.ru/sale/flat/300843529/,313078.99,Средний,Вторичка
91096000.0,ЗАО,113.87,57.0,57.0,1.0,3.0,https://www.cian.ru/sale/flat/300843847/,800000.0,Последний,Новостройка
51000000.0,ЗАО,84.8,16.0,39.0,0.0,3.0,https://www.cian.ru/sale/flat/300843917/,601415.09,Средний,Вторичка
8380000.0,ВАО,32.8,8.0,9.0,0.0,1.0,https://www.cian.ru/sale/flat/300844028/,255487.8,Средний,Вторичка
14500000.0,СВАО,52.2,6.0,12.0,0.0,2.0,https://www.cian.ru/sale/flat/300844069/,277777.78,Средний,Вторичка
20000000.0,ЦАО,41.0,5.0,5.0,0.0,2.0,https://www.cian.ru/sale/flat/300844237/,487804.88,Последний,Вторичка
8977500.0,ЮВАО,35.3,9.0,9.0,0.0,1.0,https://www.cian.ru/sale/flat/300844691/,254320.11,Последний,Вторичка
8200000.0,ЗАО,23.5,3.0,5.0,0.0,1.0,https://www.cian.ru/sale/flat/300845591/,348936.17,Средний,Вторичка
24500000.0,СВАО,98.1,5.0,22.0,0.0,4.0,https://www.cian.ru/sale/flat/300845717/,249745.16,Средний,Вторичка
77587734.0,ЮАО,103.9,6.0,6.0,1.0,3.0,https://www.cian.ru/sale/flat/300848127/,746753.94,Последний,Новостройка
13100000.0,СВАО,39.8,12.0,12.0,0.0,2.0,https://www.cian.ru/sale/flat/300848175/,329145.73,Последний,Вторичка
11200000.0,ВАО,35.2,9.0,14.0,0.0,1.0,https://www.cian.ru/sale/flat/300848229/,318181.82,Средний,Вторичка
15000000.0,ЗАО,47.3,6.0,12.0,0.0,2.0,https://www.cian.ru/sale/flat/300849139/,317124.74,Средний,Вторичка
17150000.0,ЮАО,39.9,10.0,13.0,1.0,1.0,https://www.cian.ru/sale/flat/300852067/,429824.56,Средний,Новостройка
52000000.0,ЦАО,100.0,5.0,10.0,0.0,3.0,https://www.cian.ru/sale/flat/300852360/,520000.0,Средний,Вторичка
14000000.0,ЗАО,55.3,4.0,4.0,0.0,2.0,https://www.cian.ru/sale/flat/300853753/,253164.56,Последний,Вторичка
33000000.0,ЗАО,94.0,30.0,30.0,0.0,3.0,https://www.cian.ru/sale/flat/300855497/,351063.83,Последний,Вторичка
12900000.0,ЗАО,54.0,10.0,17.0,0.0,2.0,https://www.cian.ru/sale/flat/300855957/,238888.89,Средний,Вторичка
12700000.0,ЗАО,54.0,8.0,14.0,0.0,2.0,https://www.cian.ru/sale/flat/300857258/,235185.19,Средний,Вторичка
41900000.0,ЗАО,71.0,9.0,39.0,0.0,2.0,https://www.cian.ru/sale/flat/300858774/,590140.85,Средний,Вторичка
58000000.0,ЗАО,72.0,9.0,15.0,0.0,1.0,https://www.cian.ru/sale/flat/300859548/,805555.56,Средний,Вторичка
12100000.0,ЮАО,63.1,7.0,22.0,0.0,2.0,https://www.cian.ru/sale/flat/300859558/,191759.11,Средний,Вторичка
27950000.0,САО,82.0,4.0,6.0,0.0,4.0,https://www.cian.ru/sale/flat/300860178/,340853.66,Средний,Вторичка
16000000.0,ЗАО,42.0,4.0,12.0,0.0,1.0,https://www.cian.ru/sale/flat/300860664/,380952.38,Средний,Вторичка
15500000.0,ЮЗАО,44.5,4.0,9.0,0.0,2.0,https://www.cian.ru/sale/flat/300860737/,348314.61,Средний,Вторичка
52000000.0,САО,69.3,3.0,5.0,0.0,2.0,https://www.cian.ru/sale/flat/300861926/,750360.75,Средний,Вторичка
52000000.0,САО,70.6,9.0,36.0,0.0,3.0,https://www.cian.ru/sale/flat/300861931/,736543.91,Средний,Вторичка
150000000.0,САО,125.0,5.0,19.0,0.0,4.0,https://www.cian.ru/sale/flat/300861932/,1200000.0,Средний,Вторичка
39300000.0,СЗАО,58.0,24.0,24.0,0.0,2.0,https://www.cian.ru/sale/flat/300862129/,677586.21,Последний,Вторичка
67000000.0,ЗАО,110.0,15.0,25.0,0.0,3.0,https://www.cian.ru/sale/flat/300864943/,609090.91,Средний,Вторичка
42500000.0,ЗАО,123.0,23.0,24.0,0.0,3.0,https://www.cian.ru/sale/flat/300865008/,345528.46,Средний,Вторичка
16200000.0,ЮВАО,40.4,4.0,30.0,0.0,1.0,https://www.cian.ru/sale/flat/300865217/,400990.1,Средний,Вторичка
9000000.0,ВАО,31.0,2.0,5.0,0.0,1.0,https://www.cian.ru/sale/flat/300865417/,290322.58,Средний,Вторичка
107000000.0,ЦАО,90.0,4.0,6.0,0.0,3.0,https://www.cian.ru/sale/flat/300866247/,1188888.89,Средний,Вторичка
37000000.0,ЗАО,80.0,2.0,23.0,0.0,3.0,https://www.cian.ru/sale/flat/300866682/,462500.0,Средний,Вторичка
30500000.0,СЗАО,68.3,28.0,41.0,1.0,2.0,https://www.cian.ru/sale/flat/300866779/,446559.3,Средний,Новостройка
25000000.0,ЦАО,40.1,6.0,9.0,0.0,2.0,https://www.cian.ru/sale/flat/300866936/,623441.4,Средний,Вторичка
28266000.0,ЗАО,47.0,27.0,41.0,1.0,2.0,https://www.cian.ru/sale/flat/300867229/,601404.26,Средний,Новостройка
32995000.0,ЗАО,71.0,24.0,62.0,1.0,3.0,https://www.cian.ru/sale/flat/300867232/,464718.31,Средний,Новостройка
14600000.0,ЮАО,50.5,5.0,17.0,0.0,2.0,https://www.cian.ru/sale/flat/300867236/,289108.91,Средний,Вторичка
10450000.0,ЗАО,38.2,16.0,21.0,0.0,1.0,https://www.cian.ru/sale/flat/300867612/,273560.21,Средний,Вторичка
11890000.0,ЮЗАО,38.3,9.0,12.0,0.0,2.0,https://www.cian.ru/sale/flat/300867797/,310443.86,Средний,Вторичка
36000000.0,СЗАО,70.3,16.0,29.0,1.0,2.0,https://www.cian.ru/sale/flat/300868161/,512091.04,Средний,Новостройка
21500000.0,ЮВАО,94.2,2.0,5.0,0.0,4.0,https://www.cian.ru/sale/flat/300870085/,228237.79,Средний,Вторичка
11250000.0,ЗАО,32.0,2.0,9.0,0.0,1.0,https://www.cian.ru/sale/flat/300870617/,351562.5,Средний,Вторичка
15890000.0,ЮЗАО,44.9,18.0,24.0,0.0,1.0,https://www.cian.ru/sale/flat/300871933/,353897.55,Средний,Вторичка
46500000.0,СЗАО,142.6,18.0,25.0,0.0,3.0,https://www.cian.ru/sale/flat/300872415/,326086.96,Средний,Вторичка
11490000.0,САО,38.0,9.0,17.0,0.0,1.0,https://www.cian.ru/sale/flat/300872900/,302368.42,Средний,Вторичка
32000000.0,СЗАО,64.0,18.0,43.0,1.0,3.0,https://www.cian.ru/sale/flat/300873457/,500000.0,Средний,Новостройка
83000000.0,ЦАО,120.0,2.0,29.0,0.0,3.0,https://www.cian.ru/sale/flat/300873827/,691666.67,Средний,Вторичка
15600000.0,ЦАО,35.1,12.0,12.0,0.0,1.0,https://www.cian.ru/sale/flat/300873918/,444444.44,Последний,Вторичка
22000000.0,СВАО,59.3,6.0,10.0,0.0,2.0,https://www.cian.ru/sale/flat/300875952/,370994.94,Средний,Вторичка
55000000.0,ЗАО,100.2,10.0,15.0,0.0,3.0,https://www.cian.ru/sale/flat/300876020/,548902.2,Средний,Вторичка
55000000.0,ЗАО,100.2,9.0,15.0,0.0,3.0,https://www.cian.ru/sale/flat/300876023/,548902.2,Средний,Вторичка
175000000.0,ЦАО,136.3,4.0,5.0,0.0,4.0,https://www.cian.ru/sale/flat/300876145/,1283932.5,Средний,Вторичка
13700000.0,ВАО,56.1,4.0,7.0,0.0,2.0,https://www.cian.ru/sale/flat/300876198/,244206.77,Средний,Вторичка
8350000.0,СВАО,30.7,5.0,8.0,0.0,1.0,https://www.cian.ru/sale/flat/300876707/,271986.97,Средний,Вторичка
12000000.0,ЦАО,92.3,3.0,14.0,0.0,3.0,https://www.cian.ru/sale/flat/300876952/,130010.83,Средний,Вторичка
82000000.0,ЗАО,65.6,3.0,12.0,0.0,2.0,https://www.cian.ru/sale/flat/300877514/,1250000.0,Средний,Вторичка
250000000.0,ЦАО,160.0,4.0,6.0,0.0,3.0,https://www.cian.ru/sale/flat/300877955/,1562500.0,Средний,Вторичка
17500000.0,СЗАО,63.1,8.0,9.0,0.0,4.0,https://www.cian.ru/sale/flat/300879383/,277337.56,Средний,Вторичка
26000000.0,ЮЗАО,75.0,1.0,14.0,0.0,4.0,https://www.cian.ru/sale/flat/300879980/,346666.67,Первый,Вторичка
14800000.0,СВАО,30.0,11.0,12.0,0.0,1.0,https://www.cian.ru/sale/flat/300881473/,493333.33,Средний,Вторичка
21400000.0,САО,83.0,12.0,14.0,0.0,3.0,https://www.cian.ru/sale/flat/300881872/,257831.33,Средний,Вторичка
44900000.0,СВАО,104.0,11.0,20.0,0.0,3.0,https://www.cian.ru/sale/flat/300882669/,431730.77,Средний,Вторичка
10000000.0,ЗАО,37.7,12.0,17.0,0.0,1.0,https://www.cian.ru/sale/flat/300882682/,265251.99,Средний,Вторичка
14800000.0,ЮВАО,28.1,5.0,27.0,0.0,1.0,https://www.cian.ru/sale/flat/300883239/,526690.39,Средний,Вторичка
420000000.0,ЦАО,230.32,11.0,12.0,0.0,4.0,https://www.cian.ru/sale/flat/300883465/,1823549.84,Средний,Вторичка
231222680.0,ЦАО,140.0,2.0,5.0,0.0,3.0,https://www.cian.ru/sale/flat/300883472/,1651590.57,Средний,Вторичка
40000000.0,ЦАО,55.7,8.0,9.0,0.0,2.0,https://www.cian.ru/sale/flat/300884456/,718132.85,Средний,Вторичка
10000000.0,СЗАО,38.8,1.0,12.0,0.0,1.0,https://www.cian.ru/sale/flat/300886403/,257731.96,Первый,Вторичка
16400000.0,ЮВАО,58.0,4.0,15.0,1.0,2.0,https://www.cian.ru/sale/flat/300887458/,282758.62,Средний,Новостройка
12150000.0,ЮАО,42.7,3.0,12.0,0.0,2.0,https://www.cian.ru/sale/flat/300887606/,284543.33,Средний,Вторичка
71564104.0,ЦАО,119.2,18.0,22.0,1.0,4.0,https://www.cian.ru/sale/flat/300887715/,600370.0,Средний,Новостройка
11900000.0,СВАО,33.0,2.0,9.0,0.0,1.0,https://www.cian.ru/sale/flat/300887823/,360606.06,Средний,Вторичка
23300000.0,СВАО,90.0,1.0,12.0,0.0,4.0,https://www.cian.ru/sale/flat/300888910/,258888.89,Первый,Вторичка
15500000.0,ЮАО,60.5,2.0,17.0,0.0,2.0,https://www.cian.ru/sale/flat/300888953/,256198.35,Средний,Вторичка
21422419.0,ЗАО,79.3,2.0,25.0,1.0,3.0,https://www.cian.ru/sale/flat/300889107/,270144.0,Средний,Новостройка
25375391.0,ЗАО,92.1,6.0,25.0,1.0,3.0,https://www.cian.ru/sale/flat/300889113/,275519.99,Средний,Новостройка
19601636.0,ЗАО,68.9,4.0,25.0,1.0,2.0,https://www.cian.ru/sale/flat/300889114/,284493.99,Средний,Новостройка
23465759.0,ЗАО,83.0,15.0,25.0,1.0,3.0,https://www.cian.ru/sale/flat/300889117/,282719.99,Средний,Новостройка
15836476.0,ЗАО,54.1,2.0,25.0,1.0,2.0,https://www.cian.ru/sale/flat/300889122/,292725.99,Средний,Новостройка
20500000.0,ЗАО,67.0,5.0,9.0,0.0,4.0,https://www.cian.ru/sale/flat/300889157/,305970.15,Средний,Вторичка
19000000.0,ЗАО,40.6,12.0,16.0,0.0,1.0,https://www.cian.ru/sale/flat/300889564/,467980.3,Средний,Вторичка
14100000.0,САО,36.19,10.0,22.0,0.0,1.0,https://www.cian.ru/sale/flat/300889696/,389610.39,Средний,Вторичка
7300000.0,ЮВАО,32.7,11.0,12.0,0.0,1.0,https://www.cian.ru/sale/flat/300889888/,223241.59,Средний,Вторичка
36800000.0,САО,108.9,3.0,6.0,0.0,4.0,https://www.cian.ru/sale/flat/300890336/,337924.7,Средний,Вторичка
13780000.0,САО,37.6,8.0,31.0,1.0,1.0,https://www.cian.ru/sale/flat/300890761/,366489.36,Средний,Новостройка
14950000.0,ЗАО,38.1,3.0,17.0,0.0,1.0,https://www.cian.ru/sale/flat/300891715/,392388.45,Средний,Вторичка
7900000.0,ВАО,33.0,2.0,9.0,0.0,1.0,https://www.cian.ru/sale/flat/300892104/,239393.94,Средний,Вторичка
8300000.0,ВАО,32.3,5.0,9.0,0.0,1.0,https://www.cian.ru/sale/flat/300894152/,256965.94,Средний,Вторичка
12500000.0,ЗАО,30.0,8.0,19.0,0.0,1.0,https://www.cian.ru/sale/flat/300894636/,416666.67,Средний,Вторичка
24000000.0,ЮАО,78.6,6.0,9.0,0.0,4.0,https://www.cian.ru/sale/flat/300894688/,305343.51,Средний,Вторичка
7900000.0,ЮЗАО,43.4,16.0,17.0,0.0,1.0,https://www.cian.ru/sale/flat/300894774/,182027.65,Средний,Вторичка
15500000.0,ЗАО,58.0,1.0,5.0,0.0,2.0,https://www.cian.ru/sale/flat/300895376/,267241.38,Первый,Вторичка
10200000.0,ЮАО,45.0,2.0,9.0,0.0,2.0,https://www.cian.ru/sale/flat/300895600/,226666.67,Средний,Вторичка
34000000.0,ЗАО,86.3,2.0,5.0,0.0,4.0,https://www.cian.ru/sale/flat/300895732/,393974.51,Средний,Вторичка
12990000.0,ЮЗАО,35.0,11.0,12.0,0.0,1.0,https://www.cian.ru/sale/flat/300897156/,371142.86,Средний,Вторичка
76000000.0,ЗАО,182.0,19.0,30.0,0.0,4.0,https://www.cian.ru/sale/flat/300897164/,417582.42,Средний,Вторичка
12399000.0,САО,40.0,6.0,11.0,0.0,1.0,https://www.cian.ru/sale/flat/300899799/,309975.0,Средний,Вторичка
15870000.0,САО,45.0,5.0,5.0,0.0,2.0,https://www.cian.ru/sale/flat/300900545/,352666.67,Последний,Вторичка
30600000.0,САО,42.0,16.0,21.0,0.0,1.0,https://www.cian.ru/sale/flat/300900853/,728571.43,Средний,Вторичка
11600000.0,ВАО,37.7,1.0,9.0,0.0,1.0,https://www.cian.ru/sale/flat/300905486/,307692.31,Первый,Вторичка
130000000.0,ЦАО,149.9,3.0,13.0,0.0,3.0,https://www.cian.ru/sale/flat/300907654/,867244.83,Средний,Вторичка
9390000.0,ВАО,32.6,3.0,9.0,0.0,1.0,https://www.cian.ru/sale/flat/300907778/,288036.81,Средний,Вторичка
13400000.0,ЮАО,51.0,6.0,9.0,0.0,3.0,https://www.cian.ru/sale/flat/300909559/,262745.1,Средний,Вторичка
24500000.0,ВАО,80.0,19.0,24.0,0.0,3.0,https://www.cian.ru/sale/flat/300909618/,306250.0,Средний,Вторичка
233000000.0,ЦАО,155.0,3.0,14.0,0.0,3.0,https://www.cian.ru/sale/flat/300912558/,1503225.81,Средний,Вторичка
9000000.0,ЮЗАО,32.9,9.0,9.0,0.0,1.0,https://www.cian.ru/sale/flat/300912565/,273556.23,Последний,Вторичка
100000000.0,ЦАО,109.7,3.0,3.0,0.0,4.0,https://www.cian.ru/sale/flat/300912740/,911577.03,Последний,Вторичка
32000000.0,ЦАО,81.6,1.0,5.0,0.0,4.0,https://www.cian.ru/sale/flat/300912927/,392156.86,Первый,Вторичка
28500000.0,СЗАО,50.5,18.0,22.0,0.0,1.0,https://www.cian.ru/sale/flat/300914382/,564356.44,Средний,Вторичка
21438610.0,ЮАО,56.7,2.0,33.0,1.0,1.0,https://www.cian.ru/sale/flat/300915387/,378106.0,Средний,Новостройка
30590812.0,ЮАО,87.7,2.0,33.0,1.0,3.0,https://www.cian.ru/sale/flat/300915388/,348812.0,Средний,Новостройка
25655724.0,ЮАО,74.4,2.0,33.0,1.0,3.0,https://www.cian.ru/sale/flat/300915390/,344835.0,Средний,Новостройка
14170118.0,ЮАО,34.3,30.0,33.0,1.0,1.0,https://www.cian.ru/sale/flat/300915394/,413122.97,Средний,Новостройка
10280886.0,СЗАО,37.4,2.0,25.0,1.0,1.0,https://www.cian.ru/sale/flat/300917619/,274890.0,Средний,Новостройка
17392177.0,СЗАО,77.6,6.0,25.0,1.0,3.0,https://www.cian.ru/sale/flat/300917707/,224125.99,Средний,Новостройка
10462529.0,СЗАО,38.5,2.0,24.0,1.0,1.0,https://www.cian.ru/sale/flat/300917761/,271754.0,Средний,Новостройка
17853649.0,СЗАО,78.9,15.0,25.0,1.0,3.0,https://www.cian.ru/sale/flat/300917766/,226281.99,Средний,Новостройка
19383067.0,СЗАО,85.4,6.0,24.0,1.0,3.0,https://www.cian.ru/sale/flat/300917933/,226968.0,Средний,Новостройка
20875420.0,СВАО,48.2,11.0,22.0,1.0,1.0,https://www.cian.ru/sale/flat/300918081/,433100.0,Средний,Новостройка
19328110.0,СВАО,42.1,5.0,14.0,1.0,1.0,https://www.cian.ru/sale/flat/300918140/,459100.0,Средний,Новостройка
19431200.0,СВАО,45.4,10.0,14.0,1.0,1.0,https://www.cian.ru/sale/flat/300918147/,428000.0,Средний,Новостройка
23423120.0,СВАО,60.4,6.0,22.0,1.0,1.0,https://www.cian.ru/sale/flat/300918186/,387800.0,Средний,Новостройка
20727000.0,СВАО,47.0,20.0,22.0,1.0,1.0,https://www.cian.ru/sale/flat/300918225/,441000.0,Средний,Новостройка
48918870.0,СВАО,126.7,4.0,22.0,1.0,4.0,https://www.cian.ru/sale/flat/300918253/,386100.0,Средний,Новостройка
11800000.0,СЗАО,39.0,2.0,12.0,0.0,1.0,https://www.cian.ru/sale/flat/300918991/,302564.1,Средний,Вторичка
39350000.0,ЗАО,112.0,25.0,29.0,0.0,3.0,https://www.cian.ru/sale/flat/300919558/,351339.29,Средний,Вторичка
47000000.0,ЗАО,101.5,2.0,7.0,0.0,3.0,https://www.cian.ru/sale/flat/300922355/,463054.19,Средний,Вторичка
13900000.0,ЮЗАО,75.0,13.0,18.0,0.0,3.0,https://www.cian.ru/sale/flat/300923132/,185333.33,Средний,Вторичка
10800000.0,ЮАО,38.0,17.0,17.0,0.0,1.0,https://www.cian.ru/sale/flat/300923704/,284210.53,Последний,Вторичка
470461000.0,ЦАО,196.0,5.0,8.0,0.0,3.0,https://www.cian.ru/sale/flat/300925961/,2400311.22,Средний,Вторичка
9600000.0,ЮАО,31.0,1.0,9.0,0.0,1.0,https://www.cian.ru/sale/flat/300927327/,309677.42,Первый,Вторичка
39500000.0,САО,87.6,2.0,24.0,0.0,3.0,https://www.cian.ru/sale/flat/300927460/,450913.24,Средний,Вторичка
12499000.0,ЮВАО,32.7,6.0,8.0,0.0,1.0,https://www.cian.ru/sale/flat/300928131/,382232.42,Средний,Вторичка
63650000.0,ЗАО,95.3,13.0,14.0,0.0,4.0,https://www.cian.ru/sale/flat/300930250/,667890.87,Средний,Вторичка
9600000.0,ЮАО,42.0,1.0,22.0,0.0,1.0,https://www.cian.ru/sale/flat/300930286/,228571.43,Первый,Вторичка
17500000.0,САО,34.7,10.0,20.0,0.0,1.0,https://www.cian.ru/sale/flat/300931491/,504322.77,Средний,Вторичка
32000000.0,ЗАО,45.0,19.0,23.0,0.0,1.0,https://www.cian.ru/sale/flat/300931694/,711111.11,Средний,Вторичка
10000000.0,ЮАО,28.3,10.0,12.0,0.0,1.0,https://www.cian.ru/sale/flat/300935419/,353356.89,Средний,Вторичка
15500000.0,ЗАО,27.0,6.0,14.0,0.0,1.0,https://www.cian.ru/sale/flat/300935784/,574074.07,Средний,Вторичка
13650000.0,СВАО,32.0,8.0,8.0,0.0,1.0,https://www.cian.ru/sale/flat/300935802/,426562.5,Последний,Вторичка
15800000.0,ЮЗАО,56.0,1.0,10.0,0.0,3.0,https://www.cian.ru/sale/flat/300936698/,282142.86,Первый,Вторичка
31200000.0,ВАО,100.0,8.0,22.0,0.0,4.0,https://www.cian.ru/sale/flat/300936817/,312000.0,Средний,Вторичка
110000000.0,ЦАО,160.0,6.0,9.0,0.0,4.0,https://www.cian.ru/sale/flat/300936966/,687500.0,Средний,Вторичка
12500000.0,ЮВАО,34.1,18.0,32.0,0.0,1.0,https://www.cian.ru/sale/flat/300938365/,366568.91,Средний,Вторичка
7700000.0,ЮАО,22.0,6.0,9.0,0.0,1.0,https://www.cian.ru/sale/flat/300939633/,350000.0,Средний,Вторичка
26500000.0,ЮЗАО,82.7,19.0,24.0,0.0,4.0,https://www.cian.ru/sale/flat/300939763/,320435.31,Средний,Вторичка
345731330.0,ЦАО,174.0,2.0,5.0,0.0,4.0,https://www.cian.ru/sale/flat/300940969/,1986961.67,Средний,Вторичка
18400000.0,ЮАО,46.3,2.0,28.0,0.0,1.0,https://www.cian.ru/sale/flat/300941020/,397408.21,Средний,Вторичка
20000000.0,ЗАО,67.0,5.0,9.0,0.0,4.0,https://www.cian.ru/sale/flat/300942055/,298507.46,Средний,Вторичка
12200000.0,ЮАО,37.2,15.0,16.0,0.0,1.0,https://www.cian.ru/sale/flat/300943823/,327956.99,Средний,Вторичка
67000000.0,ЗАО,123.0,15.0,20.0,1.0,4.0,https://www.cian.ru/sale/flat/300943913/,544715.45,Средний,Новостройка
12390000.0,ЮЗАО,42.0,19.0,26.0,0.0,1.0,https://www.cian.ru/sale/flat/300945228/,295000.0,Средний,Вторичка
9800000.0,ЮВАО,41.4,9.0,17.0,0.0,1.0,https://www.cian.ru/sale/flat/300946150/,236714.98,Средний,Вторичка
15200000.0,САО,35.2,12.0,12.0,0.0,1.0,https://www.cian.ru/sale/flat/300948330/,431818.18,Последний,Вторичка
23700000.0,СЗАО,40.9,12.0,48.0,0.0,1.0,https://www.cian.ru/sale/flat/300948524/,579462.1,Средний,Вторичка
27900000.0,ЮАО,100.6,22.0,22.0,0.0,4.0,https://www.cian.ru/sale/flat/300949113/,277335.98,Последний,Вторичка
23000000.0,ЮЗАО,95.5,5.0,12.0,0.0,4.0,https://www.cian.ru/sale/flat/300949731/,240837.7,Средний,Вторичка
130817260.0,ЗАО,165.0,40.0,53.0,0.0,4.0,https://www.cian.ru/sale/flat/300950195/,792831.88,Средний,Вторичка
47500000.0,СЗАО,103.0,9.0,36.0,0.0,3.0,https://www.cian.ru/sale/flat/300952530/,461165.05,Средний,Вторичка
25000000.0,ЮЗАО,48.2,41.0,51.0,0.0,1.0,https://www.cian.ru/sale/flat/300953502/,518672.2,Средний,Вторичка
75450000.0,САО,119.0,8.0,12.0,1.0,4.0,https://www.cian.ru/sale/flat/300954739/,634033.61,Средний,Новостройка
10499000.0,ЮВАО,38.0,8.0,19.0,0.0,1.0,https://www.cian.ru/sale/flat/300959550/,276289.47,Средний,Вторичка
35000000.0,ЮЗАО,84.4,4.0,10.0,0.0,4.0,https://www.cian.ru/sale/flat/300959671/,414691.94,Средний,Вторичка
13500000.0,СВАО,40.0,5.0,16.0,0.0,1.0,https://www.cian.ru/sale/flat/300961036/,337500.0,Средний,Вторичка
8700000.0,ЮВАО,32.1,8.0,9.0,0.0,1.0,https://www.cian.ru/sale/flat/300961329/,271028.04,Средний,Вторичка
15000000.0,ЦАО,39.1,10.0,12.0,0.0,1.0,https://www.cian.ru/sale/flat/300961532/,383631.71,Средний,Вторичка
56950000.0,ЮАО,107.0,10.0,22.0,0.0,4.0,https://www.cian.ru/sale/flat/300961655/,532242.99,Средний,Вторичка
33000000.0,ЗАО,99.0,22.0,22.0,0.0,4.0,https://www.cian.ru/sale/flat/300964967/,333333.33,Последний,Вторичка
10750000.0,ВАО,40.0,17.0,24.0,0.0,1.0,https://www.cian.ru/sale/flat/300966108/,268750.0,Средний,Вторичка
59900000.0,ЦАО,139.3,3.0,8.0,0.0,4.0,https://www.cian.ru/sale/flat/300966491/,430007.18,Средний,Вторичка
37000000.0,ЗАО,78.0,26.0,37.0,0.0,3.0,https://www.cian.ru/sale/flat/300966659/,474358.97,Средний,Вторичка
11500000.0,ЮЗАО,42.4,3.0,16.0,0.0,1.0,https://www.cian.ru/sale/flat/300967353/,271226.42,Средний,Вторичка
29790000.0,ЮЗАО,172.0,9.0,9.0,0.0,4.0,https://www.cian.ru/sale/flat/300968559/,173197.67,Последний,Вторичка
27000000.0,ЮЗАО,100.0,1.0,17.0,0.0,4.0,https://www.cian.ru/sale/flat/300968852/,270000.0,Первый,Вторичка
445000000.0,ЦАО,235.0,12.0,12.0,0.0,4.0,https://www.cian.ru/sale/flat/300977564/,1893617.02,Последний,Вторичка
37989000.0,ЗАО,67.1,9.0,14.0,0.0,3.0,https://www.cian.ru/sale/flat/300978032/,566154.99,Средний,Вторичка
11900000.0,ВАО,30.0,27.0,33.0,1.0,1.0,https://www.cian.ru/sale/flat/300980084/,396666.67,Средний,Новостройка
13490000.0,ЮЗАО,33.0,9.0,9.0,0.0,1.0,https://www.cian.ru/sale/flat/300980632/,408787.88,Последний,Вторичка
10500000.0,ЮАО,38.0,2.0,17.0,0.0,1.0,https://www.cian.ru/sale/flat/300980941/,276315.79,Средний,Вторичка
11850000.0,СВАО,32.7,4.0,9.0,0.0,1.0,https://www.cian.ru/sale/flat/300981591/,362385.32,Средний,Вторичка
29000000.0,ЮАО,66.7,15.0,23.0,0.0,3.0,https://www.cian.ru/sale/flat/300982113/,434782.61,Средний,Вторичка
19500000.0,ЮАО,42.3,10.0,13.0,1.0,1.0,https://www.cian.ru/sale/flat/300982132/,460992.91,Средний,Новостройка
13500000.0,СЗАО,32.5,7.0,12.0,0.0,1.0,https://www.cian.ru/sale/flat/300985185/,415384.62,Средний,Вторичка
12700000.0,СЗАО,32.5,9.0,9.0,0.0,1.0,https://www.cian.ru/sale/flat/300985679/,390769.23,Последний,Вторичка
14250000.0,САО,35.0,3.0,9.0,0.0,1.0,https://www.cian.ru/sale/flat/300986104/,407142.86,Средний,Вторичка
90000000.0,ЗАО,136.0,4.0,14.0,0.0,4.0,https://www.cian.ru/sale/flat/300987092/,661764.71,Средний,Вторичка
17600000.0,ЦАО,32.8,2.0,9.0,0.0,1.0,https://www.cian.ru/sale/flat/300987795/,536585.37,Средний,Вторичка
17500000.0,ЮВАО,95.1,2.0,19.0,0.0,4.0,https://www.cian.ru/sale/flat/300988122/,184016.82,Средний,Вторичка
11995000.0,ВАО,59.0,1.0,9.0,0.0,3.0,https://www.cian.ru/sale/flat/300988379/,203305.08,Первый,Вторичка
15200000.0,ВАО,33.0,6.0,9.0,0.0,1.0,https://www.cian.ru/sale/flat/300989405/,460606.06,Средний,Вторичка
13900000.0,ЗАО,62.3,2.0,9.0,0.0,3.0,https://www.cian.ru/sale/flat/300989457/,223113.96,Средний,Вторичка
57000000.0,СЗАО,105.0,36.0,36.0,0.0,4.0,https://www.cian.ru/sale/flat/300989808/,542857.14,Последний,Вторичка
50000000.0,ЮАО,97.0,34.0,46.0,0.0,4.0,https://www.cian.ru/sale/flat/300989897/,515463.92,Средний,Вторичка
52000000.0,ЗАО,139.0,3.0,22.0,0.0,4.0,https://www.cian.ru/sale/flat/300991643/,374100.72,Средний,Вторичка
37000000.0,СЗАО,115.0,2.0,42.0,0.0,4.0,https://www.cian.ru/sale/flat/301005976/,321739.13,Средний,Вторичка
20000000.0,ЗАО,67.0,5.0,9.0,0.0,4.0,https://www.cian.ru/sale/flat/301016139/,298507.46,Средний,Вторичка
140000000.0,ЦАО,167.5,5.0,6.0,0.0,4.0,https://www.cian.ru/sale/flat/301020277/,835820.9,Средний,Вторичка
75000000.0,ЦАО,131.5,13.0,24.0,0.0,4.0,https://www.cian.ru/sale/flat/301035347/,570342.21,Средний,Вторичка
355075420.0,ЦАО,210.0,5.0,6.0,0.0,4.0,https://www.cian.ru/sale/flat/301035457/,1690835.33,Средний,Вторичка
26000000.0,СВАО,96.9,1.0,5.0,0.0,4.0,https://www.cian.ru/sale/flat/301036479/,268317.85,Первый,Вторичка
300000000.0,ЦАО,202.0,4.0,9.0,0.0,4.0,https://www.cian.ru/sale/flat/301039807/,1485148.51,Средний,Вторичка
102316445.0,САО,132.1,22.0,41.0,1.0,4.0,https://www.cian.ru/sale/flat/301041418/,774537.81,Средний,Новостройка
111182375.0,САО,131.0,38.0,41.0,1.0,4.0,https://www.cian.ru/sale/flat/301041422/,848720.42,Средний,Новостройка
107276254.0,САО,132.1,38.0,41.0,1.0,4.0,https://www.cian.ru/sale/flat/301041432/,812083.68,Средний,Новостройка
89936196.0,САО,133.2,4.0,41.0,1.0,4.0,https://www.cian.ru/sale/flat/301041435/,675196.67,Средний,Новостройка
214729050.0,САО,197.0,40.0,41.0,1.0,4.0,https://www.cian.ru/sale/flat/301041540/,1089995.18,Средний,Новостройка
145566606.0,САО,131.9,39.0,40.0,1.0,4.0,https://www.cian.ru/sale/flat/301041560/,1103613.39,Средний,Новостройка
17570000.0,ЮАО,62.4,9.0,9.0,0.0,4.0,https://www.cian.ru/sale/flat/301042817/,281570.51,Последний,Вторичка
65000000.0,ЦАО,151.0,18.0,29.0,0.0,4.0,https://www.cian.ru/sale/flat/301045598/,430463.58,Средний,Вторичка
41785200.0,ЮЗАО,87.6,24.0,42.0,1.0,4.0,https://www.cian.ru/sale/flat/301046659/,477000.0,Средний,Новостройка
16000000.0,СЗАО,62.7,6.0,9.0,0.0,4.0,https://www.cian.ru/sale/flat/301046963/,255183.41,Средний,Вторичка
47660280.0,ЮЗАО,102.1,19.0,34.0,1.0,4.0,https://www.cian.ru/sale/flat/301047102/,466800.0,Средний,Новостройка
34400000.0,ЮВАО,115.2,21.0,25.0,0.0,4.0,https://www.cian.ru/sale/flat/301051968/,298611.11,Средний,Вторичка
100082519.0,ЮАО,155.04,1.0,1.0,1.0,4.0,https://www.cian.ru/sale/flat/301052498/,645527.08,Первый,Новостройка
25300000.0,САО,78.1,8.0,25.0,0.0,4.0,https://www.cian.ru/sale/flat/301054255/,323943.66,Средний,Вторичка
170000000.0,ЦАО,150.7,10.0,13.0,0.0,4.0,https://www.cian.ru/sale/flat/301061342/,1128069.01,Средний,Вторичка
211500000.0,ЦАО,184.0,3.0,6.0,0.0,4.0,https://www.cian.ru/sale/flat/301061414/,1149456.52,Средний,Вторичка
78000000.0,ЦАО,127.1,6.0,7.0,0.0,4.0,https://www.cian.ru/sale/flat/301064989/,613690.01,Средний,Вторичка
15500000.0,ВАО,63.0,4.0,9.0,0.0,4.0,https://www.cian.ru/sale/flat/301065204/,246031.75,Средний,Вторичка
55000000.0,СЗАО,129.0,37.0,40.0,0.0,4.0,https://www.cian.ru/sale/flat/301065795/,426356.59,Средний,Вторичка
165000000.0,ЦАО,185.0,5.0,7.0,0.0,4.0,https://www.cian.ru/sale/flat/301067143/,891891.89,Средний,Вторичка
119000000.0,ЦАО,168.9,4.0,6.0,0.0,4.0,https://www.cian.ru/sale/flat/301067687/,704558.91,Средний,Вторичка
106605097.0,ЮАО,144.2,6.0,6.0,1.0,4.0,https://www.cian.ru/sale/flat/301068246/,739286.39,Последний,Новостройка
42280840.0,ЮЗАО,88.9,27.0,34.0,1.0,4.0,https://www.cian.ru/sale/flat/301068513/,475600.0,Средний,Новостройка
16000000.0,СВАО,62.9,8.0,9.0,0.0,4.0,https://www.cian.ru/sale/flat/301068786/,254372.02,Средний,Вторичка
130000000.0,ЦАО,193.7,7.0,8.0,0.0,4.0,https://www.cian.ru/sale/flat/301075981/,671140.94,Средний,Вторичка
27000000.0,ВАО,85.4,1.0,5.0,0.0,4.0,https://www.cian.ru/sale/flat/301076479/,316159.25,Первый,Вторичка
36000000.0,ЦАО,90.4,2.0,10.0,0.0,4.0,https://www.cian.ru/sale/flat/301080368/,398230.09,Средний,Вторичка
15500000.0,ВАО,65.0,8.0,9.0,0.0,4.0,https://www.cian.ru/sale/flat/301084769/,238461.54,Средний,Вторичка
